metric,value
min,3.9661481423536316e-06
max,0.004836718086153269
mean,0.0011645400778896385
std,0.0006465024332539046
