metric,value
min,3.9661481423536316e-06
max,0.003936458379030228
mean,0.0009079667503110174
std,0.0006790899470677989
