metric,value
min,0.0006979978643357754
max,99.61834716796875
mean,24.46877052250463
std,33.709302559675315
