{
  "type": "FeatureCollection",
  "features": [
    {
      "type": "Feature",
      "geometry": {
        "type": "Polygon",
        "coordinates": [
          [
            [
              -121.80439952599141,
              45.08679454279908
            ],
            [
              -121.80439952599141,
              43.92745327412615
            ],
            [
              -120.30848931944885,
              43.92745327412615
            ],
            [
              -120.30848931944885,
              45.08679454279908
            ],
            [
              -121.80439952599141,
              45.08679454279908
            ],
            [
              -121.80439952599141,
              45.08679454279908
            ]
          ]
        ]
      },
      "properties": {
        "name": "User AOI",
        "export_date": "2026-01-28T10:28:18.970816",
        "vmrc_report": {
          "export_date": "2026-01-28T10:28:18.705602",
          "export_id": "c90ea0bf",
          "software": "VMRC Portal",
          "raster": {
            "name": "HSL2.5_DF_100_N_l.tif",
            "path": "D:\\VMRC_Project\\Data_Analysis!!\\Nov20\\HighStressMortality\\Douglas_Fir\\100\\l\\HSL2.5_DF_100_N_l.tif"
          },
          "context": {
            "mapType": "hsl",
            "species": "Douglas-fir",
            "month": "04",
            "condition": "Dry",
            "dfStress": "Low Stress",
            "coverPercent": "100",
            "hslCondition": "N",
            "hslClass": "l",
            "stats": {
              "min": 6.841764275122841e-07,
              "max": 99.62139892578125,
              "mean": 79.76099057923695,
              "std": 27.39750438445229,
              "count": 25297
            },
            "histogram": {
              "bins": [
                0,
                10,
                20,
                30,
                40,
                50,
                60,
                70,
                80,
                90,
                100
              ],
              "counts": [
                1539,
                409,
                469,
                497,
                523,
                684,
                1054,
                2189,
                4512,
                13421
              ],
              "percentages": [
                6.083725342926039,
                1.6167925050401235,
                1.8539747796181367,
                1.964659841087876,
                2.0674388267383486,
                2.7038779301893507,
                4.166501956753765,
                8.653199984187848,
                17.83610704826659,
                53.05372178519192
              ],
              "total_valid_pixels": 25297,
              "pixels_in_range": 25297
            },
            "bounds": [
              [
                43.919731366485316,
                -121.81546191920455
              ],
              [
                45.09473136643832,
                -120.29879525259855
              ]
            ],
            "pixelValues": [
              97.05075073242188,
              95.7329330444336,
              94.20489501953125,
              94.21798706054688,
              94.17687225341797,
              91.91620635986328,
              89.16657257080078,
              89.03815460205078,
              91.90925598144531,
              91.87873840332031,
              93.636962890625,
              93.76124572753906,
              91.77735137939453,
              91.70936584472656,
              91.10171508789062,
              93.58845520019531,
              90.81763458251953,
              93.21161651611328,
              93.19296264648438,
              93.3548812866211,
              95.38452911376953,
              93.59605407714844,
              91.23783111572266,
              91.29566955566406,
              86.60982513427734,
              86.70630645751953,
              92.0475082397461,
              96.88729095458984,
              97.02225494384766,
              97.13248443603516,
              97.11231231689453,
              96.0597915649414,
              95.94954681396484,
              95.94776916503906,
              97.09720611572266,
              95.90731048583984,
              97.9224624633789,
              97.91209411621094,
              98.6017074584961,
              99.2025146484375,
              99.34262084960938,
              99.26441955566406,
              99.25209045410156,
              99.43378448486328,
              99.43453979492188,
              99.53470611572266,
              99.56726837158203,
              99.56774139404297,
              99.55133819580078,
              99.57581329345703,
              99.58870697021484,
              99.58891296386719,
              99.59159851074219,
              99.57417297363281,
              99.5898666381836,
              99.60148620605469,
              99.60164642333984,
              99.60006713867188,
              99.59014892578125,
              99.59794616699219,
              99.58709716796875,
              99.58734130859375,
              99.49290466308594,
              99.5484848022461,
              99.59051513671875,
              99.607666015625,
              99.607666015625,
              99.58757781982422,
              99.54141235351562,
              99.55085754394531,
              99.55094146728516,
              99.54908752441406,
              99.41171264648438,
              99.33504486083984,
              99.51423645019531,
              99.50978088378906,
              99.42153930664062,
              99.44109344482422,
              99.0753173828125,
              98.40245819091797,
              98.47550964355469,
              99.40718078613281,
              99.44032287597656,
              99.45470428466797,
              99.46595001220703,
              99.46417999267578,
              99.54241180419922,
              99.6118392944336,
              99.61465454101562,
              99.61799621582031,
              99.62023162841797,
              99.60846710205078,
              99.61421203613281,
              99.61834716796875,
              99.6184310913086,
              99.61959075927734,
              99.62039947509766,
              99.62083435058594,
              99.61890411376953,
              99.6188735961914,
              99.62135314941406,
              99.62007141113281,
              99.6126480102539,
              99.6206283569336,
              99.62116241455078,
              99.61293029785156,
              99.51113891601562,
              99.31999206542969,
              99.48271942138672,
              99.58854675292969,
              99.62096405029297,
              99.62132263183594,
              99.62132263183594,
              99.62120056152344,
              99.62135314941406,
              99.62128448486328,
              99.62128448486328,
              99.6211166381836,
              99.6211166381836,
              99.62079620361328,
              99.62054443359375,
              99.61955261230469,
              99.61959075927734,
              99.61972045898438,
              99.62054443359375,
              99.62031555175781,
              99.620361328125,
              99.61962890625,
              99.61637115478516,
              99.6144027709961,
              99.62120056152344,
              99.62128448486328,
              99.62139892578125,
              99.62135314941406,
              99.62135314941406,
              99.62116241455078,
              99.6211166381836,
              99.6211166381836,
              99.62107849121094,
              99.62066650390625,
              99.61737823486328,
              99.5613784790039,
              99.5294418334961,
              99.51492309570312,
              99.5679702758789,
              99.6029281616211,
              99.60646057128906,
              99.60388946533203,
              99.5970230102539,
              99.57584381103516,
              99.5578842163086,
              99.4256820678711,
              99.24227905273438,
              99.28706359863281,
              99.308349609375,
              99.21076965332031,
              98.479248046875,
              0.00036497737164609134,
              99.55105590820312,
              99.55960845947266,
              99.51717376708984,
              99.51728820800781,
              99.51033782958984,
              99.54719543457031,
              99.47953796386719,
              99.43196868896484,
              99.39099884033203,
              98.89361572265625,
              99.36559295654297,
              99.42740631103516,
              99.53558349609375,
              99.56681823730469,
              99.6182632446289,
              99.62107849121094,
              99.607421875,
              99.61834716796875,
              99.61778259277344,
              99.62059020996094,
              99.62007141113281,
              99.61998748779297,
              97.98822784423828,
              97.12871551513672,
              97.76184844970703,
              95.86980438232422,
              94.11336517333984,
              91.96372985839844,
              88.73735046386719,
              92.0130615234375,
              91.97797393798828,
              91.95449829101562,
              91.80620574951172,
              88.75563049316406,
              88.73757934570312,
              91.45178985595703,
              93.64388275146484,
              90.46266174316406,
              92.91996002197266,
              92.81875610351562,
              92.8254165649414,
              96.69390106201172,
              97.68840789794922,
              97.71977996826172,
              96.62574005126953,
              96.73770141601562,
              90.6284408569336,
              91.99598693847656,
              92.39672088623047,
              94.91526794433594,
              94.9468994140625,
              97.1051025390625,
              97.98892211914062,
              98.03569793701172,
              95.86638641357422,
              93.38802337646484,
              90.98828887939453,
              95.47067260742188,
              95.47225952148438,
              98.04483032226562,
              98.95917510986328,
              99.20509338378906,
              99.21037292480469,
              99.36402130126953,
              99.43020629882812,
              99.50032806396484,
              99.5675048828125,
              99.56802368164062,
              99.54004669189453,
              99.53768157958984,
              99.54383087158203,
              99.50438690185547,
              99.51070404052734,
              99.57124328613281,
              99.5514907836914,
              99.54851531982422,
              99.56914520263672,
              99.56871032714844,
              99.60128021240234,
              99.59119415283203,
              99.5873031616211,
              99.58795166015625,
              99.59336853027344,
              99.5388412475586,
              99.5916748046875,
              99.53927612304688,
              99.53981018066406,
              99.56456756591797,
              99.55461883544922,
              99.58187866210938,
              99.56504821777344,
              99.56464385986328,
              99.52980041503906,
              99.50753021240234,
              99.3671646118164,
              99.25507354736328,
              99.24543762207031,
              99.36298370361328,
              99.34769439697266,
              99.362060546875,
              99.17634582519531,
              99.19307708740234,
              99.23895263671875,
              99.26879119873047,
              99.11236572265625,
              99.04639434814453,
              99.37088775634766,
              98.97930908203125,
              99.5124740600586,
              99.60252380371094,
              99.6026840209961,
              99.61653900146484,
              99.61785888671875,
              99.61617279052734,
              99.58822631835938,
              99.58738708496094,
              99.61429595947266,
              99.61898040771484,
              99.62079620361328,
              99.62039947509766,
              99.62039947509766,
              99.61990356445312,
              99.62132263183594,
              99.61962890625,
              99.61967468261719,
              99.6094741821289,
              99.62104797363281,
              99.56966400146484,
              99.54377746582031,
              99.54317474365234,
              99.48435974121094,
              99.61906433105469,
              99.62120056152344,
              99.62132263183594,
              99.62132263183594,
              99.62135314941406,
              99.62139892578125,
              99.62132263183594,
              99.62107849121094,
              99.62107849121094,
              99.62066650390625,
              99.62079620361328,
              99.62031555175781,
              99.61701965332031,
              99.61690521240234,
              99.62054443359375,
              99.61978912353516,
              99.61870574951172,
              99.61878967285156,
              99.61906433105469,
              99.6029281616211,
              99.61959075927734,
              99.62139892578125,
              99.62139892578125,
              99.62139892578125,
              99.62135314941406,
              99.62116241455078,
              99.62091064453125,
              99.62091064453125,
              99.62051391601562,
              99.62042999267578,
              99.619873046875,
              99.61429595947266,
              99.6144027709961,
              99.51394653320312,
              99.59172821044922,
              99.58891296386719,
              99.59304809570312,
              99.59440612792969,
              99.58765411376953,
              99.58903503417969,
              99.37088775634766,
              99.35688018798828,
              98.5186996459961,
              99.10755157470703,
              99.24510955810547,
              99.34442901611328,
              99.37164306640625,
              99.59774780273438,
              99.24407958984375,
              98.96514892578125,
              99.53791809082031,
              99.54205322265625,
              99.4338607788086,
              98.73320770263672,
              98.83837890625,
              98.90940856933594,
              99.49507904052734,
              99.05811309814453,
              99.17811584472656,
              99.55984497070312,
              99.58698272705078,
              99.58521270751953,
              99.5926513671875,
              99.61248016357422,
              99.60372924804688,
              99.56185150146484,
              99.54940032958984,
              99.61782836914062,
              99.61714172363281,
              99.61187744140625,
              99.6117935180664,
              98.4801025390625,
              98.48155975341797,
              97.80601501464844,
              95.83043670654297,
              91.99951934814453,
              88.9900131225586,
              88.89704895019531,
              88.48332214355469,
              91.8335952758789,
              88.64856719970703,
              88.62936401367188,
              91.49469757080078,
              91.43375396728516,
              87.1999740600586,
              87.1297378540039,
              90.5258560180664,
              92.46642303466797,
              94.65350341796875,
              92.93756103515625,
              96.57017517089844,
              95.13199615478516,
              97.55874633789062,
              98.08839416503906,
              96.420166015625,
              91.89216613769531,
              92.46630859375,
              94.87684631347656,
              95.52049255371094,
              95.67911529541016,
              95.82422637939453,
              97.08219146728516,
              97.15657806396484,
              97.17010498046875,
              94.27934265136719,
              98.1521987915039,
              96.01667785644531,
              97.18389129638672,
              97.99683380126953,
              98.57205200195312,
              98.57193756103516,
              99.36455535888672,
              99.45164489746094,
              99.5028305053711,
              99.58112335205078,
              99.5813217163086,
              99.5516586303711,
              99.57794189453125,
              99.56327056884766,
              99.56319427490234,
              99.57706451416016,
              99.44890594482422,
              99.33827209472656,
              99.35587310791016,
              99.36173248291016,
              99.4453125,
              99.49764251708984,
              99.58930969238281,
              99.5439453125,
              99.54510498046875,
              99.59027099609375,
              99.5907211303711,
              99.60220336914062,
              99.59320068359375,
              99.59332275390625,
              99.52787017822266,
              99.47046661376953,
              99.55551147460938,
              99.48617553710938,
              99.4871826171875,
              99.54084777832031,
              99.50953674316406,
              99.44591522216797,
              99.4436264038086,
              99.44671630859375,
              99.33938598632812,
              99.34278106689453,
              99.49115753173828,
              99.49193572998047,
              99.30644989013672,
              99.1808090209961,
              99.41712188720703,
              99.54053497314453,
              99.5450668334961,
              99.45050811767578,
              98.65721130371094,
              98.82588195800781,
              99.51764678955078,
              99.5185317993164,
              99.59317016601562,
              99.60260009765625,
              99.60689544677734,
              99.60677337646484,
              99.61287689208984,
              99.59581756591797,
              99.61031341552734,
              99.619873046875,
              99.619873046875,
              99.62051391601562,
              99.61421203613281,
              99.62132263183594,
              99.62132263183594,
              99.62132263183594,
              99.61785888671875,
              99.62139892578125,
              99.6209945678711,
              99.5615005493164,
              99.56101989746094,
              99.52960968017578,
              99.54093170166016,
              99.61299896240234,
              99.62079620361328,
              99.62079620361328,
              99.62135314941406,
              99.62116241455078,
              99.6211166381836,
              99.6211166381836,
              99.62107849121094,
              99.61774444580078,
              99.61946868896484,
              99.62010955810547,
              99.62010955810547,
              99.61690521240234,
              99.619384765625,
              99.61943817138672,
              99.61405181884766,
              99.61417388916016,
              99.61284637451172,
              99.61628723144531,
              99.61742401123047,
              99.62039947509766,
              99.620361328125,
              99.62132263183594,
              99.62135314941406,
              99.62116241455078,
              99.62116241455078,
              99.62116241455078,
              99.61998748779297,
              99.61878967285156,
              99.6181869506836,
              99.61822509765625,
              99.62031555175781,
              99.607421875,
              99.43852233886719,
              99.6102294921875,
              99.61051940917969,
              99.60356140136719,
              99.58822631835938,
              99.59770965576172,
              99.52667999267578,
              0.000451755418907851,
              99.26382446289062,
              95.02194213867188,
              97.8873519897461,
              99.10997772216797,
              99.15497589111328,
              99.36652374267578,
              99.59577941894531,
              99.53309631347656,
              99.10270690917969,
              99.10298919677734,
              97.49191284179688,
              96.92949676513672,
              94.47151947021484,
              98.94144439697266,
              98.39830017089844,
              98.46778869628906,
              99.08293151855469,
              99.39187622070312,
              99.50101470947266,
              99.37936401367188,
              99.53221893310547,
              99.60179901123047,
              99.58666229248047,
              99.58814239501953,
              99.44317626953125,
              99.59646606445312,
              99.61392211914062,
              99.57899475097656,
              99.5792236328125,
              99.53718566894531,
              99.30854797363281,
              98.54877471923828,
              97.08956146240234,
              95.82099914550781,
              95.78939819335938,
              94.27989196777344,
              94.1877212524414,
              95.78339385986328,
              94.02740478515625,
              93.93228912353516,
              91.47959899902344,
              87.53694915771484,
              86.92989349365234,
              86.6299057006836,
              86.74982452392578,
              93.16324615478516,
              94.66006469726562,
              94.48292541503906,
              94.65950775146484,
              89.84747314453125,
              96.555419921875,
              96.56041717529297,
              95.43379974365234,
              95.66293334960938,
              96.82962036132812,
              97.18753814697266,
              95.92198944091797,
              95.49296569824219,
              95.2851791381836,
              95.90928649902344,
              95.9966812133789,
              97.23541259765625,
              98.55470275878906,
              98.94233703613281,
              99.18214416503906,
              98.5670394897461,
              98.56663513183594,
              98.56683349609375,
              99.21699523925781,
              99.22073364257812,
              99.35166931152344,
              99.50202941894531,
              99.55390167236328,
              99.56722259521484,
              99.5782241821289,
              99.56810760498047,
              99.5782241821289,
              99.58504486083984,
              99.54185485839844,
              99.5408935546875,
              99.38311767578125,
              99.27039337158203,
              99.2470474243164,
              99.228515625,
              99.44100952148438,
              99.49459075927734,
              99.43750762939453,
              99.44029235839844,
              99.5454330444336,
              99.5733642578125,
              99.59066772460938,
              99.59207916259766,
              99.59181213378906,
              99.58666229248047,
              99.56185150146484,
              99.5611343383789,
              99.56352233886719,
              99.53987884521484,
              99.43353271484375,
              99.49402618408203,
              99.47167205810547,
              99.4690933227539,
              99.52686309814453,
              99.55307006835938,
              99.49250030517578,
              99.5449447631836,
              99.54438018798828,
              99.41242218017578,
              99.36490631103516,
              99.49141693115234,
              99.4964370727539,
              99.39724731445312,
              99.38626098632812,
              0.0013799701118841767,
              98.3789291381836,
              98.28255462646484,
              98.03121948242188,
              99.55133819580078,
              99.5512924194336,
              99.50717163085938,
              99.50784301757812,
              99.59199523925781,
              99.61019897460938,
              99.61894989013672,
              99.61822509765625,
              99.61822509765625,
              99.61894989013672,
              99.61726379394531,
              99.62096405029297,
              99.62132263183594,
              99.62132263183594,
              99.6212387084961,
              99.62002563476562,
              99.62139892578125,
              99.62139892578125,
              99.62120056152344,
              99.57717895507812,
              99.59999084472656,
              99.58846282958984,
              99.588623046875,
              99.59674072265625,
              99.61613464355469,
              99.61834716796875,
              99.6187515258789,
              99.6187515258789,
              99.61959075927734,
              99.6186294555664,
              99.61822509765625,
              99.61983489990234,
              99.61983489990234,
              99.6168212890625,
              99.61678314208984,
              99.62039947509766,
              99.61685180664062,
              99.61693572998047,
              99.60308837890625,
              99.58421325683594,
              99.61241149902344,
              99.61248016357422,
              99.61898040771484,
              99.62066650390625,
              99.62051391601562,
              99.62116241455078,
              99.62116241455078,
              99.62116241455078,
              99.62054443359375,
              99.62042999267578,
              99.62027740478516,
              99.62031555175781,
              99.61697387695312,
              99.61248016357422,
              99.51519775390625,
              99.42190551757812,
              99.40298461914062,
              99.61256408691406,
              99.6126480102539,
              99.57613372802734,
              99.58368682861328,
              99.58560943603516,
              99.46533203125,
              98.14579010009766,
              92.12576293945312,
              92.12520599365234,
              98.07662963867188,
              99.27982330322266,
              98.24215698242188,
              99.5843734741211,
              99.58549499511719,
              99.53092956542969,
              95.41232299804688,
              92.18132019042969,
              97.33744049072266,
              97.2995376586914,
              98.3780746459961,
              97.80451965332031,
              98.82181549072266,
              98.81480407714844,
              98.80779266357422,
              98.66058349609375,
              99.18465423583984,
              99.53972625732422,
              99.46517944335938,
              99.47235870361328,
              99.23190307617188,
              98.90203094482422,
              99.42387390136719,
              99.39425659179688,
              99.39981842041016,
              99.49957275390625,
              99.55607604980469,
              98.82758331298828,
              98.84141540527344,
              98.54881286621094,
              98.51988983154297,
              97.07495880126953,
              95.8504638671875,
              95.78724670410156,
              95.68643188476562,
              93.78312683105469,
              91.20921325683594,
              77.5860595703125,
              82.94454193115234,
              82.13560485839844,
              86.77176666259766,
              86.9686279296875,
              90.60411834716797,
              93.08332824707031,
              92.61516571044922,
              89.52985382080078,
              94.7861099243164,
              98.31749725341797,
              97.72958374023438,
              97.8022232055664,
              97.61197662353516,
              97.99598693847656,
              97.77672576904297,
              95.54793548583984,
              96.12073516845703,
              94.78827667236328,
              93.67498779296875,
              95.77108001708984,
              95.95417022705078,
              97.21286010742188,
              99.09246826171875,
              99.46521759033203,
              99.19263458251953,
              99.18975830078125,
              98.65530395507812,
              98.91633605957031,
              99.22637939453125,
              99.52582550048828,
              99.52694702148438,
              99.58372497558594,
              99.5675048828125,
              99.56432342529297,
              99.56396484375,
              99.50885009765625,
              99.58546447753906,
              99.55426788330078,
              99.50868225097656,
              99.50921630859375,
              99.36959075927734,
              98.81407928466797,
              99.22759246826172,
              99.2025146484375,
              99.22738647460938,
              99.39905548095703,
              99.5465087890625,
              99.57364654541016,
              99.60123443603516,
              99.58657836914062,
              99.54120635986328,
              99.50419616699219,
              99.57083129882812,
              99.56169128417969,
              99.59159851074219,
              99.54875946044922,
              99.33938598632812,
              99.49091339111328,
              99.51376342773438,
              99.5388412475586,
              99.50865173339844,
              99.56597900390625,
              99.54362487792969,
              99.53800201416016,
              99.534423828125,
              99.57955932617188,
              99.47067260742188,
              99.4436264038086,
              99.53437805175781,
              99.5111083984375,
              99.026611328125,
              99.17546844482422,
              99.25740814208984,
              99.22879791259766,
              99.23210906982422,
              99.09968566894531,
              99.57533264160156,
              99.59152221679688,
              99.59219360351562,
              99.57247924804688,
              99.5975112915039,
              99.61890411376953,
              99.61228942871094,
              99.6144027709961,
              99.61802673339844,
              99.6180648803711,
              99.62059020996094,
              99.62079620361328,
              99.62120056152344,
              99.62132263183594,
              99.62132263183594,
              99.62132263183594,
              99.62132263183594,
              99.62135314941406,
              99.61753845214844,
              99.58831024169922,
              99.59332275390625,
              99.59449005126953,
              99.56024932861328,
              99.6206283569336,
              99.61903381347656,
              99.61705780029297,
              99.61710357666016,
              99.59911346435547,
              99.60697937011719,
              99.60325622558594,
              99.60289001464844,
              99.6186294555664,
              99.61914825439453,
              99.6156997680664,
              99.6206283569336,
              99.6206283569336,
              99.6195068359375,
              99.60289001464844,
              99.56250762939453,
              99.59244537353516,
              99.59272766113281,
              99.59553527832031,
              99.61592864990234,
              99.62014770507812,
              99.62031555175781,
              99.620361328125,
              99.62066650390625,
              99.6211166381836,
              99.62107849121094,
              99.6209945678711,
              99.6209945678711,
              99.61943817138672,
              99.61448669433594,
              99.6127700805664,
              99.61312103271484,
              99.5205078125,
              99.47467803955078,
              99.61241149902344,
              99.57196044921875,
              99.57320404052734,
              99.36410522460938,
              99.30045318603516,
              99.28768157958984,
              97.44380950927734,
              96.17998504638672,
              92.644775390625,
              98.89651489257812,
              99.43932342529297,
              98.48416137695312,
              98.58245849609375,
              99.6064224243164,
              99.61096954345703,
              96.91202545166016,
              95.97743225097656,
              95.5499267578125,
              99.2313461303711,
              99.1019058227539,
              99.54434967041016,
              99.54615020751953,
              99.55755615234375,
              99.49391174316406,
              98.6119155883789,
              99.32135009765625,
              99.31293487548828,
              99.29141998291016,
              99.2060775756836,
              99.08612823486328,
              99.32630920410156,
              99.33064270019531,
              99.32848358154297,
              99.19200134277344,
              99.35649871826172,
              99.42852783203125,
              97.89849853515625,
              97.9128189086914,
              98.51932525634766,
              97.89738464355469,
              97.02009582519531,
              95.751708984375,
              95.72139739990234,
              93.83717346191406,
              87.35037994384766,
              82.38719177246094,
              82.55658721923828,
              82.74856567382812,
              87.67029571533203,
              91.07942199707031,
              90.97075653076172,
              91.25251007080078,
              91.26226043701172,
              93.55682373046875,
              93.35134887695312,
              96.59253692626953,
              96.53751373291016,
              98.13430786132812,
              98.10688781738281,
              96.88182830810547,
              97.88298797607422,
              97.977783203125,
              97.42583465576172,
              94.83195495605469,
              93.38529968261719,
              95.35594940185547,
              95.60741424560547,
              95.95630645751953,
              98.03495788574219,
              99.12507629394531,
              99.30943298339844,
              99.30936431884766,
              99.19252014160156,
              99.02650451660156,
              99.02613830566406,
              99.02974700927734,
              99.16868591308594,
              99.53426361083984,
              99.56021118164062,
              99.57842254638672,
              99.57870483398438,
              99.5792236328125,
              99.54273986816406,
              99.57135772705078,
              99.46393585205078,
              99.4618148803711,
              99.33203125,
              99.21183013916016,
              97.96015167236328,
              98.79015350341797,
              98.82170867919922,
              98.52021026611328,
              99.34119415283203,
              99.54515075683594,
              99.54692077636719,
              99.58906555175781,
              99.43607330322266,
              99.11646270751953,
              99.1320571899414,
              99.15071868896484,
              99.54663848876953,
              99.52381896972656,
              99.47644805908203,
              99.46027374267578,
              99.4548110961914,
              99.49104309082031,
              99.60469818115234,
              99.57994842529297,
              99.52478790283203,
              99.5255126953125,
              99.51033782958984,
              99.52233123779297,
              99.50338745117188,
              99.45782470703125,
              99.34873962402344,
              99.53353881835938,
              99.40396881103516,
              99.05516815185547,
              99.06719970703125,
              97.81784057617188,
              99.23116302490234,
              99.17678833007812,
              94.80148315429688,
              94.452392578125,
              98.84635925292969,
              99.44371032714844,
              99.59119415283203,
              99.6123275756836,
              99.57112121582031,
              99.6065444946289,
              99.6118392944336,
              99.61080169677734,
              99.61866760253906,
              99.6188735961914,
              99.6211166381836,
              99.62107849121094,
              99.6209945678711,
              99.62139892578125,
              99.62135314941406,
              99.62135314941406,
              99.62071228027344,
              99.5888671875,
              99.59320068359375,
              99.61043548583984,
              99.55049133300781,
              99.57505798339844,
              99.619873046875,
              99.60368347167969,
              99.61778259277344,
              99.61778259277344,
              99.61143493652344,
              99.6113510131836,
              99.61802673339844,
              99.6125259399414,
              99.61417388916016,
              99.6186294555664,
              99.6186294555664,
              99.62023162841797,
              99.62104797363281,
              99.62027740478516,
              99.6064224243164,
              99.60285186767578,
              99.6030044555664,
              99.54642486572266,
              99.59504699707031,
              99.61761474609375,
              99.62079620361328,
              99.62088012695312,
              99.62079620361328,
              99.62031555175781,
              99.61983489990234,
              99.61978912353516,
              99.6209945678711,
              99.62091064453125,
              99.60922241210938,
              99.61103820800781,
              99.61124420166016,
              99.59091186523438,
              99.41374969482422,
              99.51010131835938,
              99.59164428710938,
              99.59211730957031,
              99.28865051269531,
              98.98143768310547,
              99.14398193359375,
              98.6455307006836,
              98.60086059570312,
              92.59785461425781,
              93.94375610351562,
              99.08654022216797,
              96.38301849365234,
              99.12116241455078,
              98.12322998046875,
              99.59693908691406,
              99.6163330078125,
              99.58380126953125,
              96.21834564208984,
              99.21129608154297,
              99.51178741455078,
              98.39148712158203,
              98.35713958740234,
              99.32119750976562,
              99.58529663085938,
              99.5550308227539,
              99.48661041259766,
              99.4855728149414,
              99.48758697509766,
              99.32710266113281,
              99.248779296875,
              99.54843139648438,
              99.54965209960938,
              99.53872680664062,
              99.534912109375,
              99.5393295288086,
              99.27007293701172,
              99.27734375,
              97.8407974243164,
              97.92591094970703,
              96.94261169433594,
              95.5498046875,
              90.86174011230469,
              91.15631866455078,
              91.42467498779297,
              87.68400573730469,
              87.45891571044922,
              87.04631042480469,
              90.70407104492188,
              87.68089294433594,
              91.30699920654297,
              93.9826431274414,
              94.03866577148438,
              93.28030395507812,
              93.43417358398438,
              94.13221740722656,
              91.40956115722656,
              91.06678771972656,
              96.61653900146484,
              94.7518310546875,
              94.54548645019531,
              96.21270751953125,
              96.42578887939453,
              96.44792938232422,
              94.7688217163086,
              95.2291259765625,
              95.24677276611328,
              95.69589233398438,
              97.00952911376953,
              97.110595703125,
              98.56086730957031,
              98.59144592285156,
              98.96173095703125,
              99.37200927734375,
              99.37225341796875,
              99.24708557128906,
              99.24483489990234,
              98.99933624267578,
              99.3878173828125,
              99.52751159667969,
              99.56475830078125,
              99.56517791748047,
              99.58485412597656,
              99.5955810546875,
              99.585693359375,
              99.58609771728516,
              99.60128021240234,
              99.31591033935547,
              98.8982162475586,
              99.20748138427734,
              99.17586517333984,
              98.32911682128906,
              99.05919647216797,
              99.0920639038086,
              99.232666015625,
              99.23500061035156,
              99.35587310791016,
              99.43887329101562,
              99.31465911865234,
              99.24857330322266,
              99.25808715820312,
              99.32597351074219,
              99.31647491455078,
              98.39164733886719,
              98.45541381835938,
              98.44623565673828,
              97.35482788085938,
              98.78699493408203,
              99.394775390625,
              99.38560485839844,
              99.3894271850586,
              99.50495147705078,
              99.44618225097656,
              99.2768783569336,
              99.28179931640625,
              99.34407043457031,
              99.46341705322266,
              99.53723907470703,
              99.40957641601562,
              99.42684173583984,
              98.98014831542969,
              96.78245544433594,
              92.28397369384766,
              97.8437271118164,
              97.67879486083984,
              98.95909118652344,
              98.90868377685547,
              99.04522705078125,
              99.0452651977539,
              99.0005111694336,
              99.36214447021484,
              99.2499771118164,
              99.51053619384766,
              99.50776672363281,
              99.5608139038086,
              99.61360931396484,
              99.62047576904297,
              99.62107849121094,
              99.62107849121094,
              99.62091064453125,
              99.62139892578125,
              99.62116241455078,
              99.61287689208984,
              99.61333465576172,
              99.61051940917969,
              99.61408996582031,
              99.56549072265625,
              99.60368347167969,
              99.60380554199219,
              99.61160278320312,
              99.60963439941406,
              99.61151885986328,
              99.6113510131836,
              99.6158218383789,
              99.61705780029297,
              99.60979461669922,
              99.61882019042969,
              99.61878967285156,
              99.61802673339844,
              99.62071228027344,
              99.62107849121094,
              99.619384765625,
              99.619384765625,
              99.59135437011719,
              99.58971405029297,
              99.57991027832031,
              99.6158218383789,
              99.62027740478516,
              99.62107849121094,
              99.62083435058594,
              99.62010955810547,
              99.6186294555664,
              99.61983489990234,
              99.62007141113281,
              99.6188735961914,
              99.62054443359375,
              99.6091079711914,
              99.55937194824219,
              99.42859649658203,
              99.43470001220703,
              99.43607330322266,
              99.42487335205078,
              99.56492614746094,
              99.45661926269531,
              98.52430725097656,
              98.71073150634766,
              96.55322265625,
              97.20289611816406,
              95.90531921386719,
              92.28846740722656,
              93.9593276977539,
              93.57257843017578,
              90.27047729492188,
              98.79711151123047,
              98.72727966308594,
              99.61187744140625,
              99.61164093017578,
              99.35581970214844,
              95.99618530273438,
              99.47532653808594,
              98.65943145751953,
              91.46666717529297,
              91.11520385742188,
              88.8733139038086,
              99.435546875,
              99.45059204101562,
              99.21739196777344,
              99.37055969238281,
              99.36822509765625,
              99.46372985839844,
              98.97105407714844,
              98.81868743896484,
              99.30757141113281,
              99.553466796875,
              99.55329895019531,
              99.34007263183594,
              99.34744262695312,
              99.43490600585938,
              96.92064666748047,
              96.87305450439453,
              95.51065826416016,
              96.86836242675781,
              93.72766876220703,
              93.76558685302734,
              91.00935363769531,
              82.9790267944336,
              91.00067901611328,
              87.02052307128906,
              90.9215316772461,
              87.57573699951172,
              91.4462890625,
              91.0525894165039,
              93.81678009033203,
              93.73263549804688,
              92.64454650878906,
              92.84628295898438,
              92.83936309814453,
              92.50318145751953,
              95.52629852294922,
              95.52101135253906,
              97.31719207763672,
              95.43560028076172,
              95.45977783203125,
              94.7614974975586,
              95.07954406738281,
              95.2096176147461,
              97.1599349975586,
              97.2391128540039,
              97.12749481201172,
              97.91950988769531,
              97.93885040283203,
              98.95024108886719,
              99.25157165527344,
              99.52892303466797,
              99.5283203125,
              99.5263900756836,
              99.373779296875,
              99.0033950805664,
              99.46735382080078,
              99.46906280517578,
              99.52184295654297,
              99.55611419677734,
              99.59954833984375,
              99.58633422851562,
              99.58633422851562,
              99.55703735351562,
              99.60188293457031,
              98.9322280883789,
              97.32845306396484,
              97.35885620117188,
              98.63812255859375,
              98.83737182617188,
              98.81035614013672,
              99.0821304321289,
              99.0943603515625,
              99.3781509399414,
              99.45907592773438,
              99.50729370117188,
              99.5090103149414,
              99.51113891601562,
              99.3242416381836,
              99.44938659667969,
              99.43148803710938,
              99.42404174804688,
              98.04438018798828,
              97.24275970458984,
              97.25981140136719,
              97.33300018310547,
              97.31002044677734,
              98.57510375976562,
              99.10082244873047,
              99.43587493896484,
              99.43875885009766,
              99.43816375732422,
              99.2700424194336,
              99.46493530273438,
              99.5271987915039,
              99.53534698486328,
              99.54840087890625,
              99.51057434082031,
              99.2317886352539,
              98.44396209716797,
              98.40882873535156,
              97.50126647949219,
              99.24560546875,
              98.85671997070312,
              98.82661437988281,
              98.78734588623047,
              98.60353088378906,
              99.10065460205078,
              98.96891021728516,
              98.99581909179688,
              98.94184112548828,
              99.42222595214844,
              99.57183837890625,
              99.61605072021484,
              99.61955261230469,
              99.61955261230469,
              99.61878967285156,
              99.619873046875,
              99.62079620361328,
              99.62079620361328,
              99.61890411376953,
              99.56105041503906,
              99.60697937011719,
              99.6127700805664,
              99.61296081542969,
              99.5996322631836,
              99.58650207519531,
              99.6036148071289,
              99.60488891601562,
              99.60476684570312,
              99.59526062011719,
              99.61814880371094,
              99.61701965332031,
              99.61224365234375,
              99.6121597290039,
              99.6209945678711,
              99.62075805664062,
              99.62059020996094,
              99.61669921875,
              99.61678314208984,
              99.60649871826172,
              99.6119613647461,
              99.6156997680664,
              99.61573791503906,
              99.61573791503906,
              99.62027740478516,
              99.62083435058594,
              99.62075805664062,
              99.62075805664062,
              99.61978912353516,
              99.61678314208984,
              99.61705780029297,
              99.60179901123047,
              99.60240173339844,
              99.53987884521484,
              99.5518569946289,
              99.37726593017578,
              99.45497131347656,
              99.4577865600586,
              99.47271728515625,
              99.46726989746094,
              97.89203643798828,
              97.49217987060547,
              97.50959014892578,
              94.25477600097656,
              97.15506744384766,
              92.76569366455078,
              92.47071075439453,
              95.19770050048828,
              85.95301055908203,
              86.45279693603516,
              98.97489166259766,
              99.02179718017578,
              99.32485961914062,
              99.59762573242188,
              99.21598052978516,
              95.59371948242188,
              94.91395568847656,
              90.95310974121094,
              90.78231811523438,
              90.93817138671875,
              91.49871063232422,
              98.85224151611328,
              99.326171875,
              98.61018371582031,
              92.16609954833984,
              98.09513092041016,
              98.14730072021484,
              98.79420471191406,
              98.80787658691406,
              99.11124420166016,
              99.46424865722656,
              99.46554565429688,
              99.28904724121094,
              99.51555633544922,
              99.45747375488281,
              95.35066223144531,
              96.79723358154297,
              96.81900787353516,
              95.54203796386719,
              95.64383697509766,
              97.0455551147461,
              97.04830932617188,
              91.43553161621094,
              91.29134368896484,
              88.03257751464844,
              88.11547088623047,
              88.32051086425781,
              90.85494232177734,
              82.38426208496094,
              82.94300079345703,
              89.74258422851562,
              90.05901336669922,
              90.20816802978516,
              92.95587158203125,
              94.93892669677734,
              96.33656311035156,
              95.84463500976562,
              97.9893798828125,
              96.85841369628906,
              93.56717681884766,
              93.69184112548828,
              91.25858306884766,
              94.06333923339844,
              97.99822235107422,
              97.96603393554688,
              98.5238265991211,
              99.19001007080078,
              98.91622161865234,
              99.24713134765625,
              99.3781509399414,
              99.52952575683594,
              99.52892303466797,
              99.55068969726562,
              99.52742767333984,
              99.37654876708984,
              99.60063934326172,
              99.58416748046875,
              99.58123779296875,
              99.55455017089844,
              99.50238800048828,
              99.60384368896484,
              99.59951782226562,
              99.58641815185547,
              99.51620483398438,
              99.54454803466797,
              99.3051528930664,
              98.84274291992188,
              99.09652709960938,
              99.1254653930664,
              99.11666870117188,
              97.90179443359375,
              98.52222442626953,
              99.25692749023438,
              94.96682739257812,
              95.0342025756836,
              97.6082534790039,
              99.10591125488281,
              99.44418334960938,
              98.72407531738281,
              98.73725891113281,
              97.73600769042969,
              93.693359375,
              93.36927032470703,
              93.41870880126953,
              96.20915985107422,
              98.12696838378906,
              98.87843322753906,
              99.50833129882812,
              99.51190948486328,
              99.50049591064453,
              99.5205078125,
              99.51849365234375,
              99.42552185058594,
              99.42700958251953,
              99.50973510742188,
              99.36273956298828,
              99.52055358886719,
              99.55036926269531,
              99.54405975341797,
              99.4850845336914,
              99.4159927368164,
              99.30924224853516,
              99.29496002197266,
              99.31999206542969,
              98.6756591796875,
              98.60503387451172,
              98.30249786376953,
              98.32147216796875,
              98.95836639404297,
              98.83753967285156,
              99.09811401367188,
              99.58301544189453,
              99.5826416015625,
              99.6175765991211,
              99.6195068359375,
              99.6211166381836,
              99.62107849121094,
              99.62107849121094,
              99.61737823486328,
              99.60734558105469,
              99.6104736328125,
              99.59923553466797,
              99.59850311279297,
              99.61380004882812,
              99.60581970214844,
              99.56745147705078,
              99.58560943603516,
              99.58534240722656,
              99.56521606445312,
              99.60235595703125,
              99.6156997680664,
              99.61561584472656,
              99.61972045898438,
              99.62002563476562,
              99.62104797363281,
              99.62083435058594,
              99.62083435058594,
              99.62027740478516,
              99.61673736572266,
              99.61666107177734,
              99.61846160888672,
              99.61846160888672,
              99.6180648803711,
              99.61573791503906,
              99.6184310913086,
              99.62039947509766,
              99.62039947509766,
              99.62027740478516,
              99.60975646972656,
              99.585693359375,
              99.592041015625,
              99.59256744384766,
              99.57437133789062,
              99.5980224609375,
              99.5826416015625,
              99.58489227294922,
              99.46890258789062,
              99.55052185058594,
              99.40371704101562,
              98.7022705078125,
              98.70185852050781,
              95.3641128540039,
              91.67142486572266,
              91.73101806640625,
              92.4826889038086,
              92.22075653076172,
              92.20426940917969,
              88.79058837890625,
              70.83223724365234,
              94.15929412841797,
              94.445068359375,
              98.8785629272461,
              99.2576904296875,
              99.60633850097656,
              98.02397918701172,
              97.94490051269531,
              95.14863586425781,
              95.4461669921875,
              87.37906646728516,
              90.80583953857422,
              84.81267547607422,
              98.4311294555664,
              98.97123718261719,
              98.0887680053711,
              88.0119400024414,
              82.37360382080078,
              94.67613220214844,
              96.53057098388672,
              98.77181243896484,
              98.79338836669922,
              99.09718322753906,
              98.91070556640625,
              99.11845397949219,
              99.41405487060547,
              99.41222381591797,
              93.38656616210938,
              93.16726684570312,
              93.48084259033203,
              96.9908676147461,
              95.70590209960938,
              95.83413696289062,
              94.28370666503906,
              88.69607543945312,
              88.76289367675781,
              88.84232330322266,
              88.90933227539062,
              89.08834838867188,
              91.14317321777344,
              91.4720687866211,
              91.48877716064453,
              88.06019592285156,
              92.8578109741211,
              93.97351837158203,
              93.94551849365234,
              93.9328384399414,
              93.8191146850586,
              95.92906188964844,
              95.88825988769531,
              95.59297180175781,
              95.45426940917969,
              91.11630249023438,
              91.1051025390625,
              91.41427612304688,
              97.22279357910156,
              97.30279541015625,
              98.59652709960938,
              99.22352600097656,
              99.20203399658203,
              99.20675659179688,
              99.522216796875,
              99.53694915771484,
              99.56974792480469,
              99.5064926147461,
              99.50587463378906,
              99.50343322753906,
              99.59224700927734,
              99.58192443847656,
              99.58594512939453,
              99.58613586425781,
              99.46570587158203,
              99.60148620605469,
              99.5785903930664,
              99.54827880859375,
              99.3683090209961,
              99.5142822265625,
              99.54170227050781,
              99.46240997314453,
              99.10331726074219,
              99.38931274414062,
              99.0855712890625,
              97.1034927368164,
              92.52606201171875,
              95.95777893066406,
              88.60426330566406,
              80.5768814086914,
              89.77330017089844,
              96.97776794433594,
              90.91422271728516,
              93.36431121826172,
              93.38418579101562,
              89.2796401977539,
              82.96260833740234,
              81.57926177978516,
              83.89111328125,
              88.50186157226562,
              96.25409698486328,
              99.576904296875,
              99.57930755615234,
              99.58650207519531,
              99.53993225097656,
              99.5520248413086,
              99.44342041015625,
              99.45453643798828,
              99.51158905029297,
              99.52042388916016,
              99.51982116699219,
              99.55828857421875,
              99.50978088378906,
              99.54414367675781,
              99.3595199584961,
              99.4692153930664,
              99.47058868408203,
              99.38036346435547,
              99.16383361816406,
              98.95003509521484,
              97.29015350341797,
              97.15239715576172,
              99.10897064208984,
              98.8228530883789,
              98.58378601074219,
              99.5752944946289,
              99.57381439208984,
              99.57135772705078,
              99.6179428100586,
              99.61943817138672,
              99.62075805664062,
              99.62075805664062,
              99.61882019042969,
              99.60248565673828,
              99.61866760253906,
              99.61866760253906,
              99.61164093017578,
              99.59918975830078,
              99.59123992919922,
              99.59915161132812,
              99.59947204589844,
              99.53599548339844,
              99.56517791748047,
              99.51536560058594,
              99.59164428710938,
              99.59107971191406,
              99.60934448242188,
              99.61546325683594,
              99.62002563476562,
              99.62023162841797,
              99.62023162841797,
              99.6184310913086,
              99.61846160888672,
              99.6180648803711,
              99.6184310913086,
              99.6184310913086,
              99.61846160888672,
              99.6180648803711,
              99.61846160888672,
              99.6184310913086,
              99.61837768554688,
              99.6184310913086,
              99.60235595703125,
              99.57351684570312,
              99.57477569580078,
              99.51941680908203,
              99.58296203613281,
              99.54933166503906,
              99.58930969238281,
              99.59011840820312,
              99.556396484375,
              99.59048461914062,
              99.48038482666016,
              99.03068542480469,
              98.98173522949219,
              97.5591049194336,
              92.88947296142578,
              90.04087829589844,
              84.67122650146484,
              85.40984344482422,
              85.1884994506836,
              90.06636047363281,
              83.23897552490234,
              87.15742492675781,
              87.90652465820312,
              98.0654067993164,
              95.9100112915039,
              99.5667724609375,
              99.56999206542969,
              99.59649658203125,
              95.9102783203125,
              97.66041564941406,
              89.73683166503906,
              94.20663452148438,
              83.130615234375,
              84.9817123413086,
              98.54179382324219,
              95.58612823486328,
              84.09505462646484,
              78.18318176269531,
              68.89759826660156,
              65.04916381835938,
              93.13214111328125,
              93.24466705322266,
              97.99169921875,
              99.11870574951172,
              98.88555145263672,
              98.41671752929688,
              98.38473510742188,
              97.85767364501953,
              93.67345428466797,
              93.66670227050781,
              95.53645324707031,
              95.5359878540039,
              95.66951751708984,
              95.80036163330078,
              89.0440444946289,
              84.74618530273438,
              84.96248626708984,
              85.23255157470703,
              88.23011779785156,
              85.59599304199219,
              95.14318084716797,
              95.15231323242188,
              95.15096282958984,
              95.14322662353516,
              95.05268859863281,
              95.79493713378906,
              95.83318328857422,
              96.10125732421875,
              97.0859375,
              95.61537170410156,
              95.5241470336914,
              97.13162994384766,
              93.63803100585938,
              94.18147277832031,
              90.8641586303711,
              91.25719451904297,
              92.62249755859375,
              97.21282196044922,
              98.95732116699219,
              99.20439910888672,
              99.20952606201172,
              99.36322784423828,
              99.56169128417969,
              99.53041076660156,
              99.57035064697266,
              99.56971740722656,
              99.57942962646484,
              99.44902801513672,
              99.50965118408203,
              99.50965118408203,
              99.51042175292969,
              99.3783950805664,
              99.56999206542969,
              99.58636474609375,
              99.58549499511719,
              99.49776458740234,
              98.8230972290039,
              99.38584899902344,
              99.51628112792969,
              99.5186996459961,
              99.38020324707031,
              99.38516235351562,
              99.20516204833984,
              98.63482666015625,
              98.65048217773438,
              98.79436492919922,
              94.21589660644531,
              73.84463500976562,
              73.64814758300781,
              73.71710205078125,
              86.13983917236328,
              88.58428955078125,
              85.82854461669922,
              85.33576202392578,
              80.04844665527344,
              77.4774169921875,
              85.04326629638672,
              89.7163314819336,
              89.86223602294922,
              99.1498794555664,
              99.59999084472656,
              99.6003189086914,
              99.55032348632812,
              99.55040740966797,
              99.38452911376953,
              99.23505401611328,
              99.38642120361328,
              99.47129821777344,
              94.17375183105469,
              99.32557678222656,
              99.5465087890625,
              99.50792694091797,
              99.40809631347656,
              99.41932678222656,
              99.26863098144531,
              99.47246551513672,
              99.26834869384766,
              98.96907806396484,
              97.68563842773438,
              98.64679718017578,
              99.22200775146484,
              99.10518646240234,
              99.09222412109375,
              99.42504119873047,
              99.54290771484375,
              99.59754180908203,
              99.61983489990234,
              99.61983489990234,
              99.62079620361328,
              99.62059020996094,
              99.61605072021484,
              99.61609649658203,
              99.60999298095703,
              99.61625671386719,
              99.61287689208984,
              99.5958480834961,
              99.61822509765625,
              99.6181869506836,
              99.61617279052734,
              99.56597900390625,
              99.57525634765625,
              99.61003112792969,
              99.60982513427734,
              99.60951232910156,
              99.61972045898438,
              99.61742401123047,
              99.61802673339844,
              99.61802673339844,
              99.61589813232422,
              99.6174545288086,
              99.61662292480469,
              99.61666107177734,
              99.61592864990234,
              99.61846160888672,
              99.62039947509766,
              99.61344909667969,
              99.6134033203125,
              99.60855102539062,
              99.61585235595703,
              99.60601806640625,
              99.52252960205078,
              99.52497863769531,
              99.53422546386719,
              99.58195495605469,
              99.6023178100586,
              99.60882568359375,
              99.60858917236328,
              99.61067199707031,
              99.56182098388672,
              99.55484008789062,
              99.55595397949219,
              99.46087646484375,
              98.74082946777344,
              96.71363067626953,
              94.7123794555664,
              94.5627212524414,
              92.82333374023438,
              79.23187255859375,
              80.82779693603516,
              74.79461669921875,
              75.39025115966797,
              65.5990982055664,
              95.23464965820312,
              98.63856506347656,
              95.0773696899414,
              95.47484588623047,
              99.58678436279297,
              99.54571533203125,
              90.50953674316406,
              98.69296264648438,
              97.41432189941406,
              96.38325500488281,
              82.73194885253906,
              95.37969970703125,
              93.13688659667969,
              88.18843841552734,
              79.28276824951172,
              82.7972412109375,
              47.6734619140625,
              54.40491485595703,
              73.0325927734375,
              81.51350402832031,
              94.88829040527344,
              98.79721069335938,
              98.80387115478516,
              98.80982208251953,
              96.18226623535156,
              90.61079406738281,
              97.031494140625,
              98.34307098388672,
              98.35380554199219,
              97.65702819824219,
              96.69621276855469,
              95.85587310791016,
              91.93103790283203,
              92.06592559814453,
              88.92214965820312,
              85.3629150390625,
              85.15460968017578,
              85.20744323730469,
              89.11309814453125,
              94.3733139038086,
              96.67387390136719,
              97.89427947998047,
              97.90538787841797,
              97.93282318115234,
              98.14551544189453,
              97.35762023925781,
              98.04144287109375,
              97.95909881591797,
              97.00182342529297,
              95.93425750732422,
              97.16596984863281,
              96.03253936767578,
              95.71692657470703,
              90.97209930419922,
              94.1038818359375,
              97.18375396728516,
              98.94926452636719,
              98.96490478515625,
              99.3944091796875,
              99.34789276123047,
              99.56617736816406,
              99.56617736816406,
              99.56233978271484,
              99.56673431396484,
              99.57544708251953,
              99.37212371826172,
              99.37357330322266,
              99.46047973632812,
              99.44998931884766,
              99.51624298095703,
              99.46247863769531,
              99.4625244140625,
              99.54940032958984,
              99.43843841552734,
              98.77784729003906,
              98.8295669555664,
              98.83467864990234,
              99.21429443359375,
              99.2184829711914,
              99.34227752685547,
              99.35734558105469,
              99.17070007324219,
              99.01776885986328,
              98.0303955078125,
              96.67176818847656,
              96.56975555419922,
              63.28017807006836,
              72.2822036743164,
              81.68962097167969,
              75.48502349853516,
              75.45040130615234,
              84.27228546142578,
              80.43586730957031,
              76.13256072998047,
              82.59468078613281,
              82.59861755371094,
              95.54397583007812,
              97.47289276123047,
              99.46109008789062,
              99.58445739746094,
              99.58560943603516,
              99.50355529785156,
              99.47677612304688,
              99.36370849609375,
              99.34369659423828,
              95.97566986083984,
              87.58434295654297,
              98.46617889404297,
              99.51725769042969,
              99.52055358886719,
              99.50070190429688,
              99.43622589111328,
              99.08673858642578,
              99.43260192871094,
              99.44486999511719,
              98.6114730834961,
              96.64344024658203,
              99.12447357177734,
              98.99614715576172,
              98.96334075927734,
              98.86166381835938,
              99.1825942993164,
              99.53132629394531,
              99.60609436035156,
              99.6119155883789,
              99.62010955810547,
              99.6212387084961,
              99.6211166381836,
              99.6211166381836,
              99.6103515625,
              99.60714721679688,
              99.58529663085938,
              99.60934448242188,
              99.60934448242188,
              99.61360931396484,
              99.62042999267578,
              99.6195068359375,
              99.56544494628906,
              99.59159851074219,
              99.6027603149414,
              99.6097183227539,
              99.61931610107422,
              99.62059020996094,
              99.62104797363281,
              99.62002563476562,
              99.6180648803711,
              99.61505889892578,
              99.6087875366211,
              99.61083221435547,
              99.61083221435547,
              99.6156997680664,
              99.61673736572266,
              99.61811065673828,
              99.60248565673828,
              99.52920532226562,
              99.54812622070312,
              99.57324981689453,
              99.42547607421875,
              99.45036315917969,
              99.39611053466797,
              99.54197692871094,
              99.59078979492188,
              99.5615005493164,
              99.60850524902344,
              99.61549377441406,
              99.60581970214844,
              99.50403594970703,
              99.53047943115234,
              99.45610046386719,
              99.35871124267578,
              98.9196548461914,
              97.02568817138672,
              96.86016082763672,
              94.98914337158203,
              91.4363021850586,
              80.99249267578125,
              74.5884780883789,
              74.17630767822266,
              45.16423797607422,
              87.8053970336914,
              98.7668685913086,
              93.85851287841797,
              94.26075744628906,
              95.92790985107422,
              99.58100128173828,
              98.42315673828125,
              95.02143096923828,
              89.23487091064453,
              93.79020690917969,
              92.59292602539062,
              82.0064926147461,
              84.35991668701172,
              83.96687316894531,
              81.1399917602539,
              71.3076400756836,
              56.9140510559082,
              49.322776794433594,
              51.77297592163086,
              51.761375427246094,
              73.3520278930664,
              85.10830688476562,
              85.11238861083984,
              95.00000762939453,
              97.76990509033203,
              96.27012634277344,
              74.40491485595703,
              99.21133422851562,
              99.38396453857422,
              99.29693603515625,
              98.8127670288086,
              97.7330093383789,
              98.393310546875,
              95.91529846191406,
              94.21241760253906,
              94.25569915771484,
              88.89934539794922,
              95.73135375976562,
              89.4101791381836,
              88.54132080078125,
              94.10497283935547,
              96.70801544189453,
              96.73897552490234,
              97.69086456298828,
              97.10301208496094,
              97.97725677490234,
              97.69359588623047,
              98.79676818847656,
              98.38541412353516,
              97.09526824951172,
              96.95215606689453,
              96.99117279052734,
              97.93339538574219,
              96.93428802490234,
              95.82701873779297,
              97.07182312011719,
              97.18348693847656,
              97.25122833251953,
              99.20154571533203,
              99.237060546875,
              99.38044738769531,
              99.38056182861328,
              99.52899169921875,
              99.56193542480469,
              99.57910919189453,
              99.57963562011719,
              99.57939147949219,
              99.58015441894531,
              99.47535705566406,
              99.51669311523438,
              99.51663970947266,
              99.58650207519531,
              99.55252838134766,
              99.51544189453125,
              99.50861358642578,
              99.50492095947266,
              99.21426391601562,
              98.78800201416016,
              98.92228698730469,
              99.33150482177734,
              99.34414672851562,
              99.15778350830078,
              99.16629791259766,
              98.9291000366211,
              95.3580093383789,
              95.14575958251953,
              94.48580932617188,
              88.71488952636719,
              71.64219665527344,
              86.68476867675781,
              86.56956481933594,
              72.52265167236328,
              87.57440185546875,
              85.13240051269531,
              85.0665054321289,
              77.09165954589844,
              88.0633773803711,
              95.9442138671875,
              95.78282165527344,
              95.90103149414062,
              97.82176971435547,
              99.44258117675781,
              99.55513763427734,
              99.45219421386719,
              99.44047546386719,
              98.416259765625,
              95.3646011352539,
              98.39569854736328,
              99.16304016113281,
              99.21473693847656,
              99.42737579345703,
              98.7005386352539,
              98.85649108886719,
              99.1043930053711,
              99.14694213867188,
              98.60293579101562,
              95.03756713867188,
              0.0009355442016385496,
              98.10701751708984,
              99.08491516113281,
              99.14422607421875,
              99.42017364501953,
              99.34800720214844,
              99.35017395019531,
              99.48492431640625,
              99.61673736572266,
              99.6195068359375,
              99.6211166381836,
              99.6211166381836,
              99.61946868896484,
              99.6182632446289,
              99.61448669433594,
              99.5914077758789,
              99.59115600585938,
              99.6053695678711,
              99.61854553222656,
              99.61910247802734,
              99.6175765991211,
              99.61761474609375,
              99.60289001464844,
              99.60934448242188,
              99.61207580566406,
              99.6119613647461,
              99.62002563476562,
              99.61666107177734,
              99.6087875366211,
              99.61673736572266,
              99.61673736572266,
              99.60488891601562,
              99.58995056152344,
              99.60899353027344,
              99.61705780029297,
              99.61705780029297,
              99.61802673339844,
              99.60887145996094,
              99.5306396484375,
              99.52025604248047,
              99.52104949951172,
              99.4727554321289,
              99.46626281738281,
              99.44986724853516,
              99.5019760131836,
              99.34982299804688,
              99.50524139404297,
              99.5418930053711,
              99.58837890625,
              99.5606460571289,
              99.56141662597656,
              99.52554321289062,
              99.45063018798828,
              99.04522705078125,
              99.0397720336914,
              98.24500274658203,
              94.62225341796875,
              92.57829284667969,
              86.17644500732422,
              86.74102783203125,
              75.19727325439453,
              69.74806213378906,
              93.49512481689453,
              98.71037292480469,
              98.73143768310547,
              84.7867202758789,
              80.33492279052734,
              98.32835388183594,
              99.57412719726562,
              99.09092712402344,
              86.4959945678711,
              96.05289459228516,
              91.47735595703125,
              92.3094253540039,
              77.84669494628906,
              81.2900390625,
              80.25365447998047,
              67.47984313964844,
              73.83187103271484,
              74.66156768798828,
              60.11353302001953,
              67.38317108154297,
              40.91800308227539,
              52.53535079956055,
              60.74238967895508,
              82.36064147949219,
              88.52024841308594,
              91.60588836669922,
              91.3947982788086,
              68.29643249511719,
              99.48927307128906,
              99.46723937988281,
              99.4228744506836,
              99.1128921508789,
              99.11328887939453,
              98.37928771972656,
              97.09068298339844,
              95.81166076660156,
              95.80986785888672,
              95.85269927978516,
              95.41328430175781,
              93.42998504638672,
              87.4172592163086,
              88.7353744506836,
              88.84236145019531,
              95.37075805664062,
              95.96204376220703,
              97.08549499511719,
              95.99198913574219,
              98.40538024902344,
              98.80521392822266,
              99.2169418334961,
              98.59684753417969,
              98.94633483886719,
              98.5501480102539,
              97.99974060058594,
              98.04838562011719,
              97.22735595703125,
              97.3211441040039,
              97.39797973632812,
              98.6714096069336,
              99.39179229736328,
              99.23271179199219,
              99.20805358886719,
              99.47083282470703,
              99.53569793701172,
              99.56617736816406,
              99.5663833618164,
              99.5823974609375,
              99.54450225830078,
              99.58982849121094,
              99.59300231933594,
              99.59284973144531,
              99.6097183227539,
              99.58678436279297,
              99.55252838134766,
              99.55252838134766,
              99.55257415771484,
              99.47154998779297,
              99.37340545654297,
              99.35291290283203,
              98.97982788085938,
              99.00863647460938,
              99.00601196289062,
              99.32794952392578,
              99.1215591430664,
              99.1213607788086,
              96.9351577758789,
              93.1072769165039,
              93.04759979248047,
              79.69805908203125,
              79.99490356445312,
              82.3868408203125,
              87.50598907470703,
              81.42081451416016,
              85.72575378417969,
              85.62239074707031,
              89.2158432006836,
              74.48281860351562,
              89.46359252929688,
              95.9137191772461,
              96.091552734375,
              95.95329284667969,
              97.3785400390625,
              99.5213623046875,
              99.0181655883789,
              98.958251953125,
              97.32898712158203,
              98.89530181884766,
              99.09166717529297,
              99.10977172851562,
              99.2636947631836,
              99.5903549194336,
              99.34676361083984,
              98.76513671875,
              98.8055419921875,
              98.8175277709961,
              99.00892639160156,
              93.86688995361328,
              96.59062957763672,
              96.34474182128906,
              98.83039093017578,
              98.30473327636719,
              99.07764434814453,
              99.2384262084961,
              99.2352066040039,
              99.35009765625,
              99.5491714477539,
              99.61753845214844,
              99.62075805664062,
              99.62075805664062,
              99.6211166381836,
              99.62079620361328,
              99.62054443359375,
              99.62054443359375,
              99.6173095703125,
              99.60272216796875,
              99.59078979492188,
              99.611083984375,
              99.611083984375,
              99.61368560791016,
              99.611083984375,
              99.6064224243164,
              99.59184265136719,
              99.59188079833984,
              99.61561584472656,
              99.61561584472656,
              99.6060562133789,
              99.60887145996094,
              99.60899353027344,
              99.6089096069336,
              99.5899887084961,
              99.6118392944336,
              99.60629272460938,
              99.60629272460938,
              99.60629272460938,
              99.61573791503906,
              99.59767150878906,
              99.59767150878906,
              99.56201934814453,
              99.60035705566406,
              99.52811431884766,
              99.56189727783203,
              99.5613784790039,
              99.54788208007812,
              99.5719985961914,
              99.58123779296875,
              99.54113006591797,
              99.54386138916016,
              99.47734832763672,
              99.5428237915039,
              99.47737884521484,
              99.24588775634766,
              99.23601531982422,
              97.81317138671875,
              95.67314147949219,
              92.4569091796875,
              87.9721450805664,
              88.26664733886719,
              76.17533874511719,
              63.035648345947266,
              83.59999084472656,
              98.47672271728516,
              98.4921646118164,
              83.3268051147461,
              81.7363510131836,
              91.65984344482422,
              91.9854736328125,
              99.34184265136719,
              97.63591003417969,
              88.5381088256836,
              98.2668228149414,
              97.06666564941406,
              93.56803131103516,
              71.50504302978516,
              69.09259796142578,
              88.32649993896484,
              89.60830688476562,
              81.29141998291016,
              71.14025115966797,
              70.69062805175781,
              70.90605926513672,
              70.18943786621094,
              62.85225296020508,
              79.02494049072266,
              74.66853332519531,
              82.03465270996094,
              80.96183776855469,
              79.58892822265625,
              48.55548095703125,
              99.54474639892578,
              99.46566772460938,
              99.4630126953125,
              99.41932678222656,
              99.10404205322266,
              98.41187286376953,
              97.72628021240234,
              97.69631958007812,
              95.56454467773438,
              93.93701934814453,
              95.45642852783203,
              93.4015121459961,
              93.69930267333984,
              91.07601928710938,
              83.44429016113281,
              88.22891998291016,
              92.78809356689453,
              92.90335083007812,
              93.88943481445312,
              97.09288787841797,
              98.82968139648438,
              98.85630798339844,
              98.96514892578125,
              98.9649887084961,
              98.96475982666016,
              98.96133422851562,
              98.95732116699219,
              98.94542694091797,
              98.96112823486328,
              99.0096435546875,
              99.22799682617188,
              99.23263549804688,
              99.00944519042969,
              99.23391723632812,
              99.46176147460938,
              99.53009033203125,
              99.56600952148438,
              99.58521270751953,
              99.59979248046875,
              99.534912109375,
              99.53437805175781,
              99.46554565429688,
              99.37947845458984,
              99.61448669433594,
              99.59027099609375,
              99.60148620605469,
              99.51282501220703,
              99.46833038330078,
              99.5205078125,
              99.50813293457031,
              99.51780700683594,
              99.47086334228516,
              98.9301986694336,
              98.30883026123047,
              98.88933563232422,
              99.2846908569336,
              98.90576934814453,
              85.87459564208984,
              78.56040954589844,
              85.93194580078125,
              85.80769348144531,
              83.14622497558594,
              83.36177062988281,
              72.16217041015625,
              32.24216842651367,
              30.7829647064209,
              78.19004821777344,
              86.59284973144531,
              76.11990356445312,
              69.53055572509766,
              89.86077880859375,
              96.29774475097656,
              97.36283874511719,
              99.50740814208984,
              99.5126724243164,
              99.51150512695312,
              95.9640121459961,
              86.43670654296875,
              99.2264633178711,
              99.20623016357422,
              99.25540161132812,
              98.76092529296875,
              99.3463134765625,
              99.16973114013672,
              99.211181640625,
              99.27063751220703,
              98.94689178466797,
              92.59292602539062,
              92.55159759521484,
              96.45368194580078,
              98.509765625,
              98.90985107421875,
              98.07972717285156,
              98.06103515625,
              98.4695816040039,
              99.11116027832031,
              99.0947265625,
              99.57417297363281,
              99.57456970214844,
              99.61244201660156,
              99.62042999267578,
              99.6209945678711,
              99.62116241455078,
              99.6211166381836,
              99.62116241455078,
              99.61882019042969,
              99.61376953125,
              99.60769653320312,
              99.607666015625,
              99.60205078125,
              99.611083984375,
              99.6051025390625,
              99.59020233154297,
              99.59043884277344,
              99.5640869140625,
              99.6023178100586,
              99.57376861572266,
              99.57368469238281,
              99.60240173339844,
              99.6089096069336,
              99.61091613769531,
              99.61100006103516,
              99.61100006103516,
              99.6011962890625,
              99.58385467529297,
              99.60272216796875,
              99.61517333984375,
              99.61512756347656,
              99.6023178100586,
              99.58882904052734,
              99.60565185546875,
              99.54663848876953,
              99.54458618164062,
              99.58123779296875,
              99.57196044921875,
              99.60822296142578,
              99.61028289794922,
              99.61015319824219,
              99.59320068359375,
              99.56085205078125,
              99.3997802734375,
              99.35751342773438,
              99.35518646240234,
              98.95272064208984,
              96.59724426269531,
              93.08841705322266,
              92.8531494140625,
              87.74388122558594,
              79.1193618774414,
              79.8211669921875,
              81.75262451171875,
              82.64439392089844,
              96.74384307861328,
              93.98590087890625,
              73.9862289428711,
              86.67219543457031,
              86.8885726928711,
              96.27974700927734,
              98.55534362792969,
              0.0010037299944087863,
              81.44076538085938,
              79.63934326171875,
              86.67147827148438,
              90.4788818359375,
              88.72740173339844,
              84.415771484375,
              58.66331481933594,
              74.32527160644531,
              80.7105712890625,
              79.52051544189453,
              79.20063018798828,
              68.94223022460938,
              65.41403198242188,
              77.08020782470703,
              74.35066986083984,
              70.02294921875,
              79.61845397949219,
              69.66813659667969,
              50.76922607421875,
              28.213396072387695,
              99.46401977539062,
              99.4627685546875,
              99.28689575195312,
              99.085205078125,
              97.9149398803711,
              96.90831756591797,
              96.9053955078125,
              95.51396942138672,
              93.71176147460938,
              93.86392974853516,
              93.948486328125,
              93.9082260131836,
              90.97549438476562,
              93.63709259033203,
              86.63490295410156,
              87.33168029785156,
              85.8239974975586,
              89.99858856201172,
              93.9632797241211,
              97.03441619873047,
              97.0789566040039,
              97.72581481933594,
              98.61914825439453,
              98.96100616455078,
              98.61375427246094,
              98.6142349243164,
              98.60810852050781,
              98.16608428955078,
              98.583984375,
              98.58354187011719,
              99.19404602050781,
              99.25084686279297,
              99.37767791748047,
              99.52165222167969,
              99.5235366821289,
              99.5616226196289,
              99.56561279296875,
              99.59343719482422,
              99.59581756591797,
              99.59581756591797,
              99.60224151611328,
              99.60723114013672,
              99.55249786376953,
              99.57572937011719,
              99.5762939453125,
              99.592041015625,
              99.5762939453125,
              99.51786041259766,
              99.4038314819336,
              99.40528106689453,
              99.5481948852539,
              99.51969909667969,
              99.03182983398438,
              99.03532409667969,
              99.55992889404297,
              99.52075958251953,
              99.38861846923828,
              96.7037582397461,
              96.67778778076172,
              97.44776916503906,
              96.17210388183594,
              84.37588500976562,
              66.7717514038086,
              52.188331604003906,
              13.798245429992676,
              20.396747589111328,
              72.8862075805664,
              80.0340576171875,
              57.61045837402344,
              81.16658020019531,
              96.26911926269531,
              98.48310852050781,
              98.4996337890625,
              99.25944519042969,
              99.27055358886719,
              99.29931640625,
              99.11449432373047,
              99.49881744384766,
              99.24191284179688,
              97.95018005371094,
              97.90216827392578,
              95.11909484863281,
              96.8547134399414,
              98.92044830322266,
              99.34961700439453,
              99.4228744506836,
              98.8541259765625,
              99.0735855102539,
              97.76410675048828,
              96.39663696289062,
              98.42872619628906,
              97.76593780517578,
              97.69854736328125,
              98.49402618408203,
              97.49195861816406,
              98.71528625488281,
              99.43253326416016,
              99.42259216308594,
              99.58345031738281,
              99.61103820800781,
              99.62031555175781,
              99.62066650390625,
              99.6209945678711,
              99.6212387084961,
              99.62054443359375,
              99.6144027709961,
              99.6144027709961,
              99.61368560791016,
              99.61368560791016,
              99.61116027832031,
              99.601318359375,
              99.60095977783203,
              99.58140563964844,
              99.51605224609375,
              99.5518569946289,
              99.5092544555664,
              99.51021575927734,
              99.41470336914062,
              99.45622253417969,
              99.56327056884766,
              99.50885009765625,
              99.50978088378906,
              99.56377410888672,
              99.54698944091797,
              99.48561096191406,
              99.57164001464844,
              99.5711898803711,
              99.6089096069336,
              99.6015625,
              99.60862731933594,
              99.60835266113281,
              99.60171508789062,
              99.58979797363281,
              99.59296417236328,
              99.52706909179688,
              99.52381896972656,
              99.59613800048828,
              99.6127700805664,
              99.61565399169922,
              99.57256317138672,
              99.57219696044922,
              99.4787826538086,
              99.22565460205078,
              96.12310791015625,
              95.15564727783203,
              95.03321075439453,
              90.77806091308594,
              82.16880798339844,
              78.61631774902344,
              68.48307800292969,
              68.46289825439453,
              85.13507843017578,
              96.69010925292969,
              86.43601989746094,
              78.67770385742188,
              79.1413803100586,
              86.46266174316406,
              97.25367736816406,
              97.04396057128906,
              96.9347915649414,
              70.76570129394531,
              74.49373626708984,
              98.58142852783203,
              97.19965362548828,
              91.98068237304688,
              95.05844116210938,
              72.52788543701172,
              80.42781829833984,
              86.03945922851562,
              69.79872131347656,
              56.09574890136719,
              95.96784973144531,
              93.99850463867188,
              90.0177001953125,
              89.68153381347656,
              80.2261734008789,
              79.98008728027344,
              68.93633270263672,
              47.54091262817383,
              45.82447814941406,
              99.37828063964844,
              98.77303314208984,
              98.41633605957031,
              93.47098541259766,
              93.37031555175781,
              93.52240753173828,
              90.51367950439453,
              87.25289154052734,
              93.6511001586914,
              93.63721466064453,
              91.04582977294922,
              93.75386047363281,
              93.526123046875,
              93.42892456054688,
              93.62538146972656,
              86.70518493652344,
              85.21813201904297,
              93.83325958251953,
              94.03248596191406,
              91.92903900146484,
              96.83373260498047,
              95.69876098632812,
              97.23980712890625,
              97.25216674804688,
              98.07779693603516,
              98.06956481933594,
              95.94954681396484,
              97.37079620361328,
              97.40913391113281,
              99.00576782226562,
              99.20413208007812,
              99.37767791748047,
              99.52224731445312,
              99.52349090576172,
              99.57914733886719,
              99.39349365234375,
              99.27581787109375,
              99.57481384277344,
              99.57452392578125,
              99.60514068603516,
              99.51158905029297,
              99.6036148071289,
              99.60372924804688,
              99.61444091796875,
              99.6118392944336,
              99.5902328491211,
              99.55415344238281,
              99.5549087524414,
              99.46698760986328,
              99.521728515625,
              99.32630920410156,
              99.50274658203125,
              99.50415802001953,
              99.57351684570312,
              99.36751556396484,
              99.50399017333984,
              99.4673843383789,
              99.46707153320312,
              96.42244720458984,
              86.3491439819336,
              89.91252136230469,
              76.72698211669922,
              75.85554504394531,
              68.71672058105469,
              33.68708038330078,
              31.502155303955078,
              30.843936920166016,
              45.968502044677734,
              71.35354614257812,
              93.38380432128906,
              97.9225082397461,
              97.91967010498047,
              99.45453643798828,
              99.53282165527344,
              99.36056518554688,
              99.24372100830078,
              99.2208480834961,
              99.43598937988281,
              99.19706726074219,
              95.61592102050781,
              96.45890045166016,
              97.68407440185547,
              98.95624542236328,
              98.90889739990234,
              99.48516845703125,
              99.56289672851562,
              99.54502868652344,
              98.78910827636719,
              98.9352035522461,
              98.2072525024414,
              98.11308288574219,
              97.78498077392578,
              98.6614761352539,
              98.07437896728516,
              98.21371459960938,
              99.4398422241211,
              99.37884521484375,
              99.2295150756836,
              99.5738525390625,
              99.6188735961914,
              99.61799621582031,
              99.62010955810547,
              99.62091064453125,
              99.62079620361328,
              99.61898040771484,
              99.61990356445312,
              99.6188735961914,
              99.61722564697266,
              99.6126480102539,
              99.60521697998047,
              99.59492492675781,
              99.59011840820312,
              99.49201965332031,
              99.46333312988281,
              99.36354064941406,
              99.3633041381836,
              99.36531829833984,
              99.25540161132812,
              99.091796875,
              99.49150085449219,
              99.38533020019531,
              99.4588394165039,
              99.53317260742188,
              99.49124145507812,
              99.59048461914062,
              99.57388305664062,
              99.60171508789062,
              99.61080169677734,
              99.61080169677734,
              99.61067199707031,
              99.59356689453125,
              99.60083770751953,
              99.60549926757812,
              99.57252502441406,
              99.57215881347656,
              99.54334259033203,
              99.5808334350586,
              99.60067749023438,
              99.08296966552734,
              99.10134887695312,
              99.29447937011719,
              99.52281951904297,
              99.04878997802734,
              97.66517639160156,
              94.08551788330078,
              94.07949829101562,
              87.56232452392578,
              79.82304382324219,
              80.14557647705078,
              54.809730529785156,
              54.62325668334961,
              93.60462188720703,
              84.71611022949219,
              85.15032196044922,
              80.82512664794922,
              77.2547378540039,
              86.90626525878906,
              96.9638900756836,
              0.0011805988615378737,
              94.2968521118164,
              71.25677490234375,
              78.6827392578125,
              98.6064224243164,
              98.54225158691406,
              89.09937286376953,
              96.39568328857422,
              85.655517578125,
              85.4788589477539,
              55.22217559814453,
              94.16085815429688,
              96.40496063232422,
              89.58466339111328,
              90.4568099975586,
              90.12507629394531,
              84.67266845703125,
              85.87367248535156,
              79.5680160522461,
              73.3096923828125,
              66.96881866455078,
              54.795352935791016,
              96.75044250488281,
              95.39859008789062,
              95.36550903320312,
              93.32262420654297,
              89.16635131835938,
              56.87932205200195,
              56.49264907836914,
              90.62648010253906,
              91.01612091064453,
              87.16447448730469,
              90.51776885986328,
              90.40667724609375,
              90.61649322509766,
              93.40928649902344,
              92.89786529541016,
              90.21727752685547,
              84.8290023803711,
              85.96138000488281,
              95.18763732910156,
              93.21004486083984,
              93.53787994384766,
              92.00273895263672,
              92.17013549804688,
              96.15558624267578,
              95.56387329101562,
              95.69852447509766,
              95.69963836669922,
              95.54205322265625,
              97.7529296875,
              98.96470642089844,
              99.37931060791016,
              99.38064575195312,
              99.52984619140625,
              99.56521606445312,
              99.53791809082031,
              99.53338623046875,
              99.533935546875,
              99.39099884033203,
              99.2854995727539,
              99.55068969726562,
              99.57405090332031,
              99.57433319091797,
              99.60176086425781,
              99.61357116699219,
              99.60906982421875,
              99.51780700683594,
              99.51786041259766,
              99.38198852539062,
              99.08148956298828,
              99.3632583618164,
              99.36631774902344,
              99.33203125,
              98.60633850097656,
              98.3659896850586,
              97.7117919921875,
              97.69982147216797,
              98.59396362304688,
              98.60810852050781,
              93.09432220458984,
              90.31684875488281,
              90.2412109375,
              81.47496032714844,
              61.886024475097656,
              45.70079803466797,
              45.39512252807617,
              45.032386779785156,
              54.24253845214844,
              66.32183074951172,
              91.69587707519531,
              96.6778335571289,
              96.64495849609375,
              98.51549530029297,
              99.56141662597656,
              99.5608901977539,
              99.56129455566406,
              99.49153900146484,
              99.01275634765625,
              98.8050537109375,
              98.51861572265625,
              98.63932800292969,
              98.13915252685547,
              98.73292541503906,
              99.27666473388672,
              99.06098175048828,
              99.09544372558594,
              99.4780502319336,
              99.21270751953125,
              98.1529769897461,
              98.10160064697266,
              98.04999542236328,
              96.84135437011719,
              98.12004852294922,
              98.8035888671875,
              99.09737396240234,
              99.0882568359375,
              99.5608139038086,
              99.45855712890625,
              99.50607299804688,
              99.6027603149414,
              99.6027603149414,
              99.61761474609375,
              99.6181869506836,
              99.62042999267578,
              99.62042999267578,
              99.62042999267578,
              99.61998748779297,
              99.61882019042969,
              99.6136474609375,
              99.6136474609375,
              99.54727172851562,
              99.55824279785156,
              99.49189758300781,
              99.20335388183594,
              99.19966125488281,
              99.34252166748047,
              99.19941711425781,
              99.32489013671875,
              99.49063110351562,
              99.45216369628906,
              99.546875,
              99.56133270263672,
              99.56133270263672,
              99.60095977783203,
              99.60899353027344,
              99.59677124023438,
              99.59767150878906,
              99.59115600585938,
              99.58966827392578,
              99.58943176269531,
              99.60123443603516,
              99.59677124023438,
              99.5898666381836,
              99.5898666381836,
              99.3465576171875,
              99.40528106689453,
              99.32718658447266,
              99.26136779785156,
              98.7400131225586,
              98.2199935913086,
              99.01399230957031,
              99.36402130126953,
              99.07292938232422,
              98.29651641845703,
              96.02711486816406,
              92.2738265991211,
              92.27136993408203,
              88.88263702392578,
              92.82569122314453,
              79.55870819091797,
              87.97813415527344,
              96.19749450683594,
              93.81478118896484,
              92.96478271484375,
              52.20856475830078,
              67.03517150878906,
              83.1457748413086,
              96.49359893798828,
              96.6695785522461,
              98.93719482421875,
              0.0010883461218327284,
              61.80006408691406,
              75.44507598876953,
              57.457489013671875,
              89.91816711425781,
              96.10550689697266,
              73.58980560302734,
              87.68843078613281,
              93.93245697021484,
              96.15327453613281,
              94.41011810302734,
              92.92711639404297,
              81.08779907226562,
              82.22071838378906,
              85.52562713623047,
              90.18272399902344,
              89.83502960205078,
              92.68229675292969,
              84.60250854492188,
              66.1589584350586,
              54.125125885009766,
              75.43865203857422,
              64.59237670898438,
              52.78709411621094,
              74.10323333740234,
              33.91925811767578,
              42.85264587402344,
              86.62228393554688,
              90.39997100830078,
              90.50601959228516,
              87.28072357177734,
              86.12032318115234,
              90.05008697509766,
              93.33599090576172,
              91.02052307128906,
              93.088134765625,
              93.140625,
              84.67154693603516,
              85.34136199951172,
              93.99038696289062,
              95.87019348144531,
              93.63487243652344,
              91.177978515625,
              92.25273895263672,
              92.33621978759766,
              93.90348815917969,
              92.58930969238281,
              95.67781829833984,
              96.94203186035156,
              97.82665252685547,
              98.96467590332031,
              99.04939270019531,
              99.38203430175781,
              99.46092224121094,
              99.56625366210938,
              99.58810424804688,
              99.58831024169922,
              99.58549499511719,
              99.56633758544922,
              99.5526123046875,
              99.47826385498047,
              99.58050537109375,
              99.5916748046875,
              99.61248016357422,
              99.58650207519531,
              99.5864486694336,
              99.53820037841797,
              99.32614135742188,
              98.69036865234375,
              98.96903991699219,
              98.96883392333984,
              99.45987701416016,
              99.5031509399414,
              98.97772979736328,
              98.71176147460938,
              98.71749114990234,
              98.03964233398438,
              97.19698333740234,
              97.2777099609375,
              94.576171875,
              94.53340911865234,
              87.91213989257812,
              80.30500793457031,
              57.65699768066406,
              57.34852600097656,
              59.7852897644043,
              75.08980560302734,
              72.35620880126953,
              90.0591812133789,
              89.66133117675781,
              97.37525939941406,
              98.83750915527344,
              99.22174072265625,
              99.4849624633789,
              99.48260498046875,
              99.47633361816406,
              99.36378479003906,
              98.48416137695312,
              97.18321228027344,
              98.41775512695312,
              98.96282196044922,
              99.46044158935547,
              99.29074096679688,
              98.95567321777344,
              98.96100616455078,
              98.3864517211914,
              99.07994842529297,
              99.05774688720703,
              99.05713653564453,
              96.40744018554688,
              96.3164291381836,
              96.32622528076172,
              98.65177154541016,
              98.63386535644531,
              98.98973846435547,
              97.36473083496094,
              99.1754150390625,
              99.54606628417969,
              99.54603576660156,
              99.61091613769531,
              99.61906433105469,
              99.61914825439453,
              99.62027740478516,
              99.62027740478516,
              99.6211166381836,
              99.62042999267578,
              99.62088012695312,
              99.61878967285156,
              99.61882019042969,
              99.55976867675781,
              99.5350570678711,
              99.48833465576172,
              99.20347595214844,
              99.20323944091797,
              99.34009552001953,
              99.38749694824219,
              99.283447265625,
              99.28047180175781,
              99.3816146850586,
              99.33248138427734,
              99.279541015625,
              99.50572204589844,
              99.50479888916016,
              99.58047485351562,
              99.58966827392578,
              99.48910522460938,
              99.45875549316406,
              99.45598602294922,
              99.58320617675781,
              99.57456970214844,
              99.58212280273438,
              99.442138671875,
              99.44181823730469,
              97.92975616455078,
              98.84258270263672,
              98.5384292602539,
              98.95291900634766,
              98.96527099609375,
              98.27653503417969,
              97.77141571044922,
              98.59668731689453,
              99.06279754638672,
              99.04780578613281,
              96.72419738769531,
              91.04257202148438,
              89.99649047851562,
              90.1680679321289,
              96.7369155883789,
              97.71269989013672,
              97.37310791015625,
              98.61499786376953,
              98.64088439941406,
              98.4051284790039,
              90.41720581054688,
              32.43772506713867,
              55.057228088378906,
              56.24098205566406,
              86.59412384033203,
              97.31950378417969,
              98.62806701660156,
              97.6666488647461,
              97.57012939453125,
              85.24917602539062,
              75.04998779296875,
              78.65858459472656,
              85.17782592773438,
              78.03089141845703,
              86.47514343261719,
              91.84342956542969,
              91.31400299072266,
              85.31985473632812,
              78.61563873291016,
              77.83750915527344,
              88.84518432617188,
              94.23104858398438,
              93.74010467529297,
              95.84671020507812,
              92.03416442871094,
              90.5010757446289,
              62.523681640625,
              61.65851974487305,
              47.782264709472656,
              23.23738670349121,
              52.70097351074219,
              71.7252197265625,
              46.50279235839844,
              46.162559509277344,
              81.19731140136719,
              90.50509643554688,
              93.29070281982422,
              93.45772552490234,
              86.41049194335938,
              90.57174682617188,
              90.78397369384766,
              93.1141357421875,
              93.36778259277344,
              87.16438293457031,
              87.52143859863281,
              92.90399932861328,
              91.26581573486328,
              91.73991394042969,
              95.49187469482422,
              89.31214904785156,
              91.50239562988281,
              89.28387451171875,
              89.60985565185547,
              89.2839584350586,
              93.83763885498047,
              96.94178009033203,
              96.9592514038086,
              97.21546936035156,
              98.04154968261719,
              98.65385437011719,
              99.20171356201172,
              99.20684051513672,
              99.38227844238281,
              99.58850860595703,
              99.5557632446289,
              99.17398834228516,
              98.51497650146484,
              99.07090759277344,
              99.38117218017578,
              99.51456451416016,
              99.59027099609375,
              99.5467529296875,
              99.35467529296875,
              99.2955551147461,
              99.25636291503906,
              99.1641616821289,
              99.16082000732422,
              99.30455017089844,
              99.43912506103516,
              99.23271179199219,
              99.12223815917969,
              99.2794189453125,
              99.27020263671875,
              98.30680847167969,
              97.19686126708984,
              97.8399658203125,
              96.73324584960938,
              95.06262969970703,
              89.72959899902344,
              60.886390686035156,
              60.32240295410156,
              47.8341178894043,
              72.4214859008789,
              73.79686737060547,
              81.61238098144531,
              80.8655776977539,
              95.55259704589844,
              97.50492858886719,
              98.84258270263672,
              99.05867004394531,
              99.03258514404297,
              99.21238708496094,
              99.03360748291016,
              98.96662139892578,
              99.0295181274414,
              98.99598693847656,
              99.38560485839844,
              99.4758071899414,
              98.92228698730469,
              98.93885040283203,
              98.82710266113281,
              97.71639251708984,
              93.23307800292969,
              99.08954620361328,
              99.11954498291016,
              98.04661560058594,
              90.62835693359375,
              91.51519012451172,
              95.39444732666016,
              95.27267456054688,
              97.99699401855469,
              98.11602020263672,
              98.64533233642578,
              99.26284790039062,
              99.25699615478516,
              99.52955627441406,
              99.60723114013672,
              99.61235809326172,
              99.61244201660156,
              99.61906433105469,
              99.61975860595703,
              99.6175765991211,
              99.62027740478516,
              99.62031555175781,
              99.62051391601562,
              99.61268615722656,
              99.53569793701172,
              99.49603271484375,
              99.49502563476562,
              99.46590423583984,
              99.32999420166016,
              99.3424301147461,
              99.27405548095703,
              99.27409362792969,
              99.11009979248047,
              99.18888092041016,
              99.3373031616211,
              99.38504791259766,
              99.38296508789062,
              99.45191955566406,
              99.50873565673828,
              99.48802185058594,
              99.1916275024414,
              99.18798828125,
              99.51282501220703,
              99.58320617675781,
              99.4468002319336,
              99.44526672363281,
              99.14794158935547,
              98.3354721069336,
              98.89033508300781,
              99.10457611083984,
              99.10478210449219,
              99.10936737060547,
              98.77642059326172,
              99.05349731445312,
              98.0595932006836,
              98.0311508178711,
              97.63567352294922,
              95.40948486328125,
              89.90704345703125,
              84.03738403320312,
              84.17390441894531,
              93.84812927246094,
              95.02657318115234,
              95.22278594970703,
              98.5959243774414,
              98.61456298828125,
              98.91397857666016,
              98.52165985107422,
              92.8927993774414,
              38.391517639160156,
              39.731353759765625,
              76.29978942871094,
              83.05006408691406,
              92.24568176269531,
              98.171875,
              98.23023986816406,
              97.74771118164062,
              88.84537506103516,
              73.85394287109375,
              73.43942260742188,
              75.22725677490234,
              71.0191879272461,
              68.20099639892578,
              54.76015853881836,
              54.44729232788086,
              63.73166275024414,
              56.99822235107422,
              60.61277389526367,
              88.83613586425781,
              88.62445831298828,
              94.07962799072266,
              92.2962875366211,
              88.6481704711914,
              84.84882354736328,
              72.37779998779297,
              63.50988006591797,
              93.27687072753906,
              76.96295166015625,
              90.51567077636719,
              88.58341217041016,
              74.10816955566406,
              87.96238708496094,
              90.28384399414062,
              86.70832824707031,
              86.94510650634766,
              93.5372085571289,
              87.30210876464844,
              87.31645202636719,
              87.60147094726562,
              87.40232849121094,
              90.3389892578125,
              84.89662170410156,
              85.46721649169922,
              86.68610382080078,
              93.17830657958984,
              93.32608032226562,
              95.39449310302734,
              91.35225677490234,
              91.44637298583984,
              87.95864868164062,
              89.27914428710938,
              92.54671478271484,
              93.90280151367188,
              93.9701156616211,
              96.03687286376953,
              95.49100494384766,
              97.32492065429688,
              98.59213256835938,
              98.59107971191406,
              98.65729522705078,
              99.470703125,
              99.56156921386719,
              99.56189727783203,
              99.29339599609375,
              98.1500244140625,
              99.3810806274414,
              99.51227569580078,
              99.51290893554688,
              99.54672241210938,
              99.57428741455078,
              99.50291442871094,
              98.97626495361328,
              98.97566223144531,
              99.16439819335938,
              99.46312713623047,
              99.26446533203125,
              99.39108276367188,
              99.12825775146484,
              99.18907928466797,
              98.95631408691406,
              99.30870819091797,
              98.79731750488281,
              99.2145004272461,
              98.314453125,
              97.21015167236328,
              94.64404296875,
              94.56608581542969,
              87.13099670410156,
              66.42993927001953,
              60.04063415527344,
              73.01541137695312,
              79.56283569335938,
              76.88208770751953,
              92.0112533569336,
              97.87738037109375,
              97.39278411865234,
              97.65898895263672,
              98.39817810058594,
              97.96942138671875,
              97.9103012084961,
              98.47908782958984,
              99.13370513916016,
              99.42684173583984,
              99.35379791259766,
              99.37080383300781,
              96.1790771484375,
              96.12015533447266,
              96.1043930053711,
              88.74246215820312,
              85.19235229492188,
              96.26685333251953,
              96.47347259521484,
              98.73277282714844,
              95.62178039550781,
              83.10566711425781,
              86.04434204101562,
              86.98590850830078,
              89.32940673828125,
              94.99119567871094,
              97.66778564453125,
              97.68427276611328,
              98.80707550048828,
              99.28327941894531,
              99.38336944580078,
              99.52313232421875,
              99.52120971679688,
              99.57493591308594,
              99.61811065673828,
              99.62027740478516,
              99.61685180664062,
              99.61690521240234,
              99.61910247802734,
              99.6181869506836,
              99.56584930419922,
              99.49494934082031,
              99.49808502197266,
              99.46841430664062,
              99.51937866210938,
              99.46574401855469,
              99.33456420898438,
              99.33473205566406,
              99.27982330322266,
              99.13462829589844,
              99.51657104492188,
              99.51483917236328,
              99.51376342773438,
              99.49031066894531,
              98.67568969726562,
              99.36471557617188,
              99.36475372314453,
              99.3692398071289,
              99.32701873779297,
              99.18461608886719,
              99.00160217285156,
              99.02268981933594,
              98.97159576416016,
              97.9037857055664,
              98.90199279785156,
              99.31503295898438,
              99.31377410888672,
              99.31437683105469,
              99.20631408691406,
              98.92268371582031,
              99.28284454345703,
              99.28284454345703,
              98.7940444946289,
              97.59371185302734,
              91.09680938720703,
              82.29067993164062,
              81.97706604003906,
              87.4261703491211,
              95.36904907226562,
              94.68441009521484,
              94.98326873779297,
              95.22515106201172,
              97.59715270996094,
              98.32454681396484,
              96.73404693603516,
              96.863525390625,
              89.48588562011719,
              58.28351974487305,
              72.63497924804688,
              78.41940307617188,
              79.41051483154297,
              90.35111999511719,
              96.91416931152344,
              0.0013551863376051188,
              95.08185577392578,
              95.04669189453125,
              78.84075927734375,
              24.501983642578125,
              28.15341567993164,
              21.64875602722168,
              21.67459487915039,
              23.179208755493164,
              42.95399856567383,
              40.95793914794922,
              53.219635009765625,
              51.973663330078125,
              83.92532348632812,
              77.45365142822266,
              85.80044555664062,
              84.18533325195312,
              83.08809661865234,
              74.26061248779297,
              69.85105895996094,
              90.74498748779297,
              93.45375061035156,
              93.39745330810547,
              90.60577392578125,
              90.47569274902344,
              90.54843139648438,
              90.53604125976562,
              86.7000961303711,
              93.6064453125,
              93.51535034179688,
              90.73980712890625,
              90.38665008544922,
              90.86473846435547,
              87.5611572265625,
              90.38926696777344,
              84.287841796875,
              84.284912109375,
              81.6679458618164,
              93.12461853027344,
              96.95047760009766,
              97.0265121459961,
              97.03895568847656,
              91.11650085449219,
              88.8119125366211,
              92.20877838134766,
              92.29410552978516,
              91.22452545166016,
              94.73446655273438,
              94.54486083984375,
              96.09545135498047,
              96.0509033203125,
              97.22148132324219,
              98.14571380615234,
              98.64197540283203,
              99.48184204101562,
              99.48432159423828,
              99.56210327148438,
              99.53941345214844,
              98.86360168457031,
              99.1163101196289,
              99.11906433105469,
              99.5230484008789,
              99.57420349121094,
              99.55455017089844,
              99.490478515625,
              99.48958587646484,
              98.91650390625,
              99.16641998291016,
              99.40621185302734,
              99.40484619140625,
              99.30628204345703,
              99.38291931152344,
              99.21306610107422,
              97.08130645751953,
              97.06171417236328,
              98.35652923583984,
              99.12256622314453,
              98.31993865966797,
              98.32144165039062,
              98.3111801147461,
              96.7269515991211,
              87.31391143798828,
              70.06690216064453,
              66.38998413085938,
              66.6296615600586,
              86.60649871826172,
              87.20436096191406,
              89.58039855957031,
              95.90150451660156,
              96.7672119140625,
              95.6565170288086,
              97.54170227050781,
              98.838134765625,
              98.84381866455078,
              97.51911926269531,
              98.16563415527344,
              98.95732116699219,
              98.36177825927734,
              98.39274597167969,
              93.86139678955078,
              87.75701904296875,
              73.9529800415039,
              71.086669921875,
              58.30500793457031,
              84.43441772460938,
              93.98362731933594,
              98.80310821533203,
              98.52244567871094,
              97.07244110107422,
              89.71990203857422,
              90.54462432861328,
              89.74008178710938,
              92.2631607055664,
              81.18095397949219,
              95.57841491699219,
              98.76747131347656,
              99.39502716064453,
              99.22388458251953,
              99.19808959960938,
              99.49378967285156,
              99.60107421875,
              99.6175765991211,
              99.60646057128906,
              99.61814880371094,
              99.6180648803711,
              99.60922241210938,
              99.6127700805664,
              99.60505676269531,
              99.55562591552734,
              99.34423065185547,
              99.49797058105469,
              99.46698760986328,
              99.46703338623047,
              99.42644500732422,
              99.4248046875,
              99.38733673095703,
              99.46031951904297,
              99.46035766601562,
              99.32473754882812,
              99.09668731689453,
              99.03900909423828,
              98.19609069824219,
              98.15939331054688,
              98.95966339111328,
              99.15851593017578,
              98.8768310546875,
              98.43345642089844,
              98.4537582397461,
              98.0404281616211,
              98.0622787475586,
              99.11962890625,
              99.1156234741211,
              98.60358428955078,
              99.11024475097656,
              99.42955017089844,
              99.21048736572266,
              99.19933319091797,
              98.92881774902344,
              99.13883972167969,
              98.47730255126953,
              97.32451629638672,
              97.17985534667969,
              87.80217742919922,
              76.88973236083984,
              91.62339782714844,
              93.64462280273438,
              93.75196838378906,
              96.22437286376953,
              97.04766082763672,
              98.96514892578125,
              98.82034301757812,
              98.84062957763672,
              93.89549255371094,
              69.18679809570312,
              52.386802673339844,
              57.70291519165039,
              57.74480056762695,
              74.68097686767578,
              92.28927612304688,
              96.24600982666016,
              0.0012260385556146502,
              89.77190399169922,
              79.27285766601562,
              31.991466522216797,
              29.78352928161621,
              30.480571746826172,
              28.489721298217773,
              24.80138397216797,
              42.84675598144531,
              60.99699020385742,
              61.2614631652832,
              45.83313751220703,
              52.008724212646484,
              45.605735778808594,
              69.67216491699219,
              69.39762878417969,
              77.22666931152344,
              78.484375,
              74.65132904052734,
              66.58856964111328,
              90.89010620117188,
              90.55506134033203,
              90.74237060546875,
              90.92562103271484,
              90.59807586669922,
              90.64032745361328,
              93.33271026611328,
              90.49065399169922,
              90.69879150390625,
              86.73118591308594,
              81.04777526855469,
              89.51958465576172,
              90.12128448486328,
              90.4447250366211,
              93.67134857177734,
              92.95704650878906,
              88.46842956542969,
              85.38578796386719,
              95.05375671386719,
              95.2882308959961,
              97.9376220703125,
              98.077880859375,
              94.3564453125,
              92.32986450195312,
              92.41663360595703,
              88.02230834960938,
              92.28876495361328,
              91.3134994506836,
              93.7927017211914,
              93.78897857666016,
              97.24596405029297,
              97.40406799316406,
              98.1640396118164,
              98.15447235107422,
              98.67317962646484,
              99.36971282958984,
              99.5663833618164,
              99.51812744140625,
              99.5186996459961,
              99.1557388305664,
              99.25871276855469,
              99.45285034179688,
              99.54711151123047,
              99.54707336425781,
              99.48775482177734,
              99.32798767089844,
              99.27957916259766,
              98.9160385131836,
              98.91976928710938,
              99.0201644897461,
              99.36711883544922,
              99.22615051269531,
              99.43099975585938,
              99.43458557128906,
              95.2183609008789,
              78.13842010498047,
              96.07649230957031,
              98.81800079345703,
              98.80435180664062,
              98.14397430419922,
              97.20109558105469,
              94.59266662597656,
              94.47203063964844,
              84.15642547607422,
              87.10579681396484,
              94.42904663085938,
              95.97400665283203,
              96.0010986328125,
              98.16608428955078,
              95.89700317382812,
              94.63945007324219,
              94.52304077148438,
              94.7638931274414,
              97.6556167602539,
              91.59629821777344,
              93.49320220947266,
              95.78125,
              95.83442687988281,
              85.52378845214844,
              91.92868041992188,
              93.08562469482422,
              52.03309631347656,
              53.25440216064453,
              61.222450256347656,
              78.79073333740234,
              87.36979675292969,
              87.6678237915039,
              0.0014162841252982616,
              88.77606964111328,
              89.85602569580078,
              89.95182800292969,
              89.8034439086914,
              89.50985717773438,
              73.24821472167969,
              83.48106384277344,
              95.67494201660156,
              95.65813446044922,
              98.656982421875,
              99.43494415283203,
              99.58348083496094,
              99.59866333007812,
              99.5989990234375,
              99.59850311279297,
              99.61761474609375,
              99.6126480102539,
              99.59883117675781,
              99.50840759277344,
              99.53398895263672,
              99.49141693115234,
              99.38552856445312,
              99.46946716308594,
              99.3914794921875,
              99.48927307128906,
              99.46424865722656,
              99.46297454833984,
              99.46297454833984,
              99.4215087890625,
              98.92279815673828,
              98.61359405517578,
              98.06002807617188,
              97.73365020751953,
              97.00856018066406,
              98.18965148925781,
              97.68173217773438,
              98.70032501220703,
              98.30060577392578,
              99.21562957763672,
              99.1205062866211,
              99.23810577392578,
              99.23806762695312,
              99.2376708984375,
              98.80718994140625,
              99.11558532714844,
              99.04322052001953,
              99.42975616455078,
              99.2389144897461,
              99.15621948242188,
              98.94353485107422,
              98.92256927490234,
              98.59283447265625,
              98.54625701904297,
              96.4486312866211,
              89.22403717041016,
              86.87012481689453,
              95.49146270751953,
              95.60209655761719,
              97.83588409423828,
              98.25237274169922,
              98.31217193603516,
              98.00462341308594,
              97.71862030029297,
              96.56380462646484,
              91.74229431152344,
              76.93601989746094,
              87.58967590332031,
              60.071327209472656,
              52.3951301574707,
              69.79518127441406,
              79.5079345703125,
              80.43816375732422,
              86.27059936523438,
              86.4725570678711,
              83.89911651611328,
              74.2613525390625,
              73.688232421875,
              35.26493453979492,
              39.73227310180664,
              40.447532653808594,
              27.954235076904297,
              27.293773651123047,
              43.257835388183594,
              49.952152252197266,
              37.47764587402344,
              64.60120391845703,
              63.57176208496094,
              73.11670684814453,
              73.9747314453125,
              72.02790832519531,
              65.54043579101562,
              66.08493041992188,
              93.52978515625,
              93.43062591552734,
              90.65560913085938,
              90.6528091430664,
              82.30422973632812,
              90.5866470336914,
              93.3104476928711,
              93.4994125366211,
              93.67693328857422,
              87.11988067626953,
              86.42618560791016,
              90.33136749267578,
              89.62987518310547,
              89.01074981689453,
              92.7865982055664,
              90.12542724609375,
              84.79435729980469,
              89.59256744384766,
              85.79387664794922,
              90.51547241210938,
              94.20626068115234,
              95.8374252319336,
              94.35730743408203,
              94.32208251953125,
              96.02286529541016,
              92.10601806640625,
              87.56232452392578,
              87.70597839355469,
              91.39546203613281,
              96.12907409667969,
              97.25969696044922,
              98.69464874267578,
              98.70587921142578,
              98.6484603881836,
              99.2139663696289,
              99.36955261230469,
              99.5113754272461,
              99.5120620727539,
              99.51873779296875,
              99.28360748291016,
              99.2583999633789,
              99.36173248291016,
              99.36161041259766,
              99.32979583740234,
              99.32975006103516,
              99.32951354980469,
              99.32935333251953,
              99.32931518554688,
              99.16560363769531,
              99.17403411865234,
              99.24500274658203,
              99.24217987060547,
              99.35094451904297,
              99.47941589355469,
              88.04553985595703,
              40.631927490234375,
              39.53277587890625,
              96.0751953125,
              98.95073699951172,
              97.5894546508789,
              97.20056915283203,
              97.1819839477539,
              94.4719009399414,
              92.38780212402344,
              93.45053100585938,
              97.39935302734375,
              97.43568420410156,
              97.65797424316406,
              84.36194610595703,
              70.76850128173828,
              71.1988754272461,
              72.17051696777344,
              84.4703598022461,
              89.96784210205078,
              91.17037963867188,
              91.17489624023438,
              91.36457824707031,
              89.214599609375,
              85.6735610961914,
              91.96466827392578,
              91.87450408935547,
              93.0304946899414,
              93.94671630859375,
              81.13140869140625,
              72.6139907836914,
              72.63597106933594,
              82.23333740234375,
              82.84732055664062,
              82.62388610839844,
              85.214111328125,
              85.10454559326172,
              89.87504577636719,
              76.94821166992188,
              60.573448181152344,
              74.72179412841797,
              74.18789672851562,
              98.66668701171875,
              99.391357421875,
              99.54209899902344,
              99.61385345458984,
              99.61380004882812,
              99.59806060791016,
              99.61589813232422,
              99.61690521240234,
              99.61697387695312,
              99.58521270751953,
              99.59854125976562,
              99.55418395996094,
              99.31658935546875,
              99.3215560913086,
              99.12344360351562,
              99.26966857910156,
              99.26261138916016,
              99.42632293701172,
              99.42632293701172,
              99.34455108642578,
              98.93443298339844,
              98.31144714355469,
              98.6189193725586,
              98.64456939697266,
              98.409912109375,
              98.60879516601562,
              99.1014175415039,
              98.31721496582031,
              98.33740997314453,
              99.27997589111328,
              99.41780853271484,
              99.44439697265625,
              99.4374771118164,
              98.81593322753906,
              98.80241394042969,
              98.94025421142578,
              99.1465835571289,
              99.14625549316406,
              98.81328582763672,
              98.51565551757812,
              98.69056701660156,
              98.9376449584961,
              98.93109893798828,
              98.0028305053711,
              98.15422821044922,
              97.44856262207031,
              93.29911804199219,
              93.01731872558594,
              94.4220199584961,
              86.31822204589844,
              92.18534088134766,
              96.45777893066406,
              93.68963623046875,
              95.1901626586914,
              96.70166015625,
              97.93553924560547,
              94.74401092529297,
              98.12425231933594,
              91.74786376953125,
              67.86988067626953,
              40.89121627807617,
              50.70342254638672,
              12.818260192871094,
              11.890396118164062,
              34.82109451293945,
              79.04347229003906,
              93.69696044921875,
              0.0015361827099695802,
              78.23612976074219,
              38.81038284301758,
              33.79202651977539,
              71.89013671875,
              35.10312271118164,
              37.68065643310547,
              53.753387451171875,
              64.57959747314453,
              93.13069152832031,
              90.62516784667969,
              83.48153686523438,
              77.4540023803711,
              82.7221908569336,
              79.16966247558594,
              79.01030731201172,
              71.50440979003906,
              95.50332641601562,
              93.51317596435547,
              93.41061401367188,
              90.4264144897461,
              90.54761505126953,
              90.65662384033203,
              90.5197982788086,
              90.24327087402344,
              90.63074493408203,
              90.91426086425781,
              87.35325622558594,
              87.18201446533203,
              90.95220947265625,
              91.02799224853516,
              90.53482818603516,
              86.86934661865234,
              86.57213592529297,
              84.27299499511719,
              85.39636993408203,
              93.08214569091797,
              91.61661529541016,
              91.70658874511719,
              95.98551177978516,
              97.14753723144531,
              97.69073486328125,
              97.97105407714844,
              93.716064453125,
              92.48599243164062,
              94.56175994873047,
              97.49925994873047,
              98.14226531982422,
              98.69988250732422,
              98.93472290039062,
              99.14531707763672,
              99.27861022949219,
              99.39693450927734,
              99.43477630615234,
              99.55032348632812,
              99.54537963867188,
              99.4681396484375,
              99.25804138183594,
              99.35896301269531,
              99.36116027832031,
              99.01263427734375,
              99.16649627685547,
              99.16609191894531,
              99.1683578491211,
              98.96089172363281,
              99.17061614990234,
              97.43968963623047,
              97.47929382324219,
              98.44342803955078,
              99.46099853515625,
              99.38255310058594,
              84.03106689453125,
              85.06532287597656,
              45.44783401489258,
              98.1808090209961,
              98.95553588867188,
              99.1573715209961,
              97.58727264404297,
              96.74065399169922,
              95.3387451171875,
              94.26396179199219,
              94.39396667480469,
              96.08242797851562,
              97.21178436279297,
              94.66971588134766,
              63.10103988647461,
              63.9456672668457,
              78.53675842285156,
              87.43453979492188,
              81.75065612792969,
              83.6983871459961,
              83.8069839477539,
              85.99181365966797,
              91.57501220703125,
              93.3121566772461,
              97.89457702636719,
              97.84972381591797,
              98.14127349853516,
              96.9555435180664,
              98.17140197753906,
              96.93831634521484,
              96.97357177734375,
              81.42365264892578,
              85.0736312866211,
              78.5146713256836,
              79.60411071777344,
              73.45223236083984,
              68.23189544677734,
              79.94926452636719,
              74.76168060302734,
              74.22988891601562,
              60.301483154296875,
              85.31211853027344,
              98.99846649169922,
              99.52980041503906,
              99.5242919921875,
              99.60689544677734,
              99.58489227294922,
              99.61293029785156,
              99.61465454101562,
              99.6145248413086,
              99.61392211914062,
              99.61705780029297,
              99.6163330078125,
              99.57755279541016,
              99.57865905761719,
              99.23605346679688,
              99.07122039794922,
              98.81002807617188,
              99.030517578125,
              99.02556610107422,
              98.83070373535156,
              99.34925079345703,
              99.06788635253906,
              99.07018280029297,
              98.34782409667969,
              96.93053436279297,
              98.12397766113281,
              97.70047760009766,
              97.71746063232422,
              97.50028991699219,
              98.96980285644531,
              99.3901138305664,
              99.44697570800781,
              99.44574737548828,
              99.16444396972656,
              98.3191909790039,
              98.13705444335938,
              98.28931427001953,
              98.27598571777344,
              97.24378204345703,
              97.57186126708984,
              98.02680206298828,
              98.07156372070312,
              98.03091430664062,
              97.82829284667969,
              98.01677703857422,
              97.62661743164062,
              93.79228973388672,
              93.46829986572266,
              91.2939224243164,
              90.49920654296875,
              85.95671081542969,
              94.60260772705078,
              94.77710723876953,
              92.6274642944336,
              90.7792739868164,
              94.4635238647461,
              94.59931945800781,
              98.99340057373047,
              99.06932830810547,
              96.87173461914062,
              75.88235473632812,
              76.77469635009766,
              44.50643539428711,
              11.723034858703613,
              21.899864196777344,
              19.598684310913086,
              23.48483657836914,
              78.8326416015625,
              80.2254409790039,
              0.001111021265387535,
              70.83432006835938,
              71.13583374023438,
              75.76900482177734,
              78.885498046875,
              79.03457641601562,
              89.14392852783203,
              88.85284423828125,
              93.55766296386719,
              93.66123962402344,
              90.74677276611328,
              78.66283416748047,
              85.43860626220703,
              80.15968322753906,
              86.60653686523438,
              77.91763305664062,
              93.60877227783203,
              90.73725128173828,
              86.56329345703125,
              86.80316925048828,
              90.24961853027344,
              89.73033142089844,
              89.74987030029297,
              89.7188949584961,
              90.32518768310547,
              90.56673431396484,
              91.10933685302734,
              91.13768768310547,
              87.62599182128906,
              91.0054931640625,
              90.74462890625,
              90.60400390625,
              90.08287048339844,
              85.09721374511719,
              89.96339416503906,
              90.44377899169922,
              93.21177673339844,
              92.960205078125,
              95.34626007080078,
              96.6300048828125,
              96.62493896484375,
              96.69638061523438,
              87.79559326171875,
              89.18415069580078,
              97.41522216796875,
              97.44072723388672,
              98.59832763671875,
              98.68844604492188,
              99.10643005371094,
              99.2217788696289,
              99.22421264648438,
              99.41752624511719,
              99.43413543701172,
              99.521240234375,
              99.27873992919922,
              99.28063201904297,
              99.38163757324219,
              99.3593978881836,
              99.35501861572266,
              99.35497283935547,
              99.25716400146484,
              99.40841674804688,
              99.28256225585938,
              99.16728210449219,
              99.1670150756836,
              99.22606658935547,
              98.56568908691406,
              97.78434753417969,
              99.12369537353516,
              97.58773040771484,
              98.65972137451172,
              92.9870376586914,
              70.23018646240234,
              98.32931518554688,
              95.50328063964844,
              98.394287109375,
              97.60010528564453,
              95.39043426513672,
              95.43295288085938,
              92.31135559082031,
              95.49533081054688,
              94.86033630371094,
              90.35768127441406,
              55.88563537597656,
              56.866119384765625,
              57.32154846191406,
              84.56482696533203,
              84.93242645263672,
              73.42162322998047,
              81.8789291381836,
              81.77706146240234,
              79.89165496826172,
              92.76908874511719,
              92.72610473632812,
              99.02713775634766,
              99.15489196777344,
              99.1417007446289,
              98.66844177246094,
              98.6587142944336,
              98.86261749267578,
              97.80601501464844,
              94.3717269897461,
              88.35722351074219,
              88.86203002929688,
              76.96107482910156,
              82.23430633544922,
              96.25526428222656,
              87.51211547851562,
              87.23979949951172,
              66.23759460449219,
              85.50714111328125,
              97.58838653564453,
              99.32377624511719,
              99.30943298339844,
              99.59895324707031,
              99.58586120605469,
              99.59352111816406,
              99.59300231933594,
              99.620361328125,
              99.620361328125,
              99.61396789550781,
              99.60368347167969,
              99.60368347167969,
              99.5782699584961,
              99.29520416259766,
              98.26737976074219,
              98.11865997314453,
              98.09353637695312,
              98.04170989990234,
              98.1321029663086,
              97.20296478271484,
              98.81399536132812,
              98.8149642944336,
              98.47705841064453,
              95.98884582519531,
              94.95594024658203,
              98.41736602783203,
              98.40818786621094,
              98.41337585449219,
              99.13238525390625,
              99.38497161865234,
              98.96031188964844,
              98.97012329101562,
              98.9862060546875,
              98.33143615722656,
              97.26382446289062,
              96.8933334350586,
              96.841552734375,
              97.17382049560547,
              97.1636962890625,
              97.16078186035156,
              97.07611083984375,
              95.22108459472656,
              97.46601867675781,
              97.0990219116211,
              97.42766571044922,
              97.35005950927734,
              96.19599151611328,
              86.33233642578125,
              87.30099487304688,
              85.83954620361328,
              86.30972290039062,
              93.83148193359375,
              97.63095092773438,
              88.3022689819336,
              78.574951171875,
              79.10678100585938,
              95.67574310302734,
              97.71658325195312,
              97.76779174804688,
              94.8499984741211,
              94.97069549560547,
              83.34200286865234,
              62.84208297729492,
              14.88805866241455,
              10.074318885803223,
              10.254802703857422,
              46.252071380615234,
              71.3856201171875,
              57.551353454589844,
              52.180206298828125,
              50.80279541015625,
              55.388214111328125,
              71.34268188476562,
              75.66814422607422,
              75.89478302001953,
              75.45421600341797,
              88.45982360839844,
              92.5754623413086,
              92.3189926147461,
              92.37954711914062,
              92.03278350830078,
              79.9803695678711,
              79.46516418457031,
              78.95530700683594,
              79.9820327758789,
              95.4140853881836,
              90.68447875976562,
              81.78575134277344,
              86.9324722290039,
              86.82361602783203,
              89.63349151611328,
              89.14419555664062,
              89.45817565917969,
              90.3969497680664,
              91.02755737304688,
              87.59164428710938,
              86.82832336425781,
              73.91211700439453,
              73.90592956542969,
              85.69288635253906,
              90.42923736572266,
              89.91594696044922,
              84.22955322265625,
              84.91280364990234,
              85.81692504882812,
              89.93058013916016,
              92.91535186767578,
              95.11564636230469,
              95.10675811767578,
              97.8602294921875,
              97.11370849609375,
              91.14020538330078,
              80.72808074951172,
              80.94488525390625,
              93.84931182861328,
              98.43907928466797,
              99.23480987548828,
              99.23728942871094,
              99.2901382446289,
              99.36780548095703,
              99.46184539794922,
              99.38465118408203,
              99.38609313964844,
              99.39384460449219,
              99.3785629272461,
              99.45104217529297,
              99.38124084472656,
              99.3839340209961,
              99.33407592773438,
              99.45381164550781,
              99.35575103759766,
              99.40676879882812,
              99.40814208984375,
              99.23072814941406,
              99.45408630371094,
              99.4341049194336,
              98.90227508544922,
              98.93824005126953,
              99.14823913574219,
              98.55827331542969,
              94.98540496826172,
              94.98338317871094,
              83.27291107177734,
              76.81893920898438,
              97.9322280883789,
              96.80342102050781,
              96.82398986816406,
              94.77809143066406,
              91.48664855957031,
              93.93868255615234,
              93.26374816894531,
              93.3519515991211,
              48.17629623413086,
              41.65099334716797,
              50.05714416503906,
              77.53426361083984,
              21.677587509155273,
              40.069854736328125,
              68.6325912475586,
              61.83323287963867,
              76.2076416015625,
              96.59794616699219,
              95.40074157714844,
              96.86302947998047,
              98.84563446044922,
              99.14519500732422,
              96.9737777709961,
              91.81929016113281,
              87.60832977294922,
              82.0042953491211,
              71.70662689208984,
              85.78742218017578,
              93.29202270507812,
              91.55178833007812,
              93.25786590576172,
              94.96176147460938,
              89.90926361083984,
              81.37140655517578,
              71.15170288085938,
              92.97749328613281,
              90.94341278076172,
              98.83157348632812,
              99.57501983642578,
              99.5871353149414,
              99.58598327636719,
              99.5854263305664,
              99.61601257324219,
              99.61778259277344,
              99.619873046875,
              99.5738525390625,
              99.57420349121094,
              99.46489715576172,
              99.29210662841797,
              98.24371337890625,
              97.30414581298828,
              97.2894515991211,
              96.86296844482422,
              96.8651123046875,
              90.09323120117188,
              90.17945098876953,
              90.02754211425781,
              96.41667938232422,
              94.86808776855469,
              86.09275817871094,
              86.00679016113281,
              71.27483367919922,
              88.98194885253906,
              97.80965423583984,
              98.56488800048828,
              98.5569076538086,
              99.35768127441406,
              99.08875274658203,
              98.95500183105469,
              98.4976806640625,
              98.48035430908203,
              97.2375717163086,
              95.35367584228516,
              95.9377670288086,
              96.76335144042969,
              96.76063537597656,
              97.11559295654297,
              95.2208480834961,
              96.32105255126953,
              96.714111328125,
              96.61212158203125,
              96.02445220947266,
              93.6352310180664,
              78.50580596923828,
              83.56006622314453,
              83.82665252685547,
              89.20711517333984,
              94.7729263305664,
              94.07836151123047,
              78.217041015625,
              78.57035064697266,
              75.59017944335938,
              93.79560089111328,
              95.22439575195312,
              95.2112045288086,
              94.07540893554688,
              90.72357940673828,
              43.25481033325195,
              12.56246566772461,
              13.25542163848877,
              3.149082899093628,
              5.0489678382873535,
              65.17938995361328,
              80.81071472167969,
              80.26188659667969,
              34.275203704833984,
              32.08396911621094,
              23.092512130737305,
              31.62754249572754,
              31.17589569091797,
              35.64253234863281,
              30.7766170501709,
              83.15882110595703,
              90.54833984375,
              90.13452911376953,
              89.42523956298828,
              68.54705047607422,
              62.30988311767578,
              69.02289581298828,
              68.76908874511719,
              77.87885284423828,
              96.89431762695312,
              90.79411315917969,
              86.93865203857422,
              81.90180969238281,
              81.68363189697266,
              86.47500610351562,
              72.31546020507812,
              74.34735107421875,
              86.97826385498047,
              86.96678924560547,
              81.104736328125,
              86.30359649658203,
              86.10205841064453,
              80.8327407836914,
              90.46188354492188,
              90.62652587890625,
              86.97981262207031,
              93.34789276123047,
              84.66926574707031,
              85.125732421875,
              90.57310485839844,
              91.07052612304688,
              95.25689697265625,
              96.6983642578125,
              97.67221069335938,
              96.73373413085938,
              96.76087951660156,
              95.49422454833984,
              85.761474609375,
              94.76251220703125,
              98.9200439453125,
              98.92413330078125,
              99.37916564941406,
              99.19509887695312,
              99.38288116455078,
              99.5483169555664,
              99.5491943359375,
              99.46357727050781,
              99.5121078491211,
              99.45216369628906,
              99.51162719726562,
              99.51227569580078,
              99.50070190429688,
              99.51282501220703,
              99.50347137451172,
              99.50338745117188,
              99.1698989868164,
              99.12004089355469,
              99.33705139160156,
              99.47974395751953,
              99.47982788085938,
              99.51222229003906,
              99.4566650390625,
              99.48435974121094,
              99.47163391113281,
              99.46873474121094,
              98.51509094238281,
              91.3726806640625,
              52.738155364990234,
              96.35391235351562,
              96.34297180175781,
              98.28263854980469,
              97.95353698730469,
              97.20360565185547,
              92.47270965576172,
              92.38092803955078,
              42.569419860839844,
              38.212623596191406,
              24.366222381591797,
              0.0010468221735209227,
              23.790729522705078,
              15.029180526733398,
              24.233510971069336,
              50.338958740234375,
              48.05138397216797,
              63.21845626831055,
              81.40000915527344,
              85.96620178222656,
              87.92349243164062,
              87.89108276367188,
              67.43342590332031,
              72.3086166381836,
              63.60841369628906,
              66.97025299072266,
              67.41365814208984,
              88.25598907470703,
              83.87106323242188,
              92.52593994140625,
              94.98616790771484,
              90.17621612548828,
              77.40918731689453,
              85.53374481201172,
              71.53253173828125,
              67.75852966308594,
              94.51924133300781,
              97.3485107421875,
              99.4423828125,
              99.56646728515625,
              99.51516723632812,
              99.5296401977539,
              99.59943389892578,
              99.61778259277344,
              99.60392761230469,
              99.55329895019531,
              99.55519104003906,
              99.11930847167969,
              98.93595123291016,
              97.19102478027344,
              88.65532684326172,
              84.88014221191406,
              93.0975112915039,
              94.38169860839844,
              93.8470458984375,
              71.8450927734375,
              82.64784240722656,
              85.03329467773438,
              88.93514251708984,
              93.75035095214844,
              93.75562286376953,
              95.6716079711914,
              91.57305145263672,
              91.92350769042969,
              97.8237533569336,
              97.78338623046875,
              98.49638366699219,
              98.55805969238281,
              98.85821533203125,
              98.15795135498047,
              98.13638305664062,
              98.31737518310547,
              98.04322814941406,
              95.30854034423828,
              97.10098266601562,
              97.14356231689453,
              96.38228607177734,
              97.14576721191406,
              97.14479064941406,
              97.14991760253906,
              98.04536437988281,
              97.07779693603516,
              96.11869812011719,
              90.58944702148438,
              90.25410461425781,
              87.8960189819336,
              84.95500183105469,
              89.87264251708984,
              89.47169494628906,
              89.73406219482422,
              89.58599090576172,
              89.84844207763672,
              92.74429321289062,
              94.90681457519531,
              94.93328094482422,
              93.1852798461914,
              84.12870788574219,
              16.132078170776367,
              12.09960651397705,
              12.302704811096191,
              7.899651050567627,
              10.474760055541992,
              35.463130950927734,
              53.80670928955078,
              55.33086013793945,
              77.25788116455078,
              35.422454833984375,
              15.406623840332031,
              13.041297912597656,
              14.433836936950684,
              14.90220832824707,
              15.373974800109863,
              32.07707214355469,
              29.881921768188477,
              74.98411560058594,
              88.33221435546875,
              85.04428100585938,
              36.62423324584961,
              38.296897888183594,
              37.60181427001953,
              64.1187973022461,
              75.97146606445312,
              95.6731948852539,
              95.46385192871094,
              87.02392578125,
              75.70145416259766,
              82.47648620605469,
              59.15684509277344,
              69.6116714477539,
              80.99165344238281,
              81.24832916259766,
              86.2548828125,
              81.1902847290039,
              86.54827117919922,
              90.4361343383789,
              90.44725036621094,
              90.38739013671875,
              86.99580383300781,
              91.01795196533203,
              93.18244171142578,
              79.19454956054688,
              85.99571228027344,
              88.10049438476562,
              87.55741882324219,
              89.27567291259766,
              96.47323608398438,
              95.53720092773438,
              95.66532135009766,
              95.78592681884766,
              95.26360321044922,
              92.37487030029297,
              94.42984771728516,
              94.7581787109375,
              98.9366683959961,
              99.23440551757812,
              99.37666320800781,
              99.37828063964844,
              99.13530731201172,
              99.28634643554688,
              99.39196014404297,
              99.39457702636719,
              99.39602661132812,
              99.46829986572266,
              99.51789093017578,
              99.38219451904297,
              99.4024658203125,
              99.40230560302734,
              99.45248413085938,
              99.30655670166016,
              99.38207244873047,
              99.31204223632812,
              99.31208801269531,
              99.34102630615234,
              99.37895965576172,
              99.34088134765625,
              99.52728271484375,
              99.52759552001953,
              99.54173278808594,
              99.4564208984375,
              84.6687240600586,
              85.9273910522461,
              39.66533660888672,
              90.69758605957031,
              97.0329360961914,
              98.2064208984375,
              98.21875,
              93.09320068359375,
              59.06037139892578,
              43.18165588378906,
              43.76315689086914,
              42.35294723510742,
              44.97929382324219,
              82.9813461303711,
              50.611572265625,
              30.631776809692383,
              31.0178165435791,
              47.38109588623047,
              78.78135681152344,
              76.26439666748047,
              88.12727355957031,
              88.17243957519531,
              92.58501434326172,
              87.61872863769531,
              94.3874740600586,
              93.53031158447266,
              93.53901672363281,
              97.38900756835938,
              85.9647216796875,
              88.49715423583984,
              0.0012995690340176225,
              92.5107650756836,
              78.85757446289062,
              65.13825988769531,
              74.3766098022461,
              73.50520324707031,
              98.40738677978516,
              99.19597625732422,
              99.19633483886719,
              99.54297637939453,
              99.54293823242188,
              99.4671859741211,
              99.55052185058594,
              99.60392761230469,
              99.58709716796875,
              99.58734130859375,
              99.59320068359375,
              99.21334838867188,
              97.78081512451172,
              97.06531524658203,
              97.08917999267578,
              68.03413391113281,
              84.22212982177734,
              90.09156799316406,
              82.90135192871094,
              80.81764221191406,
              89.4227294921875,
              80.45699310302734,
              94.19607543945312,
              94.20140075683594,
              91.66907501220703,
              88.86514282226562,
              94.83110809326172,
              96.1335678100586,
              96.08612823486328,
              98.83992767333984,
              98.83492279052734,
              98.97064971923828,
              99.3055191040039,
              99.17327117919922,
              99.16669464111328,
              98.53412628173828,
              98.13489532470703,
              97.82588195800781,
              98.60823059082031,
              98.30821990966797,
              98.51780700683594,
              98.48624420166016,
              96.3514633178711,
              96.7818832397461,
              98.032470703125,
              98.41740417480469,
              98.38525390625,
              96.02378845214844,
              91.80656433105469,
              94.16165924072266,
              95.43814086914062,
              96.4725112915039,
              95.97545623779297,
              96.10106658935547,
              90.84841918945312,
              88.134033203125,
              93.7939453125,
              92.17250061035156,
              93.89277648925781,
              89.15187072753906,
              79.8132095336914,
              39.61194610595703,
              47.88679885864258,
              14.894561767578125,
              19.4138126373291,
              20.267641067504883,
              41.005332946777344,
              28.585124969482422,
              40.40324020385742,
              45.067420959472656,
              50.12382888793945,
              42.47995376586914,
              40.835235595703125,
              38.38321304321289,
              17.832128524780273,
              21.132057189941406,
              19.75773811340332,
              18.601959228515625,
              27.691564559936523,
              59.806888580322266,
              78.95230102539062,
              50.85512924194336,
              52.44732666015625,
              35.76713943481445,
              30.53274154663086,
              59.48029708862305,
              69.70428466796875,
              96.94871520996094,
              91.16478729248047,
              82.87045288085938,
              82.72303009033203,
              82.7001953125,
              76.12083435058594,
              63.591461181640625,
              74.19090270996094,
              74.3950424194336,
              75.03592681884766,
              86.23429107666016,
              85.98887634277344,
              86.09877014160156,
              86.27349090576172,
              86.93550872802734,
              90.51964569091797,
              93.00535583496094,
              92.12322235107422,
              92.69470977783203,
              94.18673706054688,
              87.6360855102539,
              74.4884262084961,
              84.45198822021484,
              85.22228240966797,
              94.91828155517578,
              93.79971313476562,
              95.67947387695312,
              95.74227905273438,
              93.91300964355469,
              95.98526000976562,
              95.60431671142578,
              98.63435363769531,
              99.23235321044922,
              98.97138977050781,
              99.33910369873047,
              99.42306518554688,
              99.3712387084961,
              99.43907928466797,
              99.4402084350586,
              99.39561462402344,
              99.46800994873047,
              99.373779296875,
              99.39938354492188,
              99.40367126464844,
              99.35343170166016,
              99.42908477783203,
              99.43731689453125,
              99.26683807373047,
              99.37751007080078,
              98.78990936279297,
              99.04022216796875,
              99.37879180908203,
              99.38004302978516,
              99.4288330078125,
              99.56053161621094,
              99.51508331298828,
              99.17451477050781,
              99.19203186035156,
              80.83184814453125,
              46.77311325073242,
              21.46071434020996,
              37.027099609375,
              36.998470306396484,
              76.57689666748047,
              46.31680679321289,
              29.944271087646484,
              80.4875717163086,
              79.38797760009766,
              93.8431396484375,
              93.84152221679688,
              93.12451171875,
              93.41625213623047,
              79.06288146972656,
              62.0699462890625,
              66.81851959228516,
              61.668182373046875,
              60.83171844482422,
              54.212440490722656,
              70.30094909667969,
              93.81517791748047,
              98.82176208496094,
              98.7734375,
              99.35891723632812,
              98.84806823730469,
              94.92259979248047,
              79.70758819580078,
              80.41323852539062,
              89.58216094970703,
              76.68769073486328,
              79.20819854736328,
              69.83863067626953,
              68.43232727050781,
              88.6095962524414,
              98.66905212402344,
              98.86274719238281,
              99.32701873779297,
              99.32947540283203,
              99.3935775756836,
              99.48516845703125,
              99.51717376708984,
              99.51631927490234,
              99.58807373046875,
              99.60404968261719,
              99.21290588378906,
              94.77413940429688,
              94.81011962890625,
              93.74837493896484,
              60.94294738769531,
              53.516082763671875,
              68.9027099609375,
              68.5348892211914,
              65.98451232910156,
              71.425048828125,
              77.54800415039062,
              62.79715347290039,
              62.840675354003906,
              66.48015594482422,
              66.5053939819336,
              82.2772445678711,
              94.91466522216797,
              94.91954803466797,
              98.71656036376953,
              98.70349884033203,
              98.85092163085938,
              98.85857391357422,
              98.84198760986328,
              99.23271179199219,
              98.94963836669922,
              98.83352661132812,
              98.06806182861328,
              98.07827758789062,
              98.62596893310547,
              98.5889892578125,
              98.45712280273438,
              98.48656463623047,
              98.02162170410156,
              97.74903869628906,
              98.39671325683594,
              96.94937133789062,
              96.82622528076172,
              85.23845672607422,
              84.15242767333984,
              94.69447326660156,
              96.4959487915039,
              96.60414123535156,
              99.13006591796875,
              97.07064056396484,
              91.8335952758789,
              92.80476379394531,
              73.62234497070312,
              76.87797546386719,
              85.13697814941406,
              88.79885864257812,
              87.67557525634766,
              94.7783432006836,
              68.86309051513672,
              24.870866775512695,
              20.460895538330078,
              16.573909759521484,
              20.375696182250977,
              22.58208465576172,
              30.293148040771484,
              52.599952697753906,
              22.873035430908203,
              10.947677612304688,
              19.05926513671875,
              52.16669464111328,
              72.15563201904297,
              37.249271392822266,
              34.215274810791016,
              15.177374839782715,
              23.781822204589844,
              27.094093322753906,
              16.936031341552734,
              23.387907028198242,
              44.26665115356445,
              33.67582321166992,
              33.688865661621094,
              49.2078742980957,
              61.080074310302734,
              82.99931335449219,
              77.26300811767578,
              76.85435485839844,
              76.26240539550781,
              71.42435455322266,
              67.84941864013672,
              74.71617126464844,
              74.4078598022461,
              66.40176391601562,
              81.5663070678711,
              81.58123016357422,
              86.99235534667969,
              86.99476623535156,
              87.17472839355469,
              90.33705139160156,
              93.26271057128906,
              96.3990478515625,
              96.55144500732422,
              95.89446258544922,
              92.9965591430664,
              78.9448471069336,
              81.15245819091797,
              81.57110595703125,
              92.57463836669922,
              94.86637115478516,
              93.7356948852539,
              93.82168579101562,
              95.9830093383789,
              95.78618621826172,
              95.33196258544922,
              96.88896179199219,
              96.92172241210938,
              97.30207061767578,
              98.61724090576172,
              99.22089385986328,
              99.38179016113281,
              99.38198852539062,
              99.47858428955078,
              99.53201293945312,
              99.48641967773438,
              99.48721313476562,
              99.37823486328125,
              99.40206146240234,
              99.52261352539062,
              99.52783203125,
              99.53630828857422,
              99.26809692382812,
              99.20904541015625,
              99.20904541015625,
              98.789306640625,
              99.2643051147461,
              99.20884704589844,
              99.45726776123047,
              99.4933090209961,
              99.38101196289062,
              99.38235473632812,
              99.46372985839844,
              99.470703125,
              96.6783447265625,
              64.03755187988281,
              96.91851806640625,
              52.74077606201172,
              23.50240135192871,
              23.179126739501953,
              19.465484619140625,
              18.277402877807617,
              79.71370697021484,
              96.12059783935547,
              98.33868408203125,
              99.05778503417969,
              99.08478546142578,
              97.02457427978516,
              79.1166000366211,
              68.58613586425781,
              51.446006774902344,
              51.493133544921875,
              41.1845703125,
              40.421051025390625,
              79.94830322265625,
              97.8761215209961,
              97.85299682617188,
              99.56319427490234,
              99.56319427490234,
              99.36426544189453,
              99.36442565917969,
              93.63170623779297,
              77.84852600097656,
              79.79299926757812,
              82.4226303100586,
              80.92536163330078,
              96.33343505859375,
              97.36260223388672,
              98.08020782470703,
              97.7989273071289,
              97.80108642578125,
              97.78792572021484,
              98.86257934570312,
              99.43546295166016,
              99.5380859375,
              99.5380859375,
              99.57508850097656,
              99.59954833984375,
              99.04559326171875,
              93.78372192382812,
              93.86215209960938,
              74.37802124023438,
              48.755558013916016,
              54.93736267089844,
              65.3538589477539,
              64.93753051757812,
              68.72261810302734,
              80.97599792480469,
              82.2747802734375,
              83.45283508300781,
              83.47409057617188,
              75.76202392578125,
              85.53303527832031,
              90.6036148071289,
              90.47431182861328,
              97.92170715332031,
              99.08649444580078,
              99.17247009277344,
              99.16941833496094,
              99.16968536376953,
              99.2384262084961,
              99.38874816894531,
              99.35746765136719,
              99.30237579345703,
              99.2964859008789,
              99.34864044189453,
              98.99214172363281,
              98.8075942993164,
              98.75696563720703,
              98.75517272949219,
              97.50553131103516,
              96.76373291015625,
              97.1137924194336,
              96.69190979003906,
              96.61441802978516,
              92.48572540283203,
              85.83849334716797,
              79.73869323730469,
              92.4144058227539,
              92.78057098388672,
              98.79132080078125,
              99.15164947509766,
              95.4913330078125,
              85.17642211914062,
              85.28780364990234,
              49.196044921875,
              72.6474838256836,
              82.8209457397461,
              82.5200424194336,
              85.00489044189453,
              78.4927749633789,
              56.92572021484375,
              22.786102294921875,
              23.657379150390625,
              60.608177185058594,
              74.56358337402344,
              28.239843368530273,
              20.189870834350586,
              18.728633880615234,
              22.2675838470459,
              30.316650390625,
              35.24977111816406,
              31.05545425415039,
              0.0018952472601085901,
              64.34011840820312,
              30.294904708862305,
              13.525679588317871,
              20.17462921142578,
              20.468698501586914,
              17.087005615234375,
              20.339399337768555,
              24.934343338012695,
              32.31188201904297,
              31.275325775146484,
              69.94766235351562,
              69.83821868896484,
              70.19339752197266,
              82.65499877929688,
              20.184860229492188,
              0.9936827421188354,
              0.3250751197338104,
              0.7830144762992859,
              51.092506408691406,
              74.81780242919922,
              75.16143035888672,
              82.51229858398438,
              83.18338012695312,
              88.1050796508789,
              91.04468536376953,
              94.97407531738281,
              93.84822845458984,
              93.99774932861328,
              95.7627182006836,
              95.5951919555664,
              94.6568374633789,
              92.09991455078125,
              92.27743530273438,
              84.87935638427734,
              85.21111297607422,
              95.52201080322266,
              95.47401428222656,
              95.5684814453125,
              95.76716613769531,
              95.72301483154297,
              93.84440612792969,
              94.2678451538086,
              94.37690734863281,
              96.90120697021484,
              97.99910736083984,
              98.12454223632812,
              99.26261138916016,
              99.26667785644531,
              99.45501708984375,
              99.48818969726562,
              99.53800201416016,
              99.53852081298828,
              99.48709869384766,
              99.55085754394531,
              99.57959747314453,
              99.59007263183594,
              99.59007263183594,
              99.54623413085938,
              99.26752471923828,
              99.33833312988281,
              99.02438354492188,
              99.0240249633789,
              98.94499206542969,
              99.21034240722656,
              99.42935180664062,
              99.42928314208984,
              99.43035888671875,
              99.48118591308594,
              99.52928161621094,
              99.3977279663086,
              99.03295135498047,
              96.04932403564453,
              91.04061889648438,
              84.85265350341797,
              22.388450622558594,
              18.953266143798828,
              66.98062896728516,
              92.43791961669922,
              98.46178436279297,
              98.39617919921875,
              98.40618896484375,
              96.81645965576172,
              96.93025207519531,
              95.61923217773438,
              86.6356201171875,
              92.65533447265625,
              82.49897003173828,
              88.46504974365234,
              65.83226013183594,
              55.75877380371094,
              91.33573150634766,
              98.34152221679688,
              99.48698425292969,
              99.5631103515625,
              97.99569702148438,
              97.99622344970703,
              96.44343566894531,
              86.5029525756836,
              79.86631774902344,
              84.73534393310547,
              84.15447998046875,
              95.76084899902344,
              99.00553131103516,
              98.66312408447266,
              97.07624053955078,
              97.00337982177734,
              97.41217803955078,
              98.11544799804688,
              98.65802764892578,
              99.38861846923828,
              99.38661193847656,
              99.38468170166016,
              99.58577728271484,
              97.51277160644531,
              97.54855346679688,
              92.90605163574219,
              72.14152526855469,
              61.89329147338867,
              72.32844543457031,
              71.43061065673828,
              50.009071350097656,
              52.38274383544922,
              75.05535125732422,
              65.0318603515625,
              64.80500030517578,
              71.67716979980469,
              86.06726837158203,
              70.47740936279297,
              91.80473327636719,
              91.75785827636719,
              97.26683807373047,
              98.71516418457031,
              99.16537475585938,
              99.35549926757812,
              99.35570526123047,
              99.30543518066406,
              99.28743743896484,
              99.1568603515625,
              99.05782318115234,
              99.04235076904297,
              99.13390350341797,
              97.77823638916016,
              98.78089141845703,
              98.20203399658203,
              98.18856048583984,
              98.27894592285156,
              97.50381469726562,
              96.32056427001953,
              96.23090362548828,
              97.09893798828125,
              96.58488464355469,
              89.13003540039062,
              86.07335662841797,
              85.82657623291016,
              74.15962982177734,
              95.65189361572266,
              98.47494506835938,
              95.6408462524414,
              95.7449722290039,
              74.99760437011719,
              45.864105224609375,
              37.705047607421875,
              50.15143585205078,
              49.80266571044922,
              66.03185272216797,
              43.13331985473633,
              27.482912063598633,
              21.588804244995117,
              23.091405868530273,
              19.18851089477539,
              44.3314208984375,
              32.543094635009766,
              20.96307373046875,
              20.104520797729492,
              13.41729736328125,
              76.17655181884766,
              84.49398803710938,
              66.37958526611328,
              68.9520492553711,
              23.321680068969727,
              55.59728240966797,
              54.34996032714844,
              14.698217391967773,
              13.766071319580078,
              27.196231842041016,
              20.342788696289062,
              19.898740768432617,
              20.464340209960938,
              22.107698440551758,
              48.3257942199707,
              67.07681274414062,
              60.215423583984375,
              45.85221862792969,
              29.773088455200195,
              1.0002961158752441,
              0.028130315244197845,
              0.006661106366664171,
              0.013144618831574917,
              0.24776989221572876,
              65.44564819335938,
              86.886962890625,
              87.49788665771484,
              91.8233642578125,
              93.48084259033203,
              94.84496307373047,
              93.77393341064453,
              93.7288589477539,
              87.59524536132812,
              87.01593780517578,
              89.83773803710938,
              92.96049499511719,
              93.17424774169922,
              89.00288391113281,
              85.11517333984375,
              94.70442962646484,
              94.81800842285156,
              96.9593734741211,
              95.59773254394531,
              93.75595092773438,
              96.01538848876953,
              96.0716552734375,
              96.22982788085938,
              95.89134979248047,
              96.23738861083984,
              98.16018676757812,
              98.17748260498047,
              98.70437622070312,
              99.24363708496094,
              99.41173553466797,
              99.4129409790039,
              99.41426849365234,
              99.44574737548828,
              99.5030288696289,
              99.55036926269531,
              99.5944595336914,
              99.59440612792969,
              99.57565307617188,
              99.39031219482422,
              99.11096954345703,
              99.10767364501953,
              99.11048889160156,
              99.21037292480469,
              99.2126235961914,
              99.21238708496094,
              99.21190643310547,
              99.43020629882812,
              99.27281188964844,
              99.44036102294922,
              99.53823852539062,
              99.53872680664062,
              99.3106460571289,
              69.60231018066406,
              38.0959358215332,
              49.76837158203125,
              50.97710037231445,
              83.87244415283203,
              84.64232635498047,
              95.30980682373047,
              95.9697265625,
              95.97653198242188,
              75.7498779296875,
              85.89781188964844,
              94.36332702636719,
              95.3349838256836,
              95.39866638183594,
              97.20951843261719,
              98.0970458984375,
              99.09234619140625,
              94.28338623046875,
              99.54004669189453,
              99.53626251220703,
              99.59797668457031,
              99.59794616699219,
              99.5982666015625,
              96.44159698486328,
              90.44120025634766,
              79.61986541748047,
              87.17350006103516,
              87.08409881591797,
              81.58033752441406,
              91.84912109375,
              98.41880798339844,
              99.07150268554688,
              94.08567810058594,
              95.08621215820312,
              95.62049865722656,
              96.63410949707031,
              97.386474609375,
              98.43279266357422,
              99.13226318359375,
              99.43490600585938,
              99.43345642089844,
              99.32064056396484,
              95.98729705810547,
              88.97904968261719,
              82.4747543334961,
              65.72460174560547,
              86.32445526123047,
              86.33003997802734,
              87.83055114746094,
              80.67740631103516,
              75.55266571044922,
              75.43024444580078,
              75.2721176147461,
              71.9449462890625,
              63.77967071533203,
              62.81071472167969,
              78.59915161132812,
              72.36570739746094,
              80.55712890625,
              96.08016967773438,
              98.83629608154297,
              98.82563781738281,
              99.15441131591797,
              99.23163604736328,
              99.35464477539062,
              98.36607360839844,
              98.36624145507812,
              99.06282806396484,
              98.67987060546875,
              98.26065826416016,
              97.41908264160156,
              97.37753295898438,
              96.30850219726562,
              97.10477447509766,
              97.05509185791016,
              96.23344421386719,
              96.16991424560547,
              95.09769439697266,
              94.3040771484375,
              92.60780334472656,
              89.96724700927734,
              89.79133605957031,
              84.65792846679688,
              91.92759704589844,
              99.11260986328125,
              96.77569580078125,
              96.83566284179688,
              90.67280578613281,
              57.961971282958984,
              39.66352844238281,
              31.872793197631836,
              31.531038284301758,
              26.276817321777344,
              43.21540832519531,
              22.810382843017578,
              22.89410972595215,
              17.144935607910156,
              21.386642456054688,
              19.503265380859375,
              26.51896858215332,
              24.606489181518555,
              12.53515911102295,
              17.405935287475586,
              43.63594055175781,
              90.17095947265625,
              89.91199493408203,
              93.8023681640625,
              63.17374801635742,
              20.193172454833984,
              24.72142791748047,
              24.32367706298828,
              41.608646392822266,
              37.1646614074707,
              31.192604064941406,
              18.48543930053711,
              17.922731399536133,
              23.144943237304688,
              33.85917663574219,
              48.46227264404297,
              62.217594146728516,
              60.732913970947266,
              21.435209274291992,
              27.722150802612305,
              1.3975071907043457,
              0.02943575754761696,
              0.00481011625379324,
              0.010854342021048069,
              4.0662007331848145,
              74.76506805419922,
              82.16748046875,
              87.86856842041016,
              88.25377655029297,
              88.43675231933594,
              87.78264617919922,
              90.74869537353516,
              90.37284088134766,
              92.53822326660156,
              92.6594467163086,
              92.78034210205078,
              90.13383483886719,
              90.31893157958984,
              89.1576919555664,
              94.78776550292969,
              94.86482238769531,
              94.98517608642578,
              93.82957458496094,
              95.98402404785156,
              94.3989486694336,
              94.4765396118164,
              96.21986389160156,
              96.15091705322266,
              96.0361557006836,
              96.07506561279297,
              96.1208267211914,
              98.1832504272461,
              99.24161529541016,
              99.24076843261719,
              99.24327087402344,
              99.4125747680664,
              99.34510803222656,
              99.38786315917969,
              99.47512817382812,
              99.47601318359375,
              99.54527282714844,
              99.5914077758789,
              99.51708984375,
              99.08027648925781,
              99.08049011230469,
              99.30648040771484,
              99.2267074584961,
              99.41127014160156,
              99.37895965576172,
              99.38016510009766,
              99.35198211669922,
              99.43108367919922,
              99.44017791748047,
              99.48115539550781,
              99.48107147216797,
              99.39067840576172,
              93.60551452636719,
              63.18345642089844,
              59.518348693847656,
              58.82299041748047,
              41.6955451965332,
              73.72027587890625,
              76.84896850585938,
              76.8821792602539,
              87.32827758789062,
              49.40756607055664,
              63.77170181274414,
              67.97372436523438,
              66.7586898803711,
              95.77503967285156,
              98.9530029296875,
              98.58187866210938,
              99.44807434082031,
              99.45011138916016,
              99.4939956665039,
              99.56544494628906,
              99.56497192382812,
              99.49112701416016,
              99.49290466308594,
              94.32920837402344,
              76.2922134399414,
              79.1977310180664,
              82.8740234375,
              83.02448272705078,
              90.55313110351562,
              91.0807876586914,
              87.38667297363281,
              93.87025451660156,
              93.95276641845703,
              89.7236328125,
              93.33871459960938,
              92.86324310302734,
              94.92697143554688,
              92.2232666015625,
              97.7940902709961,
              99.0135269165039,
              99.3860092163086,
              99.38448333740234,
              98.9948959350586,
              83.98526763916016,
              75.78465270996094,
              88.85142517089844,
              89.09091186523438,
              94.80988311767578,
              80.75715637207031,
              59.021820068359375,
              75.51268768310547,
              27.286697387695312,
              35.010276794433594,
              62.66310119628906,
              81.9773941040039,
              77.72122955322266,
              88.41123962402344,
              89.21099090576172,
              91.41155242919922,
              88.4119873046875,
              94.01798248291016,
              92.1845474243164,
              95.40013122558594,
              98.32867431640625,
              98.54131317138672,
              98.54930114746094,
              98.71143341064453,
              97.57948303222656,
              99.05705261230469,
              98.81965637207031,
              97.51555633544922,
              97.47537231445312,
              96.69851684570312,
              95.5606460571289,
              96.08048248291016,
              93.26851654052734,
              93.25566101074219,
              95.85877990722656,
              95.64176177978516,
              93.65154266357422,
              97.24508666992188,
              95.40074157714844,
              94.20321655273438,
              92.77944946289062,
              98.99994659423828,
              99.0374755859375,
              98.81609344482422,
              94.34750366210938,
              78.13198852539062,
              44.90983963012695,
              45.5419921875,
              26.26272964477539,
              22.655704498291016,
              18.87589454650879,
              23.03249168395996,
              23.00185203552246,
              29.73395347595215,
              23.278038024902344,
              22.60869789123535,
              31.749502182006836,
              34.57345962524414,
              17.31773567199707,
              18.518341064453125,
              21.530460357666016,
              52.7735481262207,
              51.190853118896484,
              92.39179992675781,
              89.83891296386719,
              63.75815963745117,
              21.491666793823242,
              22.332761764526367,
              19.695858001708984,
              36.440452575683594,
              0.0019036169396713376,
              22.43673324584961,
              21.534786224365234,
              25.130929946899414,
              25.97418212890625,
              49.719261169433594,
              48.71538543701172,
              56.295509338378906,
              59.63494873046875,
              18.56325340270996,
              17.193517684936523,
              18.86553382873535,
              1.3338881731033325,
              0.32540735602378845,
              1.0808415412902832,
              74.60909271240234,
              81.84915161132812,
              91.46385192871094,
              88.04314422607422,
              87.85591888427734,
              86.95223999023438,
              90.43254852294922,
              90.43102264404297,
              90.43441772460938,
              92.5851821899414,
              93.03215789794922,
              90.19007873535156,
              93.25640869140625,
              94.66444396972656,
              94.78717803955078,
              92.61405181884766,
              96.30184173583984,
              94.93482208251953,
              95.6344985961914,
              95.62371826171875,
              96.06398010253906,
              94.47115325927734,
              94.50695037841797,
              94.5506591796875,
              94.60108947753906,
              92.44712829589844,
              96.07304382324219,
              97.43453979492188,
              99.0130386352539,
              98.64833068847656,
              99.26128387451172,
              99.36566925048828,
              99.25089263916016,
              99.45734405517578,
              99.45726776123047,
              99.56946563720703,
              99.58003234863281,
              99.5958480834961,
              99.56633758544922,
              99.566650390625,
              99.46361541748047,
              99.32730102539062,
              99.08934783935547,
              99.08930969238281,
              99.2123031616211,
              99.31326293945312,
              99.3433837890625,
              99.51536560058594,
              99.5152816772461,
              99.4095458984375,
              99.3982162475586,
              99.36298370361328,
              97.51131439208984,
              97.63790893554688,
              62.67598342895508,
              69.37889099121094,
              57.134586334228516,
              51.05558776855469,
              51.58392333984375,
              67.81343078613281,
              63.115318298339844,
              48.63716506958008,
              55.16055679321289,
              55.40190505981445,
              66.37870788574219,
              95.87107849121094,
              97.7670669555664,
              98.87196350097656,
              98.86238861083984,
              99.34111022949219,
              97.47492218017578,
              98.0233383178711,
              98.795166015625,
              98.80181884765625,
              97.3020248413086,
              77.27810668945312,
              71.48355102539062,
              71.4892807006836,
              71.92208862304688,
              98.4858169555664,
              92.44464111328125,
              88.44453430175781,
              88.55149841308594,
              88.68907165527344,
              85.52481842041016,
              92.73346710205078,
              91.64563751220703,
              91.6506118774414,
              83.09651947021484,
              92.7726058959961,
              96.0131607055664,
              97.37806701660156,
              97.38885498046875,
              93.92312622070312,
              91.11343383789062,
              71.23979949951172,
              94.61441802978516,
              94.75943756103516,
              96.02316284179688,
              95.99922180175781,
              80.62379455566406,
              40.24287033081055,
              39.70602035522461,
              47.00292205810547,
              61.64459991455078,
              82.56156158447266,
              86.22052764892578,
              86.3022689819336,
              96.51432037353516,
              97.65498352050781,
              93.60453796386719,
              93.91442108154297,
              93.1917495727539,
              94.9586181640625,
              94.83859252929688,
              97.6031723022461,
              97.58952331542969,
              98.69721221923828,
              99.22315979003906,
              98.29640197753906,
              98.48285675048828,
              98.4715805053711,
              96.55409240722656,
              96.0759048461914,
              95.52393341064453,
              95.51726531982422,
              95.34784698486328,
              94.73604583740234,
              94.81697845458984,
              95.09690856933594,
              95.24616241455078,
              95.00567626953125,
              96.44886016845703,
              96.11617279052734,
              96.9756851196289,
              98.43307495117188,
              99.03205871582031,
              98.94558715820312,
              96.81495666503906,
              90.68125915527344,
              81.27680206298828,
              90.74595642089844,
              70.17516326904297,
              35.08363342285156,
              20.705495834350586,
              26.269006729125977,
              25.609344482421875,
              26.529226303100586,
              19.15914535522461,
              20.70916175842285,
              23.901647567749023,
              28.941709518432617,
              34.917152404785156,
              29.066177368164062,
              36.928016662597656,
              25.740230560302734,
              32.65940856933594,
              81.05030822753906,
              92.6380844116211,
              90.53809356689453,
              87.13902282714844,
              41.08133316040039,
              17.601558685302734,
              24.634733200073242,
              37.44722366333008,
              34.65119171142578,
              18.803592681884766,
              25.536705017089844,
              37.003440856933594,
              44.064979553222656,
              42.03874969482422,
              58.109222412109375,
              65.47090911865234,
              56.247093200683594,
              1.9205523130949587e-05,
              37.45146942138672,
              45.10868835449219,
              68.866943359375,
              82.36711883544922,
              68.48418426513672,
              68.76343536376953,
              76.7630844116211,
              87.92540740966797,
              87.7358627319336,
              91.2110366821289,
              91.15321350097656,
              93.72792053222656,
              93.73035430908203,
              93.77538299560547,
              93.02647399902344,
              93.18025207519531,
              90.39865112304688,
              94.57221221923828,
              94.5738525390625,
              89.20040893554688,
              94.89790344238281,
              97.82544708251953,
              97.00606536865234,
              97.02054595947266,
              95.55030059814453,
              97.19365692138672,
              97.359375,
              94.59561157226562,
              94.63554382324219,
              94.508544921875,
              92.44773864746094,
              97.41587829589844,
              97.46199035644531,
              98.68543243408203,
              99.02980041503906,
              99.00467681884766,
              99.3639907836914,
              99.36544036865234,
              99.4543685913086,
              99.50049591064453,
              99.57584381103516,
              99.58589935302734,
              99.550048828125,
              99.55060577392578,
              99.51752471923828,
              99.39366149902344,
              99.20475769042969,
              99.11320495605469,
              99.13720703125,
              98.33307647705078,
              98.9070053100586,
              98.23345184326172,
              98.19756317138672,
              99.38604736328125,
              99.46769714355469,
              99.23190307617188,
              98.90917205810547,
              98.91297912597656,
              98.26017761230469,
              69.28208923339844,
              52.51491165161133,
              59.9169921875,
              59.85870361328125,
              70.80545043945312,
              64.60688018798828,
              66.03593444824219,
              66.01947021484375,
              61.011348724365234,
              48.917354583740234,
              63.007240295410156,
              81.71780395507812,
              80.93115997314453,
              98.04119873046875,
              98.46302032470703,
              97.48355102539062,
              80.92878723144531,
              81.63040161132812,
              87.4376220703125,
              95.04761505126953,
              79.72547912597656,
              77.33260345458984,
              0.0014017787761986256,
              80.64533233642578,
              95.64480590820312,
              96.82662963867188,
              93.96537780761719,
              94.18012237548828,
              90.93637084960938,
              89.13248443603516,
              80.95022583007812,
              91.69576263427734,
              92.0934829711914,
              95.70610809326172,
              95.5628662109375,
              82.86627197265625,
              84.94972229003906,
              85.0554428100586,
              90.45793914794922,
              95.76425170898438,
              95.76583099365234,
              95.90494537353516,
              97.02540588378906,
              95.08319854736328,
              88.11196899414062,
              90.95702362060547,
              90.90280151367188,
              97.14341735839844,
              59.75996398925781,
              58.5311279296875,
              58.568931579589844,
              58.089847564697266,
              72.1131591796875,
              92.1542739868164,
              98.67232513427734,
              98.83842468261719,
              98.84009552001953,
              97.32398223876953,
              97.31177520751953,
              93.04679870605469,
              97.28254699707031,
              97.24970245361328,
              98.31721496582031,
              98.52042388916016,
              98.51119995117188,
              98.27046966552734,
              98.24598693847656,
              90.73880767822266,
              94.10423278808594,
              94.31627655029297,
              96.0783920288086,
              96.19844055175781,
              94.75910949707031,
              94.51811981201172,
              92.05009460449219,
              92.3049545288086,
              92.4885482788086,
              95.72022247314453,
              96.28182983398438,
              95.79855346679688,
              95.79627227783203,
              98.7989730834961,
              98.97135162353516,
              98.53546905517578,
              97.87310028076172,
              97.88582611083984,
              97.87860107421875,
              96.28874969482422,
              85.84551239013672,
              67.25699615478516,
              67.42985534667969,
              51.51203155517578,
              31.766569137573242,
              18.852880477905273,
              16.357450485229492,
              15.074417114257812,
              28.9364013671875,
              36.44366455078125,
              42.91578674316406,
              27.99156379699707,
              25.92992401123047,
              24.14955711364746,
              62.83869171142578,
              92.39694213867188,
              92.50396728515625,
              82.76477813720703,
              59.84056091308594,
              23.013341903686523,
              39.80261993408203,
              43.01265335083008,
              43.32405471801758,
              27.282432556152344,
              30.308147430419922,
              54.99303436279297,
              54.30992889404297,
              41.33263397216797,
              48.414981842041016,
              46.02027130126953,
              51.8849983215332,
              23.40662956237793,
              4.551406383514404,
              24.888612747192383,
              2.223796400357969e-05,
              61.352020263671875,
              75.65194702148438,
              67.92617797851562,
              76.10631561279297,
              69.2576675415039,
              69.53870391845703,
              70.03446960449219,
              88.04025268554688,
              91.48466491699219,
              91.48561096191406,
              91.34480285644531,
              91.28045654296875,
              91.5999755859375,
              87.8520736694336,
              87.7430648803711,
              90.46100616455078,
              92.16828155517578,
              89.35295867919922,
              94.76821899414062,
              94.88414001464844,
              97.41325378417969,
              96.5304946899414,
              96.94166564941406,
              97.11304473876953,
              97.15309143066406,
              96.00755310058594,
              92.04307556152344,
              89.49958038330078,
              90.80685424804688,
              91.06838989257812,
              96.04068756103516,
              98.18729400634766,
              98.65401458740234,
              99.10945129394531,
              99.11236572265625,
              99.39292907714844,
              99.45333099365234,
              99.50049591064453,
              99.5491714477539,
              99.54993438720703,
              99.34817504882812,
              99.35718536376953,
              99.39481353759766,
              99.40303039550781,
              99.31538391113281,
              99.18679809570312,
              98.98992156982422,
              98.42133331298828,
              98.43531036376953,
              98.6331787109375,
              97.84381103515625,
              97.09160614013672,
              97.67683410644531,
              97.62752532958984,
              79.3712387084961,
              95.05494689941406,
              97.07860565185547,
              82.11500549316406,
              93.05366516113281,
              71.57405853271484,
              45.77424240112305,
              59.56556701660156,
              58.907676696777344,
              72.02139282226562,
              67.34378814697266,
              54.818458557128906,
              41.54240417480469,
              26.18316650390625,
              24.77083969116211,
              50.24871826171875,
              79.28533172607422,
              77.10611724853516,
              90.23567199707031,
              90.3310775756836,
              95.42110443115234,
              81.40177917480469,
              81.1197738647461,
              98.42829132080078,
              0.001296409172937274,
              66.78296661376953,
              97.54044342041016,
              99.41844177246094,
              99.42412567138672,
              97.97073364257812,
              99.21992492675781,
              97.00223541259766,
              91.91291046142578,
              92.13617706298828,
              90.35177612304688,
              91.488525390625,
              96.41104888916016,
              95.70460510253906,
              95.95027160644531,
              85.47994232177734,
              86.09784698486328,
              96.12568664550781,
              99.17415618896484,
              99.1777572631836,
              99.32991027832031,
              96.3166275024414,
              40.35095977783203,
              55.218475341796875,
              55.251304626464844,
              67.22600555419922,
              77.12716674804688,
              65.67788696289062,
              69.38510131835938,
              69.82041931152344,
              57.10868835449219,
              87.1465072631836,
              94.75312805175781,
              98.5362777709961,
              98.50940704345703,
              99.22734069824219,
              99.2208480834961,
              98.94425964355469,
              98.98544311523438,
              96.86674499511719,
              96.75665283203125,
              97.33097839355469,
              98.11137390136719,
              98.1119384765625,
              98.48916625976562,
              96.10201263427734,
              81.90065002441406,
              89.89852905273438,
              89.72014617919922,
              94.58605194091797,
              95.13616180419922,
              94.60053253173828,
              95.84500885009766,
              95.82891082763672,
              96.0271987915039,
              95.08425903320312,
              95.80052185058594,
              97.37358856201172,
              97.36222076416016,
              96.28858184814453,
              96.98646545410156,
              97.78022766113281,
              98.63575744628906,
              98.65315246582031,
              98.6700439453125,
              98.54200744628906,
              96.59318542480469,
              91.80821228027344,
              91.63311767578125,
              74.89794158935547,
              38.992034912109375,
              20.515499114990234,
              14.596181869506836,
              14.333121299743652,
              34.50898361206055,
              50.1198844909668,
              37.13014221191406,
              36.070777893066406,
              28.227519989013672,
              31.411052703857422,
              45.53152084350586,
              81.32711791992188,
              81.17062377929688,
              87.03778839111328,
              37.57050323486328,
              19.24057960510254,
              26.819387435913086,
              28.614748001098633,
              38.9539794921875,
              23.582962036132812,
              25.649456024169922,
              35.452789306640625,
              32.71153259277344,
              46.40961456298828,
              33.75904846191406,
              37.08518981933594,
              37.444114685058594,
              37.40427780151367,
              33.01148986816406,
              1.5526847839355469,
              13.362092971801758,
              22.219684600830078,
              52.88473892211914,
              66.13215637207031,
              56.49989318847656,
              66.8349380493164,
              75.75524139404297,
              67.94369506835938,
              68.77129364013672,
              76.27091979980469,
              77.78593444824219,
              76.26873016357422,
              81.60354614257812,
              81.31590270996094,
              90.40589904785156,
              90.73937225341797,
              87.13948822021484,
              90.49466705322266,
              92.05968475341797,
              89.22384643554688,
              89.2234115600586,
              92.48560333251953,
              96.2496566772461,
              96.80461883544922,
              96.85017395019531,
              96.87238311767578,
              97.20684051513672,
              95.96461486816406,
              94.28169250488281,
              94.32398223876953,
              91.911376953125,
              94.33345031738281,
              98.06138610839844,
              98.63426971435547,
              98.64849090576172,
              99.02059173583984,
              99.33641052246094,
              99.34156036376953,
              99.3928451538086,
              99.39517211914062,
              99.4752426147461,
              99.56177520751953,
              99.55828857421875,
              99.4661865234375,
              99.46316528320312,
              99.48050689697266,
              99.37663269042969,
              99.3719253540039,
              99.27252197265625,
              99.27055358886719,
              98.9688720703125,
              99.3219223022461,
              98.50900268554688,
              96.11487579345703,
              96.22079467773438,
              79.95781707763672,
              74.78206634521484,
              52.009521484375,
              79.77020263671875,
              79.74761199951172,
              71.3809585571289,
              92.23184204101562,
              60.900394439697266,
              61.60118103027344,
              68.23494720458984,
              64.44615173339844,
              53.93620681762695,
              63.16270065307617,
              63.57478332519531,
              80.02823638916016,
              55.33258819580078,
              66.60978698730469,
              92.5411376953125,
              91.91405487060547,
              99.47383880615234,
              99.40021514892578,
              99.40046691894531,
              99.11192321777344,
              99.55282592773438,
              99.3935317993164,
              97.1079330444336,
              95.46416473388672,
              99.41954040527344,
              99.5401611328125,
              99.20077514648438,
              98.80650329589844,
              99.36337280273438,
              98.90388488769531,
              98.89920043945312,
              94.10256958007812,
              89.18326568603516,
              91.81343078613281,
              97.55280303955078,
              97.53972625732422,
              97.43370819091797,
              93.43891906738281,
              91.55340576171875,
              93.942138671875,
              94.64871978759766,
              98.47802734375,
              92.79710388183594,
              53.674530029296875,
              52.34315872192383,
              53.32658767700195,
              84.66861724853516,
              67.7646484375,
              60.35516357421875,
              60.65434265136719,
              75.40583801269531,
              75.25682830810547,
              75.28445434570312,
              92.86250305175781,
              92.71708679199219,
              95.38763427734375,
              98.52629852294922,
              99.14020538330078,
              98.91617584228516,
              98.9109878540039,
              99.22773742675781,
              98.83377075195312,
              98.50550842285156,
              97.39454650878906,
              97.37833404541016,
              96.48954010009766,
              97.80233764648438,
              92.37934112548828,
              90.24829864501953,
              90.74424743652344,
              93.32466888427734,
              96.21084594726562,
              97.0609130859375,
              95.84521484375,
              95.82469177246094,
              95.30826568603516,
              95.04515075683594,
              93.03753662109375,
              93.040771484375,
              94.86986541748047,
              96.1485824584961,
              91.08695983886719,
              94.30677032470703,
              94.39958953857422,
              96.54074096679688,
              97.74385070800781,
              98.47075653076172,
              98.50443267822266,
              98.54408264160156,
              98.07429504394531,
              92.68468475341797,
              79.44189453125,
              56.60635757446289,
              56.56614303588867,
              33.63356018066406,
              58.97715759277344,
              63.649166107177734,
              58.17776870727539,
              59.79524230957031,
              29.253116607666016,
              26.299785614013672,
              40.619384765625,
              78.03587341308594,
              78.2157211303711,
              67.35707092285156,
              15.490701675415039,
              25.608863830566406,
              29.066246032714844,
              31.92402458190918,
              37.20705795288086,
              45.063568115234375,
              22.576108932495117,
              26.138029098510742,
              23.963590621948242,
              43.82537841796875,
              36.73455810546875,
              37.024600982666016,
              35.91292953491211,
              38.07848358154297,
              20.172534942626953,
              24.92239761352539,
              0.4175490140914917,
              0.37873244285583496,
              2.162177801132202,
              14.62700366973877,
              64.98811340332031,
              65.37359619140625,
              67.09642791748047,
              75.30139923095703,
              75.50289916992188,
              68.22750854492188,
              68.28804016113281,
              75.41404724121094,
              74.44456481933594,
              80.9644775390625,
              86.21016693115234,
              86.32565307617188,
              90.76065063476562,
              87.43354034423828,
              90.37474060058594,
              90.81575775146484,
              93.0797348022461,
              89.60985565185547,
              91.41891479492188,
              97.02611541748047,
              97.11152648925781,
              96.04927825927734,
              96.07894134521484,
              97.22114562988281,
              96.10332489013672,
              96.15770721435547,
              94.85748291015625,
              91.90074157714844,
              97.18309783935547,
              98.16680908203125,
              98.17760467529297,
              98.65037536621094,
              98.60530853271484,
              98.58723449707031,
              98.7140121459961,
              98.73468017578125,
              99.1317367553711,
              99.45747375488281,
              99.58573150634766,
              99.60128021240234,
              99.60140228271484,
              99.58031463623047,
              99.51713562011719,
              99.39497375488281,
              99.39808654785156,
              98.90452575683594,
              98.55146789550781,
              98.3189468383789,
              98.66143035888672,
              98.69538116455078,
              98.39353942871094,
              95.0081787109375,
              83.64667510986328,
              87.90535736083984,
              87.8212661743164,
              87.0447998046875,
              87.35091400146484,
              70.24346923828125,
              65.77495574951172,
              66.12751007080078,
              76.74251556396484,
              61.91790008544922,
              60.505558013916016,
              56.74460983276367,
              55.7812385559082,
              61.215721130371094,
              60.36582565307617,
              66.2831039428711,
              94.25260162353516,
              93.51589965820312,
              99.55081939697266,
              99.51881408691406,
              99.5289535522461,
              99.55607604980469,
              99.55631256103516,
              99.55125427246094,
              99.54337310791016,
              99.4305648803711,
              99.42530822753906,
              99.37505340576172,
              99.24222564697266,
              98.8150863647461,
              99.13805389404297,
              99.13825225830078,
              99.36001586914062,
              99.39151763916016,
              98.54957580566406,
              95.81890869140625,
              95.7658920288086,
              98.14690399169922,
              95.90660858154297,
              97.3834228515625,
              95.93704986572266,
              96.60844421386719,
              97.40582275390625,
              95.19270324707031,
              96.1417236328125,
              71.44198608398438,
              87.20597076416016,
              92.60488891601562,
              69.01004028320312,
              65.3901596069336,
              58.59260559082031,
              50.1920051574707,
              80.50907135009766,
              88.5921859741211,
              88.52623748779297,
              91.96701049804688,
              92.0378646850586,
              92.71173095703125,
              94.8408432006836,
              98.0903549194336,
              97.28690338134766,
              97.81688690185547,
              98.80066680908203,
              99.27906036376953,
              99.3512191772461,
              99.29150390625,
              98.56488800048828,
              97.77210235595703,
              96.33103942871094,
              96.8340072631836,
              96.79186248779297,
              96.5514907836914,
              96.3057861328125,
              93.73497009277344,
              98.14762115478516,
              98.12616729736328,
              97.62004852294922,
              95.57972717285156,
              94.04720306396484,
              91.52672576904297,
              91.93444061279297,
              91.9336166381836,
              92.78514099121094,
              93.51274871826172,
              92.8416748046875,
              92.84413146972656,
              92.7049331665039,
              95.07709503173828,
              97.08457946777344,
              96.6839370727539,
              96.61170959472656,
              97.6396713256836,
              93.77877807617188,
              91.20240783691406,
              85.34700012207031,
              85.45700073242188,
              68.6896743774414,
              73.62431335449219,
              69.69856262207031,
              74.46690368652344,
              74.87151336669922,
              58.32419967651367,
              31.710737228393555,
              39.49158477783203,
              37.3094367980957,
              48.489410400390625,
              55.61235046386719,
              20.233362197875977,
              24.00497055053711,
              23.018056869506836,
              37.94872283935547,
              40.76723098754883,
              57.35967254638672,
              58.411163330078125,
              55.82146453857422,
              14.77772331237793,
              22.645038604736328,
              19.877992630004883,
              19.59857177734375,
              19.582679748535156,
              31.920238494873047,
              29.630542755126953,
              14.516791343688965,
              21.996856689453125,
              1.730916142463684,
              0.31997254490852356,
              0.694219708442688,
              2.8136837482452393,
              31.163429260253906,
              65.90552520751953,
              65.87551879882812,
              1.7826634575612843e-05,
              75.66439056396484,
              68.41192626953125,
              76.99403381347656,
              83.02046203613281,
              87.37798309326172,
              87.07257080078125,
              89.78752136230469,
              89.8750991821289,
              90.12600708007812,
              86.3441162109375,
              89.65992736816406,
              89.9699478149414,
              93.92267608642578,
              91.26187896728516,
              95.93547058105469,
              97.21247100830078,
              97.25458526611328,
              96.16820526123047,
              96.2232894897461,
              97.1891098022461,
              97.20742797851562,
              97.24385833740234,
              96.30574798583984,
              96.15812683105469,
              96.11359405517578,
              98.11134338378906,
              98.67042541503906,
              98.12127685546875,
              98.2078628540039,
              98.952392578125,
              98.05731201171875,
              98.86711883544922,
              99.51519775390625,
              99.54776000976562,
              99.547607421875,
              99.56489562988281,
              99.57127380371094,
              99.58589935302734,
              99.3914794921875,
              99.39824676513672,
              99.1578369140625,
              98.723388671875,
              98.75537109375,
              99.15076446533203,
              99.14787292480469,
              98.9716796875,
              97.83556365966797,
              95.9363784790039,
              93.21729278564453,
              93.25965881347656,
              80.76895141601562,
              81.46875762939453,
              44.683753967285156,
              45.2133674621582,
              76.94793701171875,
              75.81442260742188,
              81.44437408447266,
              81.7036361694336,
              81.81648254394531,
              67.88595581054688,
              55.0039176940918,
              73.35894012451172,
              66.99710845947266,
              67.31166076660156,
              85.84661102294922,
              99.55068969726562,
              99.4755630493164,
              99.41326141357422,
              99.41470336914062,
              99.30442810058594,
              98.96895599365234,
              99.27832794189453,
              99.44560241699219,
              99.44563293457031,
              99.50873565673828,
              99.22489929199219,
              98.58406829833984,
              99.05883026123047,
              99.07554626464844,
              98.78950500488281,
              98.77837371826172,
              99.22637939453125,
              99.13519287109375,
              99.1319351196289,
              99.36097717285156,
              98.13638305664062,
              96.8908920288086,
              92.90327453613281,
              92.9078369140625,
              94.75093841552734,
              96.117919921875,
              96.46599578857422,
              96.59855651855469,
              93.094482421875,
              66.14543914794922,
              77.49711608886719,
              47.076202392578125,
              45.97859191894531,
              39.43079376220703,
              63.60356140136719,
              85.90998077392578,
              90.19623565673828,
              90.20367431640625,
              91.49642944335938,
              94.73006439208984,
              95.03785705566406,
              96.9647216796875,
              97.58888244628906,
              97.5549545288086,
              97.84479522705078,
              98.8060302734375,
              99.1749038696289,
              98.9951400756836,
              98.66697692871094,
              98.53915405273438,
              97.0634765625,
              96.56627655029297,
              97.56471252441406,
              97.51724243164062,
              96.04299926757812,
              96.69891357421875,
              95.75079345703125,
              97.5645523071289,
              98.31440734863281,
              96.84505462646484,
              93.99189758300781,
              92.54168701171875,
              92.78047180175781,
              92.8963623046875,
              95.5339584350586,
              93.54734802246094,
              96.0516357421875,
              93.4868392944336,
              91.76416015625,
              94.24282836914062,
              95.70060729980469,
              95.13514709472656,
              90.27128601074219,
              88.83992767333984,
              89.11453247070312,
              93.51530456542969,
              93.62271118164062,
              94.66869354248047,
              89.27214813232422,
              77.24797821044922,
              57.22401809692383,
              56.59061050415039,
              53.09432601928711,
              54.30441665649414,
              56.40086364746094,
              38.837711334228516,
              36.472251892089844,
              42.18831253051758,
              35.68024826049805,
              23.778711318969727,
              23.29149627685547,
              24.54616355895996,
              21.505537033081055,
              42.59833908081055,
              48.09861373901367,
              72.01570129394531,
              74.42909240722656,
              68.92979431152344,
              20.584962844848633,
              11.108929634094238,
              13.582568168640137,
              14.589640617370605,
              14.528372764587402,
              21.432785034179688,
              17.061601638793945,
              14.998446464538574,
              16.839256286621094,
              0.031178820878267288,
              0.06300102919340134,
              0.1434527486562729,
              1.5145682096481323,
              34.503662109375,
              80.60713958740234,
              80.98159790039062,
              81.51598358154297,
              76.32878112792969,
              82.11486053466797,
              80.9584732055664,
              81.4263916015625,
              86.81242370605469,
              94.52169036865234,
              94.69336700439453,
              94.7843246459961,
              94.82657623291016,
              93.54167938232422,
              96.44196319580078,
              97.90383911132812,
              98.0726318359375,
              98.08424377441406,
              97.06511688232422,
              96.13965606689453,
              97.30389404296875,
              95.51212310791016,
              95.50741577148438,
              95.68190002441406,
              96.01667785644531,
              96.04646301269531,
              96.16024780273438,
              94.27900695800781,
              96.46231842041016,
              98.18191528320312,
              98.98512268066406,
              98.88835906982422,
              99.33226776123047,
              99.19268035888672,
              99.34491729736328,
              99.44184875488281,
              99.53184509277344,
              99.48038482666016,
              99.54193878173828,
              99.52519226074219,
              99.58586120605469,
              99.58609771728516,
              99.5531005859375,
              99.42097473144531,
              99.30579376220703,
              98.97068786621094,
              99.26193237304688,
              98.91101837158203,
              99.18437957763672,
              99.0005111694336,
              94.19417572021484,
              94.21631622314453,
              97.11810302734375,
              94.87879180908203,
              88.80375671386719,
              54.77975082397461,
              54.75130081176758,
              30.49100685119629,
              52.89213180541992,
              82.31128692626953,
              68.58926391601562,
              68.15341186523438,
              63.057918548583984,
              50.04911422729492,
              55.03752136230469,
              67.71411895751953,
              64.74420166015625,
              86.85596466064453,
              99.1417007446289,
              99.46072387695312,
              99.46072387695312,
              99.46072387695312,
              99.45755004882812,
              99.39585876464844,
              98.73212432861328,
              0.0006518512382172048,
              99.39509582519531,
              99.5093002319336,
              99.19682312011719,
              99.35266876220703,
              99.3587646484375,
              99.12669372558594,
              99.07804107666016,
              99.41864013671875,
              99.19235229492188,
              99.207275390625,
              99.08657836914062,
              99.25911712646484,
              99.32585906982422,
              98.12409210205078,
              98.10417175292969,
              96.10479736328125,
              86.07832336425781,
              84.29662322998047,
              92.35231018066406,
              92.51683807373047,
              96.7385025024414,
              66.83989715576172,
              71.81575012207031,
              61.43558120727539,
              60.745941162109375,
              25.152015686035156,
              51.846168518066406,
              76.98294830322266,
              91.75000762939453,
              91.62078857421875,
              93.5874252319336,
              93.59236145019531,
              95.83252716064453,
              96.70697784423828,
              96.733642578125,
              97.55014038085938,
              98.29944610595703,
              98.10087585449219,
              98.07588195800781,
              98.79784393310547,
              98.7911605834961,
              98.6815185546875,
              98.52865600585938,
              98.52913665771484,
              96.29206085205078,
              98.3354263305664,
              98.37757110595703,
              97.14903259277344,
              97.09136962890625,
              92.46487426757812,
              97.5274887084961,
              96.87468719482422,
              96.5110092163086,
              96.42504119873047,
              94.0250244140625,
              94.33336639404297,
              95.0533676147461,
              95.49359130859375,
              91.54496765136719,
              91.43595886230469,
              90.52955627441406,
              91.73155212402344,
              95.00045776367188,
              91.53121948242188,
              87.17411041259766,
              81.14742279052734,
              77.8924560546875,
              82.52388000488281,
              82.66780090332031,
              86.22810363769531,
              85.9460220336914,
              88.30528259277344,
              73.15980529785156,
              58.70917510986328,
              59.8381233215332,
              61.6971435546875,
              58.88897705078125,
              38.79304504394531,
              37.745506286621094,
              54.6442985534668,
              58.348731994628906,
              41.1879997253418,
              60.97465896606445,
              40.467159271240234,
              26.101707458496094,
              31.60338020324707,
              49.3320426940918,
              43.419586181640625,
              50.51612854003906,
              64.5855712890625,
              79.49177551269531,
              37.500492095947266,
              41.26557540893555,
              12.567882537841797,
              12.73058032989502,
              15.08063793182373,
              15.573681831359863,
              15.599777221679688,
              12.441072463989258,
              15.395683288574219,
              0.007455425802618265,
              0.011019153520464897,
              0.06346054375171661,
              5.866851806640625,
              86.78557586669922,
              88.07429504394531,
              91.99549865722656,
              91.40567779541016,
              88.00306701660156,
              85.59075927734375,
              85.70626831054688,
              89.86100769042969,
              93.98937225341797,
              96.60297393798828,
              96.67424774169922,
              96.62480163574219,
              95.88610076904297,
              97.6290054321289,
              97.64558410644531,
              97.97427368164062,
              97.9742202758789,
              97.88839721679688,
              95.0197525024414,
              93.2293701171875,
              94.78927612304688,
              94.98160552978516,
              95.61058044433594,
              96.01451873779297,
              95.90963745117188,
              95.96693420410156,
              96.15621948242188,
              91.8880386352539,
              93.55783081054688,
              96.0059585571289,
              96.06224822998047,
              98.96815490722656,
              99.32963562011719,
              99.35594940185547,
              99.4388427734375,
              99.44012451171875,
              99.45259857177734,
              99.4808349609375,
              99.5486831665039,
              99.54944610595703,
              99.54936218261719,
              99.5655288696289,
              99.54523468017578,
              99.5533447265625,
              99.5099868774414,
              99.00067138671875,
              97.75902557373047,
              97.16089630126953,
              96.44246673583984,
              96.52842712402344,
              83.25728607177734,
              74.51282501220703,
              82.68608856201172,
              82.96940612792969,
              64.60216522216797,
              50.29023361206055,
              59.900699615478516,
              70.54653930664062,
              71.12918853759766,
              49.55512237548828,
              59.28954315185547,
              60.46457290649414,
              52.67334747314453,
              42.41954803466797,
              55.218326568603516,
              60.1630973815918,
              74.87068939208984,
              95.95255279541016,
              99.18553924560547,
              99.17936706542969,
              99.10037231445312,
              99.51937866210938,
              99.45670318603516,
              99.14358520507812,
              99.14153289794922,
              98.90629577636719,
              99.39469146728516,
              99.494140625,
              98.34534454345703,
              98.37300109863281,
              99.06961059570312,
              98.85291290283203,
              99.34355163574219,
              99.53012084960938,
              99.53141021728516,
              99.25584411621094,
              99.12361145019531,
              99.35379791259766,
              99.03195190429688,
              99.02433776855469,
              97.04256439208984,
              91.81021881103516,
              80.0518798828125,
              80.57227325439453,
              83.68992614746094,
              97.48831176757812,
              86.23321533203125,
              81.2000961303711,
              80.95526885986328,
              69.6399917602539,
              26.437715530395508,
              46.48603057861328,
              68.50589752197266,
              68.65586853027344,
              79.92704010009766,
              89.78475952148438,
              93.47086334228516,
              91.11095428466797,
              91.19031524658203,
              92.50226593017578,
              96.65267944335938,
              97.10362243652344,
              97.10572052001953,
              97.08158111572266,
              98.45939636230469,
              97.7591552734375,
              97.77729797363281,
              97.51763916015625,
              97.5364990234375,
              98.04666900634766,
              96.7720718383789,
              98.32290649414062,
              96.490966796875,
              96.44237518310547,
              93.74565124511719,
              94.13744354248047,
              97.16686248779297,
              95.55655670166016,
              95.51771545410156,
              92.49834442138672,
              89.87132263183594,
              90.92395782470703,
              91.40714263916016,
              91.33317565917969,
              79.76309967041016,
              82.20301055908203,
              83.51262664794922,
              83.66716003417969,
              86.69779205322266,
              86.8047866821289,
              86.26469421386719,
              80.96720886230469,
              80.49198913574219,
              84.57930755615234,
              90.32836151123047,
              85.81236267089844,
              83.3434829711914,
              83.19918060302734,
              63.42656707763672,
              56.17730712890625,
              56.458560943603516,
              64.27771759033203,
              63.429786682128906,
              35.6141471862793,
              47.082489013671875,
              74.56897735595703,
              69.09989166259766,
              69.33505249023438,
              48.06315231323242,
              49.95941925048828,
              47.763031005859375,
              38.73950958251953,
              22.1096134185791,
              20.009090423583984,
              33.849342346191406,
              34.75899887084961,
              63.74965286254883,
              53.00431823730469,
              58.71101760864258,
              36.190181732177734,
              18.64417266845703,
              28.72167205810547,
              36.37461853027344,
              15.683876037597656,
              15.106212615966797,
              13.759684562683105,
              0.004612933844327927,
              0.00703002605587244,
              0.15930461883544922,
              41.503517150878906,
              87.39203643798828,
              88.58695983886719,
              82.7652359008789,
              82.2857437133789,
              77.5459213256836,
              78.46057891845703,
              77.65258026123047,
              81.66716003417969,
              82.80117797851562,
              83.3514633178711,
              88.37313079833984,
              94.03120422363281,
              96.63880157470703,
              93.2616958618164,
              93.10552215576172,
              91.03010559082031,
              93.47990417480469,
              90.52156066894531,
              92.7620849609375,
              92.82282257080078,
              93.91521453857422,
              95.67994689941406,
              94.48905944824219,
              94.22438049316406,
              94.30950927734375,
              97.31240844726562,
              94.51911926269531,
              94.43372344970703,
              96.12796020507812,
              96.15398406982422,
              97.95889282226562,
              99.4550552368164,
              99.43727111816406,
              99.21731567382812,
              99.22016906738281,
              99.55366516113281,
              99.5535888671875,
              99.49920654296875,
              99.50118255615234,
              99.52538299560547,
              99.54386138916016,
              99.53511047363281,
              99.52072143554688,
              99.52204895019531,
              99.40898132324219,
              97.98542022705078,
              96.659423828125,
              96.61106872558594,
              96.62789916992188,
              92.69903564453125,
              87.34979248046875,
              75.51600646972656,
              71.32191467285156,
              71.68087768554688,
              55.195587158203125,
              48.73810577392578,
              70.69648742675781,
              84.36373138427734,
              35.705421447753906,
              29.849355697631836,
              36.20021057128906,
              56.1342887878418,
              66.60018920898438,
              48.95543670654297,
              57.337276458740234,
              60.780982971191406,
              97.4582748413086,
              99.40516662597656,
              98.95890045166016,
              98.64260864257812,
              99.29851531982422,
              99.39289093017578,
              99.2698745727539,
              99.27442169189453,
              99.1782455444336,
              98.95848846435547,
              99.27497100830078,
              99.09893798828125,
              99.05189514160156,
              97.44577026367188,
              98.50932312011719,
              99.19344329833984,
              98.74421691894531,
              99.34159851074219,
              99.22823333740234,
              99.21388244628906,
              98.7644271850586,
              98.764892578125,
              99.34809112548828,
              97.07528686523438,
              91.45401000976562,
              91.28950500488281,
              91.40814208984375,
              80.44353485107422,
              92.68157196044922,
              98.19308471679688,
              85.67024993896484,
              85.49433135986328,
              79.98866271972656,
              49.913631439208984,
              29.343355178833008,
              28.091970443725586,
              28.426868438720703,
              57.62186050415039,
              83.57048797607422,
              88.03851318359375,
              92.45990753173828,
              92.40187072753906,
              93.57560729980469,
              95.36637878417969,
              90.93438720703125,
              90.79462432861328,
              94.2402572631836,
              94.95663452148438,
              96.59193420410156,
              97.78890991210938,
              97.84803771972656,
              97.30159759521484,
              97.21762084960938,
              97.33699798583984,
              97.64266967773438,
              97.70233917236328,
              98.74378204345703,
              97.61341857910156,
              97.21942138671875,
              96.61441802978516,
              96.59146118164062,
              97.8026351928711,
              96.4710922241211,
              94.24762725830078,
              91.88630676269531,
              91.6080093383789,
              84.18973541259766,
              78.23393249511719,
              78.2061767578125,
              73.00785064697266,
              73.17157745361328,
              76.20263671875,
              79.39203643798828,
              76.98101043701172,
              79.94244384765625,
              80.27067565917969,
              81.74784851074219,
              94.04829406738281,
              90.87664031982422,
              86.40018463134766,
              86.85879516601562,
              85.1884994506836,
              80.51993560791016,
              73.23906707763672,
              38.6428108215332,
              38.60887145996094,
              55.4575309753418,
              57.69223403930664,
              62.154579162597656,
              63.820465087890625,
              63.79982376098633,
              28.96774673461914,
              32.62708282470703,
              59.315757751464844,
              59.02259826660156,
              45.49370574951172,
              20.218341827392578,
              26.514158248901367,
              38.171260833740234,
              37.78194046020508,
              45.266544342041016,
              28.09622573852539,
              28.073715209960938,
              28.93069076538086,
              28.8635196685791,
              27.135648727416992,
              51.34028625488281,
              55.96315383911133,
              35.67085647583008,
              36.738121032714844,
              0.0026674792170524597,
              8.722825441509485e-06,
              0.38405841588974,
              75.03885650634766,
              83.39559173583984,
              75.15608978271484,
              74.145263671875,
              74.37568664550781,
              74.47439575195312,
              76.05411529541016,
              76.94898223876953,
              82.35646057128906,
              76.9048843383789,
              81.84382629394531,
              82.76486206054688,
              81.51007843017578,
              75.4429702758789,
              75.68036651611328,
              84.87068939208984,
              86.66679382324219,
              90.87936401367188,
              97.03874206542969,
              96.90569305419922,
              95.79627227783203,
              95.81912994384766,
              94.53064727783203,
              94.56643676757812,
              94.60784912109375,
              94.30317687988281,
              95.9769515991211,
              96.06597137451172,
              96.23552703857422,
              96.03197479248047,
              97.94617462158203,
              99.20684051513672,
              99.27861022949219,
              99.28396606445312,
              99.48435974121094,
              99.48544311523438,
              99.53181457519531,
              99.53164672851562,
              99.5322494506836,
              99.50101470947266,
              99.45538330078125,
              99.42740631103516,
              99.5064468383789,
              99.50712585449219,
              99.4747543334961,
              99.30648040771484,
              98.98616027832031,
              98.73116302490234,
              98.71688842773438,
              98.34733581542969,
              96.4325942993164,
              87.79976654052734,
              83.70182037353516,
              83.81195831298828,
              87.48394012451172,
              70.22284698486328,
              53.09069061279297,
              53.010379791259766,
              39.2340087890625,
              75.74273681640625,
              38.80400848388672,
              37.44731903076172,
              36.87826156616211,
              59.083946228027344,
              78.31748962402344,
              60.003238677978516,
              68.72943878173828,
              65.26453399658203,
              99.03468322753906,
              99.32457733154297,
              99.31044006347656,
              99.40463256835938,
              99.40459442138672,
              99.26922607421875,
              99.27388763427734,
              99.39252471923828,
              99.27224731445312,
              99.09786224365234,
              99.24002838134766,
              99.44137573242188,
              98.46865844726562,
              98.39509582519531,
              96.99313354492188,
              97.93234252929688,
              98.55342864990234,
              98.81237030029297,
              99.24211120605469,
              99.35070037841797,
              97.9391098022461,
              93.25263214111328,
              88.77590942382812,
              93.24130249023438,
              90.2335205078125,
              88.33871459960938,
              80.16705322265625,
              95.65826416015625,
              92.68495178222656,
              96.99568939208984,
              85.21903991699219,
              64.87041473388672,
              21.96656608581543,
              8.332246780395508,
              10.288938522338867,
              21.052383422851562,
              40.05810546875,
              67.61029052734375,
              67.36299133300781,
              80.42371368408203,
              90.23526763916016,
              95.57049560546875,
              89.34407043457031,
              89.3499755859375,
              84.68270874023438,
              89.15312957763672,
              95.81166076660156,
              96.04670715332031,
              96.14185333251953,
              97.48462677001953,
              96.7657470703125,
              97.41805267333984,
              96.79025268554688,
              96.83517456054688,
              96.11773681640625,
              97.15219116210938,
              97.21302032470703,
              96.5575180053711,
              96.47676849365234,
              97.12181091308594,
              95.78711700439453,
              95.54412078857422,
              90.07617950439453,
              90.23601531982422,
              89.82219696044922,
              79.61996459960938,
              71.67943572998047,
              76.95063781738281,
              77.46580505371094,
              77.29419708251953,
              69.01810455322266,
              74.40013885498047,
              75.66297149658203,
              63.84579086303711,
              88.3165283203125,
              95.50801849365234,
              95.19425964355469,
              95.32604217529297,
              94.61457824707031,
              93.70879364013672,
              78.64832305908203,
              80.96881103515625,
              80.95513916015625,
              82.4264907836914,
              68.05638122558594,
              62.74835968017578,
              64.3502197265625,
              64.88275909423828,
              59.10929489135742,
              27.14141082763672,
              22.81016731262207,
              27.57320785522461,
              26.82754135131836,
              22.412979125976562,
              28.363872528076172,
              34.99007797241211,
              29.04010772705078,
              30.364269256591797,
              34.173057556152344,
              28.355321884155273,
              29.4163875579834,
              23.28374481201172,
              23.74040985107422,
              20.2161922454834,
              14.877549171447754,
              20.34162139892578,
              37.99195861816406,
              37.40888977050781,
              40.576995849609375,
              0.0020291463006287813,
              5.237769528321223e-06,
              0.02815418131649494,
              1.4241392612457275,
              6.712213039398193,
              1.9889119863510132,
              31.608985900878906,
              73.90776062011719,
              81.24818420410156,
              75.58763885498047,
              76.43653106689453,
              82.92066955566406,
              74.46173095703125,
              82.0310287475586,
              76.41098022460938,
              77.54441833496094,
              96.07714080810547,
              94.63507843017578,
              95.63880920410156,
              97.1622543334961,
              98.50039672851562,
              98.06703186035156,
              97.22300720214844,
              96.20912170410156,
              96.21121978759766,
              96.27824401855469,
              96.20892333984375,
              96.2382583618164,
              96.18683624267578,
              96.21275329589844,
              96.23563385009766,
              95.87466430664062,
              97.20883178710938,
              98.66596221923828,
              99.326904296875,
              99.33135223388672,
              99.3619384765625,
              99.36614990234375,
              98.98612213134766,
              98.98573303222656,
              99.53691101074219,
              99.5329360961914,
              99.45420837402344,
              98.93783569335938,
              98.94830322265625,
              99.28658294677734,
              99.39756774902344,
              99.40367126464844,
              99.46044158935547,
              99.4579086303711,
              99.17852020263672,
              99.33922576904297,
              99.33155059814453,
              98.85746002197266,
              98.85077667236328,
              97.83096313476562,
              95.09430694580078,
              96.30997467041016,
              93.6307373046875,
              93.48236083984375,
              96.01787567138672,
              96.45730590820312,
              93.86296081542969,
              78.36531066894531,
              78.59170532226562,
              57.03281021118164,
              57.16006851196289,
              91.04634857177734,
              79.93160247802734,
              77.69170379638672,
              79.5545425415039,
              95.77523803710938,
              99.14065551757812,
              99.2981185913086,
              99.2978744506836,
              99.39241027832031,
              99.39241027832031,
              99.36878967285156,
              99.36886596679688,
              99.45895385742188,
              99.09351348876953,
              99.45830535888672,
              99.50667572021484,
              99.50906372070312,
              98.48277282714844,
              95.29753875732422,
              97.44720458984375,
              98.77079772949219,
              98.76598358154297,
              99.44196319580078,
              99.44217681884766,
              98.17589569091797,
              89.16642761230469,
              89.10465240478516,
              97.37043762207031,
              93.90133666992188,
              90.713134765625,
              86.62290954589844,
              86.99081420898438,
              80.70243835449219,
              88.3407974243164,
              91.04336547851562,
              44.69926834106445,
              41.67637634277344,
              7.418554306030273,
              4.585141658782959,
              13.9033842086792,
              35.033668518066406,
              42.76353454589844,
              57.600860595703125,
              76.53105163574219,
              86.97634887695312,
              92.13479614257812,
              89.416748046875,
              82.09547424316406,
              76.7806625366211,
              90.48516082763672,
              90.3304672241211,
              93.94895935058594,
              92.8689193725586,
              97.70111083984375,
              95.72380065917969,
              95.8257827758789,
              97.6893081665039,
              96.78551483154297,
              94.60546112060547,
              96.77689361572266,
              95.80689239501953,
              97.84961700439453,
              97.10910034179688,
              95.74930572509766,
              94.48558807373047,
              94.34773254394531,
              96.13624572753906,
              89.63470458984375,
              84.15068054199219,
              90.74385833740234,
              90.57809448242188,
              70.96727752685547,
              69.76556396484375,
              70.53787994384766,
              63.604881286621094,
              64.94210052490234,
              75.75665283203125,
              74.60839080810547,
              90.62808990478516,
              91.86846923828125,
              91.94068908691406,
              92.26828002929688,
              93.38291931152344,
              89.60760498046875,
              88.73741912841797,
              88.8341064453125,
              74.43241882324219,
              84.0959701538086,
              65.94506072998047,
              63.2210807800293,
              64.07295989990234,
              61.44431686401367,
              48.957122802734375,
              25.82717514038086,
              24.476411819458008,
              23.429908752441406,
              20.189258575439453,
              19.92218780517578,
              62.278358459472656,
              56.23069381713867,
              54.93434143066406,
              38.071876525878906,
              19.773880004882812,
              28.034534454345703,
              25.251834869384766,
              25.491260528564453,
              26.983421325683594,
              32.448795318603516,
              22.15231704711914,
              23.107643127441406,
              19.366262435913086,
              14.725634574890137,
              21.559993743896484,
              0.007054278627038002,
              0.010208173654973507,
              0.04210200905799866,
              23.602502822875977,
              70.00652313232422,
              46.185482025146484,
              85.51658630371094,
              86.15746307373047,
              80.57095336914062,
              81.21369171142578,
              85.27146911621094,
              89.2770767211914,
              89.36942291259766,
              86.12882995605469,
              87.23326110839844,
              98.86055755615234,
              99.14297485351562,
              98.99715423583984,
              98.66292572021484,
              98.66889190673828,
              99.01174926757812,
              99.01203155517578,
              98.17984771728516,
              98.186767578125,
              94.70569610595703,
              96.52607727050781,
              97.56098937988281,
              96.29364013671875,
              96.29117584228516,
              97.45634460449219,
              96.3147201538086,
              96.26395416259766,
              97.38811492919922,
              98.60633850097656,
              99.17876434326172,
              99.40415954589844,
              99.5050048828125,
              99.34833526611328,
              99.4630126953125,
              99.17339324951172,
              99.14439392089844,
              99.21751403808594,
              99.13639831542969,
              99.11622619628906,
              98.71304321289062,
              99.13887023925781,
              99.07535552978516,
              98.54399871826172,
              98.56732177734375,
              99.09275817871094,
              99.1776351928711,
              99.40143585205078,
              99.10691833496094,
              99.11052703857422,
              98.74666595458984,
              98.2511978149414,
              96.94210815429688,
              96.91097259521484,
              97.67109680175781,
              97.09339141845703,
              97.21625518798828,
              89.99903106689453,
              90.09683227539062,
              86.74246978759766,
              68.89623260498047,
              48.83390426635742,
              50.538902282714844,
              0.001366036245599389,
              85.67362213134766,
              87.13587951660156,
              97.82624053955078,
              98.94366455078125,
              98.93347930908203,
              98.91863250732422,
              99.10045623779297,
              99.47463989257812,
              99.50556945800781,
              99.5054702758789,
              99.45858764648438,
              99.50696563720703,
              99.36935424804688,
              99.36959075927734,
              99.36975860595703,
              99.27666473388672,
              75.67196655273438,
              84.197998046875,
              97.44400787353516,
              97.4311752319336,
              99.08280181884766,
              99.36963653564453,
              99.18202209472656,
              97.6509780883789,
              97.67915344238281,
              95.55518341064453,
              95.58521270751953,
              90.22329711914062,
              90.15754699707031,
              86.92344665527344,
              64.99686431884766,
              90.15066528320312,
              80.57977294921875,
              80.45091247558594,
              67.52792358398438,
              30.207433700561523,
              46.805816650390625,
              28.995708465576172,
              28.4459285736084,
              31.40500831604004,
              54.225887298583984,
              68.29905700683594,
              72.51013946533203,
              72.38512420654297,
              83.87906646728516,
              83.21665954589844,
              67.48274993896484,
              72.56522369384766,
              72.32384490966797,
              88.12201690673828,
              92.37116241455078,
              94.88825988769531,
              97.28520965576172,
              95.64938354492188,
              95.78523254394531,
              96.95035552978516,
              97.23593139648438,
              95.38223266601562,
              93.87459564208984,
              97.08436584472656,
              96.04978942871094,
              95.72613525390625,
              93.84471130371094,
              93.02789306640625,
              94.8487777709961,
              95.67010498046875,
              96.33808898925781,
              93.87677001953125,
              96.2784194946289,
              89.55809020996094,
              73.23220825195312,
              59.620540618896484,
              67.30973815917969,
              66.50399780273438,
              70.68970489501953,
              64.31420135498047,
              74.36909484863281,
              58.831085205078125,
              78.39950561523438,
              90.92804718017578,
              92.1955795288086,
              93.54032135009766,
              87.72142028808594,
              93.7101058959961,
              94.80049896240234,
              88.13272857666016,
              73.49293518066406,
              81.31845092773438,
              76.55250549316406,
              59.010398864746094,
              65.63158416748047,
              39.897457122802734,
              41.796871185302734,
              32.7475700378418,
              18.599185943603516,
              23.41679573059082,
              57.85786056518555,
              55.01776885986328,
              70.47918701171875,
              67.1097183227539,
              41.256465911865234,
              21.73622703552246,
              26.33942985534668,
              16.514013290405273,
              23.266075134277344,
              37.65122985839844,
              44.23226547241211,
              44.60734558105469,
              31.627696990966797,
              17.59804916381836,
              15.882028579711914,
              19.99070930480957,
              0.00890731904655695,
              0.01750287041068077,
              0.7594090700149536,
              81.70394897460938,
              91.5995864868164,
              89.02354431152344,
              92.11320495605469,
              92.32135772705078,
              91.6009292602539,
              87.90613555908203,
              95.43668365478516,
              96.34910583496094,
              96.46207427978516,
              96.02190399169922,
              98.80533599853516,
              98.37911987304688,
              97.92417907714844,
              97.80451965332031,
              97.69309997558594,
              92.64753723144531,
              96.8328857421875,
              97.81024932861328,
              97.87068176269531,
              96.93708801269531,
              94.32600402832031,
              94.2449722290039,
              96.29081726074219,
              96.48652648925781,
              97.52859497070312,
              97.35697174072266,
              97.38375854492188,
              97.38224792480469,
              97.45159912109375,
              99.35768127441406,
              99.50370025634766,
              99.567138671875,
              99.5679702758789,
              99.459228515625,
              99.2402572631836,
              99.21578979492188,
              99.45726776123047,
              98.98925018310547,
              99.4723892211914,
              99.36341857910156,
              98.38289642333984,
              98.16563415527344,
              98.96936798095703,
              98.79573059082031,
              99.00249481201172,
              98.35413360595703,
              98.85215759277344,
              98.23150634765625,
              98.94950866699219,
              98.94908142089844,
              98.10009765625,
              96.8906021118164,
              96.91920471191406,
              96.13954162597656,
              95.81554412841797,
              95.9513931274414,
              91.47380828857422,
              91.4709243774414,
              82.81793975830078,
              77.77348327636719,
              51.635379791259766,
              57.38541030883789,
              57.359230041503906,
              60.155235290527344,
              61.72534942626953,
              75.05941009521484,
              99.39886474609375,
              99.3924789428711,
              99.4611587524414,
              99.27361297607422,
              99.13615417480469,
              99.13580322265625,
              99.52629852294922,
              99.556396484375,
              99.5052719116211,
              99.40218353271484,
              99.40230560302734,
              99.51652526855469,
              99.51756286621094,
              98.57267761230469,
              71.1092758178711,
              70.96817779541016,
              81.29293060302734,
              94.66287231445312,
              99.27332305908203,
              99.21868133544922,
              99.21920776367188,
              97.64974975585938,
              97.4793472290039,
              92.67361450195312,
              90.21209716796875,
              90.21797180175781,
              84.78114318847656,
              56.777400970458984,
              69.64551544189453,
              92.07064819335938,
              92.0713882446289,
              59.59315490722656,
              18.542537689208984,
              18.059188842773438,
              46.50148010253906,
              46.810569763183594,
              53.538482666015625,
              42.76567077636719,
              63.588897705078125,
              73.01799774169922,
              72.66265106201172,
              86.54876708984375,
              83.99505615234375,
              83.8830795288086,
              78.86125183105469,
              78.34469604492188,
              82.93376922607422,
              88.86111450195312,
              94.02787017822266,
              93.93121337890625,
              92.73702239990234,
              93.97758483886719,
              96.92821502685547,
              96.44929504394531,
              96.5036849975586,
              95.74112701416016,
              95.82644653320312,
              96.76892852783203,
              93.55154418945312,
              93.18933868408203,
              93.24237823486328,
              96.89917755126953,
              96.23296356201172,
              94.70136260986328,
              94.56985473632812,
              96.82886505126953,
              93.71613311767578,
              87.5900650024414,
              79.26351165771484,
              79.26380920410156,
              82.0406723022461,
              76.28667449951172,
              75.2916488647461,
              57.87088394165039,
              69.58331298828125,
              51.20132064819336,
              32.39411544799805,
              77.88692474365234,
              89.26426696777344,
              81.33447265625,
              88.24954986572266,
              87.29461669921875,
              86.3078384399414,
              87.39835357666016,
              67.56307220458984,
              78.04523468017578,
              82.8398666381836,
              79.4373550415039,
              65.09497833251953,
              68.5222396850586,
              40.674964904785156,
              24.611358642578125,
              21.87403106689453,
              58.4207878112793,
              56.61133575439453,
              74.37210083007812,
              71.99302673339844,
              59.62562561035156,
              43.40082550048828,
              44.87098693847656,
              29.20999526977539,
              31.58324432373047,
              49.42510223388672,
              60.53813171386719,
              63.51276779174805,
              50.334388732910156,
              32.859920501708984,
              23.458267211914062,
              29.382648468017578,
              24.708642959594727,
              0.01418882142752409,
              1.9455565052339807e-05,
              74.00940704345703,
              67.03443908691406,
              67.84561157226562,
              77.56861114501953,
              88.05683898925781,
              89.19198608398438,
              95.95498657226562,
              96.01912689208984,
              97.64896392822266,
              97.98826599121094,
              89.49764251708984,
              83.9051513671875,
              82.80215454101562,
              81.72840118408203,
              76.73786926269531,
              92.6937255859375,
              92.86865234375,
              95.74364471435547,
              95.67410278320312,
              95.83802032470703,
              92.43311309814453,
              92.42655181884766,
              92.02946472167969,
              96.55571746826172,
              98.75067138671875,
              98.64704132080078,
              98.65474700927734,
              98.6693344116211,
              99.38129425048828,
              99.5213623046875,
              99.5461196899414,
              99.54666900634766,
              99.53912353515625,
              99.53366088867188,
              99.33012390136719,
              98.92501831054688,
              98.51372528076172,
              99.17290496826172,
              99.09782409667969,
              98.97549438476562,
              99.18244171142578,
              99.18461608886719,
              99.19075012207031,
              98.70931243896484,
              98.97216033935547,
              98.71269226074219,
              98.71099090576172,
              97.22279357910156,
              97.93437957763672,
              99.04110717773438,
              99.04486846923828,
              97.7733383178711,
              97.09614562988281,
              96.15052795410156,
              96.15299224853516,
              96.15177154541016,
              95.82457733154297,
              85.83958435058594,
              77.5939712524414,
              72.69792175292969,
              90.32648468017578,
              81.66815185546875,
              76.8355941772461,
              59.300811767578125,
              54.4842643737793,
              74.2850112915039,
              99.2677001953125,
              99.4588394165039,
              99.459716796875,
              99.1390380859375,
              99.29693603515625,
              99.39007568359375,
              99.4692153930664,
              99.54900360107422,
              99.54627227783203,
              99.54627227783203,
              99.52116394042969,
              99.57569122314453,
              99.57176208496094,
              96.80989074707031,
              96.83229064941406,
              85.74797058105469,
              83.55928039550781,
              96.85710906982422,
              99.26690673828125,
              99.26704406738281,
              98.27274322509766,
              96.28815460205078,
              91.19469451904297,
              91.25775146484375,
              93.0960922241211,
              92.18801879882812,
              68.27925109863281,
              51.2003288269043,
              51.802425384521484,
              42.355010986328125,
              48.66973876953125,
              22.965839385986328,
              21.09425926208496,
              21.146684646606445,
              20.283885955810547,
              37.66010284423828,
              58.99287414550781,
              65.82847595214844,
              65.38577270507812,
              73.42555236816406,
              77.73466491699219,
              88.41178131103516,
              90.43330383300781,
              90.27943420410156,
              86.9342041015625,
              86.61949920654297,
              93.73186492919922,
              93.1129150390625,
              92.95004272460938,
              96.38898468017578,
              91.33885192871094,
              81.68025970458984,
              89.7004165649414,
              89.95264434814453,
              96.44499206542969,
              93.45970916748047,
              95.31243896484375,
              94.5417709350586,
              94.50235748291016,
              94.33979034423828,
              93.54420471191406,
              96.5805435180664,
              97.03590393066406,
              96.99021911621094,
              98.05191802978516,
              96.67400360107422,
              95.0572280883789,
              91.39533996582031,
              91.17908477783203,
              77.60027313232422,
              72.33158111572266,
              70.18514251708984,
              69.72210693359375,
              68.6847152709961,
              68.71418762207031,
              64.65782165527344,
              49.82674789428711,
              50.848873138427734,
              63.81155776977539,
              68.61820220947266,
              87.11589813232422,
              85.35868835449219,
              84.47991943359375,
              51.6899528503418,
              46.762943267822266,
              55.79214096069336,
              60.9217643737793,
              65.60697937011719,
              65.8377685546875,
              66.7762680053711,
              45.871795654296875,
              34.4403190612793,
              31.94212532043457,
              65.017822265625,
              64.32441711425781,
              68.55131530761719,
              58.33981704711914,
              61.57815933227539,
              66.6247787475586,
              47.06875228881836,
              44.173912048339844,
              42.67683410644531,
              58.951751708984375,
              60.90573501586914,
              50.67809295654297,
              48.59295654296875,
              25.626567840576172,
              30.71768569946289,
              18.473079681396484,
              17.50238037109375,
              6.253468654904282e-06,
              0.38576751947402954,
              13.051549911499023,
              79.08181762695312,
              65.40372467041016,
              76.83899688720703,
              71.06485748291016,
              78.69019317626953,
              88.8341064453125,
              91.8597640991211,
              83.02643585205078,
              82.33174896240234,
              87.05564880371094,
              90.80388641357422,
              82.81596374511719,
              85.02991485595703,
              85.77027893066406,
              92.6027603149414,
              95.67589569091797,
              95.6419677734375,
              93.88764953613281,
              94.0738296508789,
              94.89881134033203,
              94.69496154785156,
              98.62405395507812,
              99.04389190673828,
              98.99252319335938,
              99.16537475585938,
              99.18759155273438,
              99.5050048828125,
              99.50580596923828,
              99.55109405517578,
              99.59549713134766,
              99.56963348388672,
              99.5167236328125,
              99.51748657226562,
              99.52417755126953,
              99.34576416015625,
              99.28363800048828,
              98.59870147705078,
              98.61229705810547,
              98.63337707519531,
              98.73316955566406,
              99.18505859375,
              98.95628356933594,
              98.94660949707031,
              98.67762756347656,
              99.02413177490234,
              97.89163208007812,
              96.0290756225586,
              96.04251861572266,
              96.8425064086914,
              97.0811538696289,
              97.6512222290039,
              97.62687683105469,
              97.63751983642578,
              97.65885925292969,
              93.21412658691406,
              85.18318176269531,
              80.64253997802734,
              80.89324188232422,
              91.87734985351562,
              91.44810485839844,
              72.6494369506836,
              62.94447708129883,
              71.66305541992188,
              90.85311126708984,
              99.36859130859375,
              99.41034698486328,
              99.41014862060547,
              99.39167785644531,
              99.47021484375,
              99.45907592773438,
              99.16009521484375,
              99.15977478027344,
              99.57247924804688,
              99.59233093261719,
              99.52096557617188,
              99.55964660644531,
              99.57717895507812,
              99.47042846679688,
              96.02623748779297,
              89.39015197753906,
              87.08175659179688,
              93.76872253417969,
              98.95043182373047,
              98.89691162109375,
              96.44055938720703,
              94.83627319335938,
              89.41620635986328,
              89.48583984375,
              92.62317657470703,
              90.1364517211914,
              74.98515319824219,
              74.99353790283203,
              61.27775192260742,
              41.47732925415039,
              28.94831085205078,
              35.32111740112305,
              35.02138137817383,
              44.95812225341797,
              58.3641357421875,
              52.35652160644531,
              62.18960952758789,
              61.97310256958008,
              76.51510620117188,
              84.91043853759766,
              93.29402160644531,
              93.20330810546875,
              93.1062240600586,
              93.48407745361328,
              92.86620330810547,
              94.34523010253906,
              94.29270935058594,
              96.54618835449219,
              95.86817169189453,
              96.46637725830078,
              80.67877960205078,
              80.0556411743164,
              74.98505401611328,
              81.66178131103516,
              94.00798797607422,
              94.15025329589844,
              94.3440170288086,
              95.4025650024414,
              93.71587371826172,
              93.71621704101562,
              95.0191650390625,
              94.89885711669922,
              96.24568176269531,
              94.82257080078125,
              94.32327270507812,
              96.31769561767578,
              96.27930450439453,
              96.1356430053711,
              87.70945739746094,
              70.80729675292969,
              62.62458419799805,
              61.8419189453125,
              56.64141845703125,
              64.95170593261719,
              75.58834838867188,
              75.86544799804688,
              76.2580337524414,
              71.2960433959961,
              73.5988540649414,
              74.84451293945312,
              78.22472381591797,
              76.94686126708984,
              76.00214385986328,
              65.79434204101562,
              54.70305633544922,
              51.30556869506836,
              51.95293426513672,
              57.484619140625,
              59.93268966674805,
              54.44429397583008,
              52.46116638183594,
              49.10469436645508,
              74.51608276367188,
              56.53110122680664,
              65.81254577636719,
              65.78670501708984,
              65.01079559326172,
              49.332889556884766,
              65.52259063720703,
              68.0890884399414,
              58.96161651611328,
              59.842864990234375,
              67.24636840820312,
              65.3979263305664,
              53.552101135253906,
              55.72254180908203,
              44.704689025878906,
              35.96473693847656,
              23.426433563232422,
              20.81097412109375,
              0.18090099096298218,
              23.67443084716797,
              69.70572662353516,
              80.78157806396484,
              82.14319610595703,
              76.85846710205078,
              78.33776092529297,
              83.25955200195312,
              82.1093521118164,
              75.178955078125,
              81.65056610107422,
              86.8077392578125,
              93.54207611083984,
              92.94532775878906,
              90.54173278808594,
              85.5459213256836,
              95.67343139648438,
              95.56670379638672,
              96.02369689941406,
              94.41788482666016,
              94.45858764648438,
              94.78652954101562,
              97.56341552734375,
              98.68250274658203,
              98.69955444335938,
              99.0561294555664,
              99.3538818359375,
              99.39628601074219,
              99.38831329345703,
              99.38609313964844,
              99.4832763671875,
              99.58866119384766,
              99.56600952148438,
              99.56710052490234,
              99.37301635742188,
              99.31024169921875,
              98.38055419921875,
              98.49097442626953,
              98.4922866821289,
              98.33770751953125,
              98.98347473144531,
              99.0284652709961,
              99.14747619628906,
              99.15605163574219,
              99.1867446899414,
              99.00347900390625,
              98.96395111083984,
              98.96707153320312,
              99.02337646484375,
              97.32778930664062,
              96.1232681274414,
              93.54126739501953,
              93.49762725830078,
              93.39530944824219,
              96.020751953125,
              84.51969909667969,
              87.68782043457031,
              88.07819366455078,
              71.31732940673828,
              66.0096435546875,
              82.49981689453125,
              89.12389373779297,
              89.21533966064453,
              0.0011298112804070115,
              0.0007483937661163509,
              89.60150146484375,
              99.1357192993164,
              99.13563537597656,
              99.39019775390625,
              99.29447937011719,
              99.17525482177734,
              99.39091491699219,
              99.38914489746094,
              99.5871810913086,
              99.5871810913086,
              99.58878326416016,
              99.58903503417969,
              99.58906555175781,
              99.4719009399414,
              99.38990783691406,
              97.77010345458984,
              91.79818725585938,
              93.7632064819336,
              96.25801086425781,
              99.12344360351562,
              97.61246490478516,
              90.33525848388672,
              94.38079071044922,
              92.01956939697266,
              93.40091705322266,
              90.05675506591797,
              90.06698608398438,
              86.80644226074219,
              86.81456756591797,
              77.10877990722656,
              57.04193115234375,
              61.54115295410156,
              29.720111846923828,
              27.78535270690918,
              44.65848922729492,
              68.423583984375,
              59.816497802734375,
              61.644859313964844,
              77.65215301513672,
              88.44889831542969,
              91.44824981689453,
              90.9355239868164,
              89.86820983886719,
              93.47584533691406,
              93.42459106445312,
              95.10838317871094,
              95.07176971435547,
              95.02872467041016,
              92.98286437988281,
              90.98434448242188,
              69.24234771728516,
              68.7534408569336,
              67.56846618652344,
              74.95271301269531,
              88.15562438964844,
              93.90007019042969,
              94.29680633544922,
              91.34550476074219,
              94.30523681640625,
              94.26654052734375,
              91.38160705566406,
              91.93538665771484,
              93.6137466430664,
              96.32972717285156,
              95.09761047363281,
              95.14485931396484,
              95.01346588134766,
              96.21884155273438,
              93.57489776611328,
              85.38121032714844,
              69.05955505371094,
              67.87152099609375,
              61.54170608520508,
              56.62314224243164,
              64.12382507324219,
              65.7035140991211,
              84.99614715576172,
              82.61324310302734,
              78.54096984863281,
              83.22438049316406,
              84.43359375,
              77.78926849365234,
              73.70511627197266,
              81.81356048583984,
              77.79744720458984,
              79.02452087402344,
              69.05419158935547,
              55.93553161621094,
              58.371299743652344,
              67.44456481933594,
              68.66275024414062,
              72.234375,
              70.86756134033203,
              69.42544555664062,
              51.61579132080078,
              49.957252502441406,
              45.395572662353516,
              52.79920196533203,
              33.10552978515625,
              53.20879364013672,
              54.50200271606445,
              74.94203186035156,
              37.90819549560547,
              46.23009490966797,
              60.33685302734375,
              65.23027038574219,
              48.224491119384766,
              37.189884185791016,
              31.87185287475586,
              25.527158737182617,
              27.544445037841797,
              2.080258582282113e-06,
              6.003059297654545e-06,
              18.094890594482422,
              84.6720962524414,
              86.43415832519531,
              75.79957580566406,
              82.34320068359375,
              76.04068756103516,
              75.25233459472656,
              40.8029899597168,
              66.27762603759766,
              81.75642395019531,
              92.92010498046875,
              93.04769897460938,
              90.17652130126953,
              88.92951965332031,
              92.44609069824219,
              96.8804702758789,
              97.18872833251953,
              94.29617309570312,
              94.84461212158203,
              96.51974487304688,
              98.14178466796875,
              98.23374938964844,
              97.68120574951172,
              98.76469421386719,
              99.13511657714844,
              99.2641372680664,
              99.24552154541016,
              99.12483978271484,
              99.47681427001953,
              99.50334930419922,
              99.52330017089844,
              99.57917785644531,
              99.58011627197266,
              99.5401611328125,
              99.30831146240234,
              99.5408935546875,
              98.89862823486328,
              98.75796508789062,
              99.15245056152344,
              99.25394439697266,
              99.25579833984375,
              99.17150115966797,
              98.7057113647461,
              98.98116302490234,
              99.16352081298828,
              99.16844177246094,
              99.14161682128906,
              98.96184539794922,
              97.70075225830078,
              97.16673278808594,
              97.21051025390625,
              91.7969970703125,
              83.32019805908203,
              85.35765075683594,
              86.5203857421875,
              86.1427230834961,
              86.30116271972656,
              73.3777847290039,
              68.74099731445312,
              66.69322204589844,
              66.25003051757812,
              71.2793960571289,
              77.59542083740234,
              81.28964233398438,
              80.55379486083984,
              77.82624816894531,
              98.84162902832031,
              98.21465301513672,
              99.3679428100586,
              99.36764526367188,
              99.13359069824219,
              99.45750427246094,
              99.5489273071289,
              99.57124328613281,
              99.57083129882812,
              99.5526123046875,
              98.6801528930664,
              99.26655578613281,
              99.13438415527344,
              99.13560485839844,
              98.31725311279297,
              97.87130737304688,
              96.23001098632812,
              98.70494842529297,
              98.69941711425781,
              98.64042663574219,
              96.92378234863281,
              90.28768920898438,
              93.3972396850586,
              93.39678955078125,
              91.13104248046875,
              88.22331237792969,
              84.55460357666016,
              80.0539779663086,
              80.08548736572266,
              80.4635009765625,
              38.93810272216797,
              28.37594223022461,
              44.61421585083008,
              44.58280563354492,
              71.70446014404297,
              83.73079681396484,
              84.41210174560547,
              87.81713104248047,
              81.92880249023438,
              85.42302703857422,
              94.36336517333984,
              93.46332550048828,
              93.31066131591797,
              93.25736236572266,
              95.66139221191406,
              93.89683532714844,
              80.30927276611328,
              79.51519775390625,
              49.811683654785156,
              54.53633499145508,
              59.93980026245117,
              86.1258544921875,
              92.81282043457031,
              92.50637817382812,
              90.3912353515625,
              88.61122131347656,
              91.6493911743164,
              92.56008911132812,
              91.62334442138672,
              92.85755157470703,
              95.38385772705078,
              96.1546630859375,
              95.4867935180664,
              93.20215606689453,
              91.69645690917969,
              94.67335510253906,
              91.05307006835938,
              91.12501525878906,
              91.049072265625,
              80.11563110351562,
              70.31271362304688,
              70.63003540039062,
              69.71014404296875,
              65.16979217529297,
              84.73283386230469,
              91.34835815429688,
              85.24592590332031,
              85.49593353271484,
              71.74354553222656,
              69.58089447021484,
              72.2034683227539,
              80.19911193847656,
              81.00536346435547,
              80.14094543457031,
              76.41661834716797,
              76.8055191040039,
              72.71089172363281,
              73.55259704589844,
              70.63929748535156,
              67.40058135986328,
              53.86116027832031,
              48.72895812988281,
              47.03966522216797,
              34.29157257080078,
              29.01206398010254,
              41.95784378051758,
              37.03418731689453,
              39.1549186706543,
              40.190032958984375,
              59.46458053588867,
              29.738204956054688,
              39.838539123535156,
              40.914634704589844,
              53.83139419555664,
              42.16438293457031,
              35.587623596191406,
              17.66549301147461,
              19.93716049194336,
              15.848255157470703,
              2.944396101156599e-06,
              0.15090321004390717,
              20.189851760864258,
              79.40250396728516,
              86.78334045410156,
              90.57809448242188,
              90.9011001586914,
              82.4072036743164,
              75.23245239257812,
              16.587512969970703,
              61.47195053100586,
              67.39140319824219,
              81.86109924316406,
              92.73971557617188,
              94.42610168457031,
              94.54185485839844,
              94.8946762084961,
              98.552978515625,
              96.10857391357422,
              96.28273010253906,
              97.36531066894531,
              97.5736083984375,
              98.34705352783203,
              98.37696838378906,
              98.73580932617188,
              99.3547134399414,
              99.35130310058594,
              99.21456909179688,
              98.8969955444336,
              99.31743621826172,
              99.32565307617188,
              99.31993865966797,
              99.10675811767578,
              99.4991683959961,
              99.55976867675781,
              99.59549713134766,
              99.56105041503906,
              99.5714340209961,
              99.46412658691406,
              99.46393585205078,
              99.36004638671875,
              99.44818878173828,
              99.40218353271484,
              99.17803192138672,
              99.29230499267578,
              99.42134094238281,
              99.40652465820312,
              99.29891967773438,
              99.39546203613281,
              98.97425079345703,
              99.30455017089844,
              97.8122329711914,
              96.09794616699219,
              93.06059265136719,
              90.25239562988281,
              88.28006744384766,
              85.4974136352539,
              88.57109832763672,
              90.89459991455078,
              81.91297912597656,
              82.26676940917969,
              57.661312103271484,
              60.05118942260742,
              71.7017593383789,
              89.63980865478516,
              88.94132995605469,
              96.0563735961914,
              83.60964965820312,
              70.19126892089844,
              91.59928131103516,
              91.17874145507812,
              99.36846923828125,
              99.23661041259766,
              99.13302612304688,
              99.2674789428711,
              99.26390838623047,
              99.51432037353516,
              99.51950073242188,
              99.3025894165039,
              98.96626281738281,
              98.96770477294922,
              98.97757720947266,
              99.13555908203125,
              99.02478790283203,
              98.92793273925781,
              98.92829895019531,
              99.2782974243164,
              98.64099884033203,
              97.13389587402344,
              97.11714172363281,
              91.02713775634766,
              89.92622375488281,
              93.40123748779297,
              93.35961151123047,
              93.39988708496094,
              90.50225830078125,
              91.0785903930664,
              74.84010314941406,
              53.9746208190918,
              54.01430130004883,
              54.03054428100586,
              82.5919418334961,
              81.47373962402344,
              88.09493255615234,
              87.90142059326172,
              81.90251922607422,
              85.60850524902344,
              93.38682556152344,
              95.63687896728516,
              95.53469848632812,
              93.85918426513672,
              95.0172348022461,
              95.35609436035156,
              89.90128326416016,
              89.56436157226562,
              72.02590942382812,
              44.12118911743164,
              53.874088287353516,
              75.07769775390625,
              76.03338623046875,
              84.54337310791016,
              90.05567169189453,
              85.11517333984375,
              88.12522888183594,
              83.9590835571289,
              91.19566345214844,
              91.6784896850586,
              92.7449722290039,
              95.24066162109375,
              95.8099136352539,
              95.66167449951172,
              93.80707550048828,
              92.66705322265625,
              91.66925811767578,
              79.821044921875,
              89.43251037597656,
              89.06278228759766,
              84.55076599121094,
              75.99117279052734,
              74.51289367675781,
              80.61138916015625,
              76.0208511352539,
              70.62528228759766,
              75.42314910888672,
              73.07073211669922,
              77.38333129882812,
              77.56422424316406,
              78.46000671386719,
              79.50132751464844,
              78.74819946289062,
              79.74207305908203,
              74.59984588623047,
              71.00567626953125,
              72.7485580444336,
              78.81746673583984,
              77.15019989013672,
              73.28413391113281,
              64.21139526367188,
              71.35916137695312,
              64.00342559814453,
              62.33028030395508,
              42.39569854736328,
              35.65373992919922,
              34.24287796020508,
              47.934356689453125,
              43.656898498535156,
              35.44851303100586,
              22.925479888916016,
              24.15839195251465,
              24.326589584350586,
              44.448204040527344,
              47.230690002441406,
              52.59733200073242,
              54.49485778808594,
              30.99608039855957,
              20.375499725341797,
              18.72318458557129,
              2.891290478146402e-06,
              0.1705370545387268,
              9.435598373413086,
              54.67723083496094,
              81.03916931152344,
              82.34392547607422,
              83.24248504638672,
              88.28662109375,
              91.59103393554688,
              93.0858383178711,
              9.519030570983887,
              0.24682313203811646,
              3.7697806358337402,
              80.74797058105469,
              94.0455093383789,
              96.78279113769531,
              97.00873565673828,
              98.49484252929688,
              97.24468994140625,
              98.12841796875,
              98.30313873291016,
              98.31700897216797,
              98.38072204589844,
              99.07042694091797,
              99.03685760498047,
              99.00308990478516,
              98.94854736328125,
              98.94422149658203,
              99.00473022460938,
              99.35367584228516,
              99.36834716796875,
              99.38826751708984,
              99.35972595214844,
              99.01065063476562,
              99.3866958618164,
              99.39002990722656,
              99.56621551513672,
              99.56658172607422,
              99.5351791381836,
              99.48818969726562,
              99.49022674560547,
              99.44922637939453,
              99.38262939453125,
              99.44742584228516,
              99.4166030883789,
              99.41812133789062,
              99.44876098632812,
              99.30764770507812,
              99.39102935791016,
              99.45979309082031,
              99.46167755126953,
              98.92345428466797,
              97.09329223632812,
              95.17529296875,
              93.53450012207031,
              93.69556427001953,
              89.62018585205078,
              83.2066650390625,
              89.12689971923828,
              90.93331909179688,
              91.16617584228516,
              77.37593078613281,
              53.54894256591797,
              73.29352569580078,
              0.0009188957628794014,
              94.97652435302734,
              98.64187622070312,
              98.2167739868164,
              83.16875457763672,
              89.75548553466797,
              89.0829086303711,
              87.17648315429688,
              97.46015930175781,
              97.61201477050781,
              97.60982513427734,
              98.9432601928711,
              99.15481567382812,
              99.28929138183594,
              99.15323638916016,
              99.15729522705078,
              98.78129577636719,
              98.71685791015625,
              98.96678924560547,
              99.26885986328125,
              99.27151489257812,
              99.30752563476562,
              99.52201080322266,
              98.69364929199219,
              97.5836410522461,
              97.58500671386719,
              95.90463256835938,
              94.50711059570312,
              96.51471710205078,
              93.64305114746094,
              93.63548278808594,
              91.07476806640625,
              92.51722717285156,
              88.8341064453125,
              83.7262954711914,
              83.611083984375,
              71.65288543701172,
              86.72267150878906,
              90.00743103027344,
              89.97911071777344,
              89.80923461914062,
              85.62146759033203,
              93.74212646484375,
              96.19288635253906,
              97.76394653320312,
              97.79814147949219,
              95.6849365234375,
              96.58319854736328,
              94.59990692138672,
              93.8862533569336,
              93.73482513427734,
              77.76110076904297,
              66.36268615722656,
              44.0592155456543,
              43.70500564575195,
              56.6869010925293,
              63.23451232910156,
              70.71188354492188,
              78.55767822265625,
              78.00254821777344,
              78.34666442871094,
              86.0401840209961,
              87.06031799316406,
              86.8104248046875,
              87.49176025390625,
              94.47982788085938,
              94.03925323486328,
              96.11878967285156,
              92.36377716064453,
              92.0054931640625,
              86.74278259277344,
              88.74191284179688,
              87.9703140258789,
              89.80154418945312,
              89.04558563232422,
              85.47181701660156,
              81.74159240722656,
              74.9794692993164,
              79.98041534423828,
              80.15296173095703,
              74.46857452392578,
              80.00938415527344,
              69.6834487915039,
              73.25906372070312,
              77.03534698486328,
              81.15985107421875,
              75.93811798095703,
              72.67342376708984,
              73.7578353881836,
              84.55410766601562,
              82.5489730834961,
              72.64506530761719,
              71.0081787109375,
              73.14961242675781,
              72.91521453857422,
              68.64371490478516,
              71.42951202392578,
              75.76836395263672,
              56.177703857421875,
              43.779884338378906,
              32.05177307128906,
              50.18063735961914,
              53.321712493896484,
              43.29814147949219,
              38.0638313293457,
              25.750333786010742,
              31.168731689453125,
              31.858572006225586,
              52.48057174682617,
              54.739688873291016,
              35.754390716552734,
              25.86287498474121,
              19.05426025390625,
              17.303159713745117,
              0.0010516280308365822,
              4.439458734850632e-06,
              0.02137664519250393,
              10.135490417480469,
              71.82503509521484,
              74.38864135742188,
              67.74510192871094,
              68.89383697509766,
              83.56504821777344,
              84.28196716308594,
              94.0799789428711,
              97.77071380615234,
              95.89910888671875,
              17.051136016845703,
              68.13258361816406,
              92.47187042236328,
              93.16021728515625,
              96.37022399902344,
              97.81864166259766,
              98.62380981445312,
              98.12853240966797,
              98.21929931640625,
              98.3334732055664,
              98.79997253417969,
              99.0802001953125,
              99.2359848022461,
              99.22631072998047,
              98.95953369140625,
              98.86982727050781,
              98.48326873779297,
              98.51948547363281,
              98.6544189453125,
              99.36652374267578,
              99.47250366210938,
              99.33549499511719,
              99.19808959960938,
              99.18722534179688,
              99.2094955444336,
              99.42587280273438,
              99.51244354248047,
              99.48733520507812,
              99.48805236816406,
              99.47850036621094,
              99.38336944580078,
              99.46257781982422,
              99.46489715576172,
              99.49447631835938,
              99.50833129882812,
              99.45148468017578,
              99.39076232910156,
              99.39163208007812,
              99.47616577148438,
              99.47604370117188,
              99.14391326904297,
              97.7982177734375,
              97.80896759033203,
              97.9622802734375,
              94.95093536376953,
              89.12278747558594,
              89.3943862915039,
              89.45573425292969,
              89.24161529541016,
              79.10974884033203,
              62.790252685546875,
              66.9450912475586,
              66.81442260742188,
              89.32843017578125,
              98.70149993896484,
              98.64897918701172,
              96.00775146484375,
              98.12853240966797,
              97.64155578613281,
              98.258056640625,
              98.65606689453125,
              91.61734008789062,
              99.14734649658203,
              98.70299530029297,
              99.15922546386719,
              99.30402374267578,
              99.31880187988281,
              99.17082214355469,
              97.9149398803711,
              97.15817260742188,
              98.45087432861328,
              99.27163696289062,
              99.26683807373047,
              98.86019897460938,
              99.29487609863281,
              99.30608367919922,
              99.47113800048828,
              98.68162536621094,
              96.96702575683594,
              95.68790435791016,
              95.55953979492188,
              95.56005859375,
              94.00997924804688,
              91.07608032226562,
              89.1867904663086,
              88.14140319824219,
              88.14933013916016,
              90.57471466064453,
              84.44873809814453,
              75.82808685302734,
              85.94610595703125,
              85.95064544677734,
              96.1966552734375,
              94.9994125366211,
              93.40396881103516,
              97.97770690917969,
              97.96390533447266,
              98.3333511352539,
              98.76875305175781,
              98.89895629882812,
              97.1369400024414,
              97.09383392333984,
              94.59036254882812,
              86.77456665039062,
              70.98421478271484,
              46.07353973388672,
              44.00489044189453,
              33.04610824584961,
              48.64617156982422,
              68.41309356689453,
              66.6580810546875,
              66.3809814453125,
              64.15823364257812,
              84.74506378173828,
              86.68745422363281,
              90.35147094726562,
              90.4688949584961,
              87.87704467773438,
              84.79508209228516,
              85.8980941772461,
              92.44172668457031,
              92.84117889404297,
              92.62081146240234,
              94.15263366699219,
              90.35163879394531,
              88.45631408691406,
              88.27326202392578,
              92.15301513671875,
              90.05021667480469,
              88.19654846191406,
              72.25399017333984,
              71.91647338867188,
              89.8678207397461,
              85.80706787109375,
              78.84148406982422,
              79.18489837646484,
              76.44483184814453,
              84.8831558227539,
              80.34083557128906,
              79.88676452636719,
              81.4507827758789,
              83.2353744506836,
              87.70877838134766,
              79.9305419921875,
              75.07606506347656,
              76.60486602783203,
              83.3719711303711,
              77.67689514160156,
              78.41986846923828,
              75.42941284179688,
              75.04326629638672,
              64.62711334228516,
              64.47008514404297,
              51.15376281738281,
              50.49297332763672,
              51.47193145751953,
              38.9702033996582,
              37.7332878112793,
              46.85007095336914,
              53.75870895385742,
              53.115440368652344,
              59.113765716552734,
              54.07655715942383,
              36.445472717285156,
              26.193588256835938,
              28.471309661865234,
              23.176475524902344,
              0.004260040819644928,
              0.009130760096013546,
              0.4955188035964966,
              71.47610473632812,
              75.66316986083984,
              76.88115692138672,
              77.18934631347656,
              82.89253997802734,
              82.92703247070312,
              87.20901489257812,
              95.03518676757812,
              98.8747329711914,
              97.75399780273438,
              89.58516693115234,
              89.7666015625,
              89.83396911621094,
              95.4598159790039,
              97.5245361328125,
              98.5881118774414,
              97.3199462890625,
              97.47856903076172,
              97.60308074951172,
              97.68680572509766,
              98.36543273925781,
              98.30020904541016,
              98.67732238769531,
              98.97093200683594,
              98.89166259765625,
              99.33798217773438,
              99.34976959228516,
              99.00160217285156,
              98.18716430664062,
              99.22806549072266,
              99.02713775634766,
              99.35868072509766,
              99.43892669677734,
              99.35118865966797,
              99.2231216430664,
              98.91726684570312,
              98.91551208496094,
              99.30851745605469,
              99.38020324707031,
              99.30081176757812,
              99.3958969116211,
              99.39733123779297,
              99.45024108886719,
              99.5074462890625,
              99.521484375,
              99.47649383544922,
              99.47612762451172,
              99.42202758789062,
              99.0921401977539,
              99.13796997070312,
              98.91236877441406,
              98.92024230957031,
              97.81391906738281,
              97.79029846191406,
              96.27610778808594,
              93.4925308227539,
              93.64205932617188,
              89.24272155761719,
              69.9013442993164,
              56.555450439453125,
              57.767242431640625,
              60.22960662841797,
              87.88519287109375,
              97.16864013671875,
              98.94802856445312,
              98.9432601928711,
              98.642578125,
              99.08995819091797,
              98.82486724853516,
              98.84959411621094,
              98.84369659423828,
              99.2938003540039,
              99.48247528076172,
              99.52201080322266,
              99.14153289794922,
              99.1409683227539,
              98.92967224121094,
              97.27934265136719,
              92.6110610961914,
              96.51997375488281,
              96.4951400756836,
              98.68583679199219,
              99.06411743164062,
              98.61456298828125,
              99.14053344726562,
              98.71123504638672,
              98.97004699707031,
              97.72106170654297,
              92.82025146484375,
              92.82463836669922,
              92.66873931884766,
              92.62266540527344,
              91.93151092529297,
              91.07764434814453,
              92.4630355834961,
              93.31295776367188,
              90.44171142578125,
              87.42130279541016,
              89.26937866210938,
              85.25621032714844,
              85.13017272949219,
              81.81248474121094,
              82.6100082397461,
              96.33295440673828,
              96.60704803466797,
              96.58082580566406,
              97.94921875,
              97.93457794189453,
              98.74613952636719,
              97.59112548828125,
              97.62691497802734,
              97.26825714111328,
              95.30587768554688,
              86.79241180419922,
              86.46063995361328,
              63.142578125,
              48.95151138305664,
              21.611478805541992,
              50.28588104248047,
              54.6129150390625,
              67.40415954589844,
              67.53137969970703,
              66.57536315917969,
              80.66317749023438,
              81.12451934814453,
              83.88422393798828,
              85.88904571533203,
              89.86302947998047,
              88.68594360351562,
              89.12590026855469,
              88.29175567626953,
              94.3337173461914,
              94.99262237548828,
              93.03825378417969,
              92.87503051757812,
              92.22661590576172,
              93.92173767089844,
              85.4666748046875,
              75.89849853515625,
              75.93475341796875,
              80.7454833984375,
              80.89094543457031,
              95.73468780517578,
              97.12557983398438,
              97.08138275146484,
              96.87178039550781,
              96.50209045410156,
              94.51158142089844,
              90.06622314453125,
              90.15119934082031,
              94.73014831542969,
              97.26696014404297,
              97.20476531982422,
              95.71365356445312,
              95.88160705566406,
              90.8210678100586,
              87.96621704101562,
              81.34999084472656,
              85.82577514648438,
              85.3360595703125,
              79.22259521484375,
              75.41674041748047,
              77.81498718261719,
              61.43975067138672,
              63.12294006347656,
              72.26947021484375,
              62.0648078918457,
              61.45066452026367,
              42.97697067260742,
              44.01140594482422,
              37.509464263916016,
              44.048709869384766,
              43.7044792175293,
              34.9275016784668,
              37.13533020019531,
              31.128528594970703,
              25.093116760253906,
              0.04801680147647858,
              0.2778032422065735,
              55.86359405517578,
              80.03922271728516,
              65.00587463378906,
              67.27379608154297,
              67.20925903320312,
              81.08557891845703,
              82.0262222290039,
              87.09046936035156,
              97.53218841552734,
              98.94176483154297,
              98.28044128417969,
              98.0059814453125,
              95.72827911376953,
              94.34761047363281,
              96.31488037109375,
              98.48611450195312,
              98.53562927246094,
              97.49577331542969,
              96.20984649658203,
              97.54850769042969,
              98.3290786743164,
              98.82189178466797,
              97.61969757080078,
              98.80200958251953,
              98.99304962158203,
              99.11348724365234,
              99.2886962890625,
              99.13660430908203,
              99.20560455322266,
              98.53263092041016,
              98.98197937011719,
              99.01752471923828,
              99.31808471679688,
              99.43598937988281,
              99.34721374511719,
              99.1457748413086,
              99.13233184814453,
              98.64260864257812,
              98.68063354492188,
              99.13072204589844,
              98.64002227783203,
              99.28904724121094,
              99.39801788330078,
              99.47227478027344,
              99.50973510742188,
              99.51050567626953,
              99.51705169677734,
              99.3025894165039,
              99.23359680175781,
              98.64761352539062,
              98.631103515625,
              98.07612609863281,
              98.64969635009766,
              98.56391143798828,
              98.6514663696289,
              98.66260528564453,
              97.78697967529297,
              95.01443481445312,
              82.91017150878906,
              64.35340881347656,
              65.1905288696289,
              0.0012051271041855216,
              0.0008667136426083744,
              95.26289367675781,
              98.68299102783203,
              98.67633819580078,
              98.67617797851562,
              99.1502914428711,
              99.38609313964844,
              99.38749694824219,
              99.38934326171875,
              99.27241516113281,
              99.29178619384766,
              99.45935821533203,
              99.55329895019531,
              99.55338287353516,
              99.30378723144531,
              97.91244506835938,
              92.6937255859375,
              92.63179016113281,
              92.57943725585938,
              95.47283935546875,
              98.36274719238281,
              98.68034362792969,
              98.67354583740234,
              98.67313385009766,
              97.88800048828125,
              97.93138885498047,
              96.15684509277344,
              96.1580810546875,
              90.22866821289062,
              94.31405639648438,
              93.97802734375,
              91.4736328125,
              91.41896057128906,
              92.56157684326172,
              91.28194427490234,
              84.7181167602539,
              85.81417083740234,
              85.95960998535156,
              95.08572387695312,
              98.53968048095703,
              96.6073226928711,
              92.3869400024414,
              97.84009552001953,
              96.3603744506836,
              93.68151092529297,
              92.02008056640625,
              96.60657501220703,
              94.05557250976562,
              96.39564514160156,
              95.36707305908203,
              96.66028594970703,
              95.26383972167969,
              94.83564758300781,
              85.84827423095703,
              63.11541748046875,
              54.02534484863281,
              37.22837448120117,
              22.356220245361328,
              34.38455581665039,
              59.418304443359375,
              71.91427612304688,
              65.7662582397461,
              65.98242950439453,
              71.9941177368164,
              80.3254623413086,
              83.9952392578125,
              91.41429901123047,
              91.65974426269531,
              88.43869018554688,
              89.3258285522461,
              88.29662322998047,
              91.45589447021484,
              91.63681030273438,
              93.6480484008789,
              88.0424575805664,
              75.48908233642578,
              76.16132354736328,
              75.23092651367188,
              70.90289306640625,
              76.87725067138672,
              84.4314956665039,
              94.82292175292969,
              95.02733612060547,
              98.0406723022461,
              97.60778045654297,
              96.96926879882812,
              93.49711608886719,
              92.02598571777344,
              94.15312194824219,
              95.27104187011719,
              98.94075775146484,
              99.01235961914062,
              99.0573501586914,
              98.84684753417969,
              96.62605285644531,
              92.7379150390625,
              93.25263214111328,
              86.77851867675781,
              86.0123062133789,
              92.92803192138672,
              89.52423095703125,
              65.54778289794922,
              82.50009155273438,
              69.75487518310547,
              65.58029174804688,
              57.395870208740234,
              59.21481704711914,
              59.34670639038086,
              48.860965728759766,
              49.33539581298828,
              45.864349365234375,
              47.16349411010742,
              38.904170989990234,
              27.26069450378418,
              25.677677154541016,
              21.807374954223633,
              0.20874805748462677,
              6.657773971557617,
              55.756473541259766,
              71.18206787109375,
              75.05255126953125,
              75.1111831665039,
              75.44300842285156,
              77.60083770751953,
              84.42554473876953,
              88.25643920898438,
              96.94364166259766,
              98.56271362304688,
              98.5826187133789,
              98.5930404663086,
              97.81934356689453,
              97.44815063476562,
              98.47608184814453,
              98.52494812011719,
              98.12906646728516,
              97.54985046386719,
              97.49479675292969,
              97.50556945800781,
              97.50179290771484,
              98.72654724121094,
              97.8224105834961,
              98.7688217163086,
              98.71089172363281,
              99.14177703857422,
              99.42805480957031,
              99.33191680908203,
              98.55049133300781,
              98.58502960205078,
              98.05514526367188,
              98.72249603271484,
              99.33866882324219,
              99.49848937988281,
              99.1948471069336,
              99.36502838134766,
              99.28272247314453,
              98.77119445800781,
              97.90846252441406,
              97.87823486328125,
              97.14315032958984,
              97.86447143554688,
              99.02091217041016,
              99.45393371582031,
              98.83023071289062,
              98.72151947021484,
              98.93511962890625,
              98.86499786376953,
              98.27105712890625,
              98.28328704833984,
              98.45012664794922,
              97.53437805175781,
              98.18476104736328,
              98.21530151367188,
              98.2221908569336,
              98.90039825439453,
              98.57401275634766,
              96.2540054321289,
              86.61022186279297,
              86.91651153564453,
              66.00283813476562,
              88.09625244140625,
              96.39627075195312,
              96.3556137084961,
              98.96080780029297,
              99.15185546875,
              98.9521484375,
              98.95203399658203,
              98.95659637451172,
              99.28445434570312,
              99.26193237304688,
              98.55400848388672,
              99.17963409423828,
              99.17049407958984,
              99.4820327758789,
              99.4688491821289,
              99.2962875366211,
              97.18305206298828,
              97.20696258544922,
              96.54204559326172,
              94.1895751953125,
              97.4355697631836,
              98.61849212646484,
              98.61026763916016,
              98.67390441894531,
              96.39002990722656,
              96.4157485961914,
              96.34880828857422,
              96.32573699951172,
              93.15446472167969,
              81.79411315917969,
              89.2115478515625,
              89.23823547363281,
              89.26092529296875,
              94.22432708740234,
              91.24437713623047,
              91.52568817138672,
              85.9791030883789,
              86.3332290649414,
              92.5811538696289,
              93.98238372802734,
              98.51068115234375,
              98.80978393554688,
              98.80974578857422,
              93.17140197753906,
              94.48367309570312,
              95.22895050048828,
              92.53270721435547,
              91.34746551513672,
              94.74242401123047,
              94.29731750488281,
              95.3254165649414,
              94.21995544433594,
              90.88006591796875,
              92.4596939086914,
              86.18051147460938,
              63.91320037841797,
              62.021385192871094,
              48.54409408569336,
              43.651824951171875,
              40.03938674926758,
              49.24188995361328,
              65.13155364990234,
              70.94776153564453,
              77.41825866699219,
              82.01605224609375,
              88.30976867675781,
              94.47219848632812,
              87.43852996826172,
              87.74468994140625,
              88.40982055664062,
              87.74795532226562,
              86.70014190673828,
              88.55079650878906,
              92.98180389404297,
              88.89546203613281,
              83.85441589355469,
              80.94254302978516,
              74.50566864013672,
              74.22297668457031,
              64.24712371826172,
              56.979034423828125,
              64.7874755859375,
              84.17001342773438,
              94.51077270507812,
              97.68315887451172,
              96.46583557128906,
              96.54871368408203,
              97.72586059570312,
              96.01575469970703,
              91.31294250488281,
              81.47254943847656,
              90.5943374633789,
              92.30397033691406,
              98.495849609375,
              98.77961730957031,
              99.1355209350586,
              99.15225219726562,
              98.78302001953125,
              96.59282684326172,
              98.47075653076172,
              96.6867904663086,
              96.55889129638672,
              89.32147979736328,
              85.74446868896484,
              89.86058807373047,
              71.12395477294922,
              72.8709716796875,
              59.68559265136719,
              53.8248405456543,
              56.084442138671875,
              42.876564025878906,
              43.90766143798828,
              48.49188232421875,
              54.798828125,
              18.57243537902832,
              20.298233032226562,
              20.823501586914062,
              0.49281179904937744,
              18.416820526123047,
              73.11442565917969,
              75.31080627441406,
              67.77069854736328,
              69.5408935546875,
              77.92009735107422,
              83.72100067138672,
              83.18414306640625,
              88.33663177490234,
              89.29655456542969,
              96.45155334472656,
              98.57295989990234,
              98.98723602294922,
              98.53148651123047,
              98.462646484375,
              98.9540023803711,
              99.0144271850586,
              98.66239166259766,
              98.13887023925781,
              98.15351104736328,
              97.54735565185547,
              98.2538833618164,
              97.59464263916016,
              97.70665740966797,
              97.61157989501953,
              98.59780883789062,
              99.34326171875,
              99.43095397949219,
              99.17748260498047,
              99.19657897949219,
              97.93318176269531,
              97.9600601196289,
              98.06350708007812,
              99.29480743408203,
              99.31249237060547,
              99.37381744384766,
              99.3683090209961,
              99.3108901977539,
              98.89623260498047,
              98.81130981445312,
              99.01335906982422,
              97.18096160888672,
              95.08505249023438,
              95.06108093261719,
              98.15495300292969,
              98.18156433105469,
              97.87835693359375,
              98.27422332763672,
              98.27274322509766,
              97.7408447265625,
              98.43682861328125,
              98.16539001464844,
              97.57593536376953,
              95.93113708496094,
              96.98250579833984,
              97.74201202392578,
              98.64424133300781,
              97.7830581665039,
              97.05833435058594,
              91.80288696289062,
              83.1775894165039,
              75.8306655883789,
              92.40999603271484,
              92.10753631591797,
              98.97130584716797,
              99.2763442993164,
              99.13511657714844,
              99.1073226928711,
              99.10735321044922,
              99.11477661132812,
              99.29693603515625,
              99.12385559082031,
              98.95512390136719,
              98.95608520507812,
              99.4045639038086,
              99.16693115234375,
              99.4153060913086,
              99.42294311523438,
              99.42507934570312,
              98.31745910644531,
              97.92278289794922,
              97.2954330444336,
              97.79138946533203,
              97.76217651367188,
              98.61103057861328,
              98.19129943847656,
              92.24947357177734,
              92.30181884765625,
              95.3115234375,
              91.5295639038086,
              55.67802047729492,
              66.992431640625,
              67.03900146484375,
              83.3682632446289,
              91.76982879638672,
              92.98443603515625,
              94.63790130615234,
              94.55183410644531,
              96.1583251953125,
              92.98759460449219,
              90.75029754638672,
              92.56976318359375,
              92.6307144165039,
              97.33268737792969,
              82.7572250366211,
              86.92609405517578,
              91.42496490478516,
              91.48565673828125,
              90.89220428466797,
              92.94123077392578,
              96.57666778564453,
              94.20735168457031,
              94.21208190917969,
              89.6683120727539,
              83.59043884277344,
              91.16980743408203,
              82.02710723876953,
              81.15168762207031,
              69.05741119384766,
              73.8140640258789,
              78.69607543945312,
              74.22415924072266,
              77.20146942138672,
              78.85675048828125,
              90.08490753173828,
              86.26951599121094,
              84.81646728515625,
              85.06117248535156,
              94.98695373535156,
              88.85796356201172,
              83.25117492675781,
              84.3732681274414,
              91.99982452392578,
              88.44499206542969,
              86.80757141113281,
              86.53632354736328,
              88.81266021728516,
              88.25930786132812,
              85.67484283447266,
              70.16537475585938,
              63.94816207885742,
              38.82237243652344,
              22.469640731811523,
              41.63666915893555,
              67.5289535522461,
              89.97940063476562,
              88.98826599121094,
              83.28842163085938,
              93.45818328857422,
              96.20267486572266,
              95.60161590576172,
              98.59829711914062,
              97.1763916015625,
              95.34423065185547,
              94.55598449707031,
              98.87552642822266,
              99.14100646972656,
              98.24573516845703,
              98.66435241699219,
              99.12713623046875,
              99.0448989868164,
              99.49467468261719,
              99.15899658203125,
              97.42698669433594,
              90.64230346679688,
              90.3082046508789,
              97.50487518310547,
              91.02806854248047,
              78.73058319091797,
              66.70390319824219,
              50.38260269165039,
              51.503807067871094,
              46.506195068359375,
              47.4891242980957,
              38.75943374633789,
              21.21055030822754,
              20.57880973815918,
              19.149490356445312,
              22.94362449645996,
              0.0537743978202343,
              17.724403381347656,
              72.21363830566406,
              74.55870819091797,
              74.44947052001953,
              66.45366668701172,
              67.30604553222656,
              74.21537780761719,
              79.18798065185547,
              80.58677673339844,
              92.27462768554688,
              97.86476135253906,
              98.55449676513672,
              98.38156127929688,
              98.43073272705078,
              98.30489349365234,
              98.838623046875,
              98.65016174316406,
              98.66717529296875,
              98.04054260253906,
              98.14413452148438,
              97.51707458496094,
              96.60459899902344,
              96.83157348632812,
              97.67969512939453,
              98.21307373046875,
              99.37175750732422,
              99.42855072021484,
              99.40650177001953,
              99.2770767211914,
              98.417724609375,
              97.97662353515625,
              98.0000228881836,
              98.0354995727539,
              98.69241333007812,
              99.34075164794922,
              99.35734558105469,
              99.30339050292969,
              99.30113220214844,
              98.9843521118164,
              98.74893951416016,
              95.70480346679688,
              95.36578369140625,
              95.1461181640625,
              92.58352661132812,
              91.96964263916016,
              95.31460571289062,
              95.54125213623047,
              95.5933609008789,
              94.5748062133789,
              95.65243530273438,
              96.73368835449219,
              96.71299743652344,
              96.72465515136719,
              94.53832244873047,
              96.96687316894531,
              97.74132537841797,
              97.73968505859375,
              93.66986083984375,
              93.74386596679688,
              90.03654479980469,
              83.53501892089844,
              83.42847442626953,
              92.73265838623047,
              96.18264770507812,
              98.97040557861328,
              99.27642822265625,
              99.26435089111328,
              98.60707092285156,
              98.65655517578125,
              99.14774322509766,
              99.17928314208984,
              99.14743041992188,
              98.31230163574219,
              98.94569396972656,
              98.97538757324219,
              99.30398559570312,
              99.1629409790039,
              99.48236083984375,
              99.29979705810547,
              98.52507019042969,
              98.62870788574219,
              98.62834167480469,
              97.8647232055664,
              97.8635482788086,
              98.61881256103516,
              98.28076171875,
              98.27022552490234,
              96.38570404052734,
              91.87902069091797,
              68.13247680664062,
              65.20223999023438,
              65.19844818115234,
              78.71160888671875,
              89.14485931396484,
              92.41563415527344,
              91.07794189453125,
              91.08340454101562,
              95.87894439697266,
              95.87799835205078,
              94.28425598144531,
              92.36927795410156,
              92.43311309814453,
              88.62491607666016,
              90.8558120727539,
              96.88941192626953,
              91.4305419921875,
              91.43578338623047,
              91.82893371582031,
              85.65242004394531,
              92.445068359375,
              93.2206039428711,
              93.05984497070312,
              87.40818786621094,
              77.08424377441406,
              83.58900451660156,
              83.18059539794922,
              90.39054107666016,
              84.40016174316406,
              82.30306243896484,
              82.46479797363281,
              69.72452545166016,
              79.55738067626953,
              68.17718505859375,
              90.328125,
              95.59805297851562,
              95.6994400024414,
              94.49179077148438,
              96.10670471191406,
              96.93061828613281,
              94.79120635986328,
              94.97946166992188,
              93.82792663574219,
              90.8565902709961,
              83.98908233642578,
              78.68472290039062,
              79.18101501464844,
              84.04310607910156,
              85.42151641845703,
              85.91211700439453,
              77.69750213623047,
              76.2642822265625,
              44.48984909057617,
              22.24184799194336,
              41.14842987060547,
              52.03081512451172,
              44.56330490112305,
              38.03776931762695,
              50.45265579223633,
              58.10273361206055,
              74.79490661621094,
              73.44514465332031,
              86.794921875,
              90.5987777709961,
              95.2486343383789,
              95.75404357910156,
              97.02173614501953,
              96.30205535888672,
              96.44410705566406,
              99.39756774902344,
              99.5326156616211,
              99.57891082763672,
              99.46124267578125,
              98.93820190429688,
              97.30940246582031,
              99.34298706054688,
              99.28638458251953,
              98.63787841796875,
              94.76936340332031,
              79.04716491699219,
              60.85967254638672,
              50.37983703613281,
              52.166748046875,
              54.387176513671875,
              61.59404373168945,
              43.24396896362305,
              53.39480209350586,
              34.165279388427734,
              27.161670684814453,
              25.148900985717773,
              0.01693977788090706,
              0.20264627039432526,
              4.787125587463379,
              66.18309783935547,
              66.14195251464844,
              65.26128387451172,
              27.400287628173828,
              46.30342483520508,
              85.06819915771484,
              88.42241668701172,
              92.16841125488281,
              98.8477554321289,
              98.9639892578125,
              98.6502914428711,
              97.88235473632812,
              96.754150390625,
              98.62133026123047,
              97.13945770263672,
              98.23335266113281,
              97.87554931640625,
              98.18782043457031,
              96.56455993652344,
              96.67217254638672,
              96.76542663574219,
              97.53682708740234,
              98.99102020263672,
              99.42491912841797,
              99.39631652832031,
              99.30084991455078,
              99.10993194580078,
              97.8990249633789,
              98.01285552978516,
              98.04804229736328,
              98.6579818725586,
              99.01979064941406,
              98.88151550292969,
              98.89186096191406,
              98.70919799804688,
              98.6668472290039,
              98.96168518066406,
              98.80184936523438,
              98.83633422851562,
              0.000972919980995357,
              0.0006647775298915803,
              92.33535766601562,
              90.11585998535156,
              90.27093505859375,
              84.13792419433594,
              86.7886734008789,
              83.84149169921875,
              83.7673110961914,
              83.7640380859375,
              86.67223358154297,
              83.69642639160156,
              85.85203552246094,
              88.48358154296875,
              88.5324935913086,
              94.94844818115234,
              86.95274353027344,
              84.24635314941406,
              83.5088882446289,
              83.6843490600586,
              0.0008265104261226952,
              0.0007177421357482672,
              89.11396789550781,
              98.63130187988281,
              98.61715698242188,
              98.93780517578125,
              98.36750793457031,
              98.73556518554688,
              98.68221282958984,
              98.68844604492188,
              98.67738342285156,
              98.34965515136719,
              98.71052551269531,
              98.70915222167969,
              98.36070251464844,
              99.12879180908203,
              99.46533203125,
              99.02955627441406,
              98.755126953125,
              99.16029357910156,
              99.03392028808594,
              99.10490417480469,
              98.29256439208984,
              98.85263061523438,
              98.74703216552734,
              98.60977935791016,
              97.2144546508789,
              92.12692260742188,
              92.300048828125,
              86.53987884521484,
              81.84135437011719,
              84.5336685180664,
              91.7490463256836,
              90.39393615722656,
              90.56233978271484,
              88.46061706542969,
              94.5330581665039,
              94.6522445678711,
              94.78485870361328,
              94.6307373046875,
              95.7467269897461,
              85.69305419921875,
              88.8250961303711,
              88.90155029296875,
              99.2228775024414,
              96.89606475830078,
              83.32575225830078,
              90.6711196899414,
              90.43910217285156,
              95.23934173583984,
              93.001220703125,
              94.86099243164062,
              89.40564727783203,
              89.31690216064453,
              85.76781463623047,
              87.8719482421875,
              87.66384887695312,
              92.00653839111328,
              91.677978515625,
              87.42826843261719,
              74.57076263427734,
              76.82474517822266,
              96.63885498046875,
              96.71881866455078,
              96.98865509033203,
              97.05210876464844,
              95.00231170654297,
              96.0447998046875,
              96.04267883300781,
              96.0757827758789,
              95.9518051147461,
              90.84577941894531,
              80.29698181152344,
              81.52730560302734,
              79.5040283203125,
              74.86603546142578,
              79.6126480102539,
              77.14257049560547,
              76.6148681640625,
              81.58567810058594,
              54.93384552001953,
              30.685230255126953,
              33.86928939819336,
              39.42280578613281,
              30.140384674072266,
              40.660728454589844,
              58.13878631591797,
              63.726200103759766,
              51.21784210205078,
              57.861637115478516,
              62.675113677978516,
              69.4322738647461,
              84.71455383300781,
              83.91667938232422,
              89.42163848876953,
              91.06787109375,
              98.60530853271484,
              99.21940612792969,
              99.01510620117188,
              99.47344207763672,
              97.82784271240234,
              75.77113342285156,
              95.41679382324219,
              97.61897277832031,
              99.0905532836914,
              96.94046020507812,
              89.18756866455078,
              89.95274353027344,
              64.85546875,
              53.973262786865234,
              49.08474349975586,
              46.25844192504883,
              46.26056671142578,
              41.50753402709961,
              53.7341423034668,
              46.59803009033203,
              40.387691497802734,
              39.52840805053711,
              0.10798623412847519,
              0.22318190336227417,
              61.45930862426758,
              74.87545013427734,
              80.9261703491211,
              81.49868774414062,
              82.13187408447266,
              86.055908203125,
              91.80872344970703,
              91.70709991455078,
              96.5206069946289,
              96.7818832397461,
              98.92881774902344,
              98.13174438476562,
              97.41120910644531,
              97.41300201416016,
              96.27926635742188,
              96.95654296875,
              98.03071594238281,
              98.12310028076172,
              98.18415832519531,
              97.50517272949219,
              97.74639892578125,
              96.38832092285156,
              98.28582763671875,
              98.95881652832031,
              99.39429473876953,
              99.3976821899414,
              99.0902328491211,
              98.51628112792969,
              97.86954498291016,
              98.1368637084961,
              98.61018371582031,
              98.86097717285156,
              98.90776824951172,
              98.92369079589844,
              99.1402816772461,
              98.98957061767578,
              98.71625518798828,
              98.73432159423828,
              98.738525390625,
              97.3064956665039,
              94.635498046875,
              0.0008853820036165416,
              94.30989074707031,
              94.30034637451172,
              92.67266845703125,
              94.240966796875,
              0.0009299407829530537,
              0.0009637715993449092,
              0.0008923063287511468,
              0.0009165846859104931,
              0.0009102663025259972,
              92.80934143066406,
              94.0619888305664,
              94.02224731445312,
              86.83462524414062,
              92.41233825683594,
              87.36174774169922,
              87.866455078125,
              0.0008800743380561471,
              0.0008309314725920558,
              0.0008546240860596299,
              0.0008215075358748436,
              0.0006428889464586973,
              78.51470947265625,
              91.47840118408203,
              97.89654541015625,
              97.83538818359375,
              97.83536529541016,
              97.83547973632812,
              98.69513702392578,
              98.67718505859375,
              98.64582061767578,
              98.64679718017578,
              98.35057830810547,
              97.86680603027344,
              98.97577667236328,
              99.29475402832031,
              99.294921875,
              99.2684326171875,
              99.25057220458984,
              99.19989776611328,
              99.40673065185547,
              99.40668487548828,
              99.29515838623047,
              99.356201171875,
              99.26317596435547,
              98.95278930664062,
              98.95227813720703,
              96.17998504638672,
              83.51929473876953,
              82.47824096679688,
              90.83650970458984,
              87.94465637207031,
              84.27734375,
              88.07633209228516,
              88.4494400024414,
              90.79240417480469,
              87.67295837402344,
              85.21807098388672,
              87.88734436035156,
              85.57454681396484,
              83.03187561035156,
              78.16212463378906,
              0.0004159530799370259,
              98.6799087524414,
              95.83242797851562,
              77.78583526611328,
              77.42259216308594,
              80.28418731689453,
              91.15094757080078,
              95.55693054199219,
              93.79911041259766,
              93.80592346191406,
              92.01509857177734,
              89.41193389892578,
              83.28587341308594,
              89.4972915649414,
              94.02633666992188,
              80.19911193847656,
              56.854522705078125,
              52.543216705322266,
              63.14377212524414,
              92.17194366455078,
              96.9654769897461,
              96.76815032958984,
              97.63375091552734,
              97.63551330566406,
              97.79364776611328,
              96.93683624267578,
              95.91462707519531,
              97.80810546875,
              97.9150390625,
              91.54100036621094,
              78.41087341308594,
              68.96028137207031,
              75.32784271240234,
              73.63817596435547,
              83.7409896850586,
              76.42453002929688,
              78.87843322753906,
              73.4102783203125,
              48.64651107788086,
              40.928428649902344,
              71.47264099121094,
              93.43072509765625,
              93.78202819824219,
              91.06275177001953,
              73.94952392578125,
              51.74826431274414,
              79.92479705810547,
              79.09667205810547,
              73.15656280517578,
              79.91153717041016,
              91.52198028564453,
              90.47724151611328,
              90.12798309326172,
              92.4580307006836,
              93.98348999023438,
              95.50440216064453,
              97.4127197265625,
              89.35798645019531,
              89.99512481689453,
              82.57276153564453,
              94.23704528808594,
              95.8774185180664,
              92.8851089477539,
              93.49236297607422,
              86.5587158203125,
              58.51739501953125,
              54.50098419189453,
              47.74726486206055,
              46.366947174072266,
              44.08586120605469,
              54.68735122680664,
              51.17958068847656,
              51.752044677734375,
              52.36024856567383,
              51.78035354614258,
              0.10717405378818512,
              12.5565824508667,
              1.551023706269916e-05,
              81.83284759521484,
              83.19451904296875,
              88.3552474975586,
              84.7698745727539,
              91.25294494628906,
              96.78758239746094,
              96.9325180053711,
              98.47296142578125,
              98.5474853515625,
              98.56568908691406,
              98.18354797363281,
              98.23104095458984,
              97.65825653076172,
              97.50807189941406,
              97.33844757080078,
              98.13733673095703,
              98.13774108886719,
              98.2508773803711,
              98.37239074707031,
              97.77719116210938,
              98.25956726074219,
              98.16667938232422,
              99.15629577636719,
              99.25422668457031,
              99.09063720703125,
              98.4059066772461,
              98.55968475341797,
              98.12361145019531,
              98.67330169677734,
              99.04034423828125,
              99.0394058227539,
              99.30655670166016,
              99.08898162841797,
              98.95611572265625,
              99.16787719726562,
              99.11009979248047,
              99.3128890991211,
              99.18871307373047,
              97.51683807373047,
              95.72122955322266,
              96.70291137695312,
              95.76812744140625,
              95.52526092529297,
              95.44022369384766,
              95.43830871582031,
              95.46470642089844,
              92.71639251708984,
              90.54730224609375,
              88.24594116210938,
              0.0009458803106099367,
              0.000843232439365238,
              95.38162231445312,
              97.32431030273438,
              94.46066284179688,
              0.0009253728203475475,
              95.70047760009766,
              94.40949249267578,
              92.47325897216797,
              89.74409484863281,
              89.67247772216797,
              90.21062469482422,
              97.33631896972656,
              87.23863220214844,
              93.16036224365234,
              97.10222625732422,
              97.0846176147461,
              97.79662322998047,
              97.08169555664062,
              98.27381896972656,
              97.82424926757812,
              97.82494354248047,
              97.87689208984375,
              96.40313720703125,
              97.20264434814453,
              98.4063949584961,
              98.40882873535156,
              99.0031509399414,
              98.9606704711914,
              98.17609405517578,
              98.9242172241211,
              98.92462158203125,
              98.61682891845703,
              99.25028228759766,
              99.06560516357422,
              99.06121826171875,
              99.2655029296875,
              96.20598602294922,
              95.32164001464844,
              86.99309539794922,
              86.99628448486328,
              86.17463684082031,
              93.04580688476562,
              85.20460510253906,
              82.07832336425781,
              82.06813049316406,
              84.70897674560547,
              87.74951934814453,
              88.05364227294922,
              84.85482025146484,
              85.23943328857422,
              78.91091918945312,
              82.62008666992188,
              83.87584686279297,
              91.76895904541016,
              91.66781616210938,
              78.6573486328125,
              68.78047180175781,
              67.27058410644531,
              75.63772583007812,
              80.3066635131836,
              90.9323959350586,
              83.54308319091797,
              88.24284362792969,
              92.91716003417969,
              89.51387023925781,
              89.15088653564453,
              84.94171905517578,
              52.14936828613281,
              23.713951110839844,
              60.55711364746094,
              90.7037124633789,
              97.40513610839844,
              97.76175689697266,
              98.3333969116211,
              98.34282684326172,
              98.70081329345703,
              98.25436401367188,
              98.70162963867188,
              98.70094299316406,
              98.71012878417969,
              95.08458709716797,
              62.01913833618164,
              55.3743782043457,
              55.01449203491211,
              56.21138381958008,
              68.30557250976562,
              82.1628189086914,
              81.15324401855469,
              85.09476470947266,
              85.10747528076172,
              82.04631042480469,
              80.29434967041016,
              97.81525421142578,
              97.5888442993164,
              94.3095474243164,
              89.59147644042969,
              95.88597869873047,
              98.0385513305664,
              81.02017211914062,
              67.00527954101562,
              56.47145080566406,
              82.66935729980469,
              93.91252136230469,
              89.11309814453125,
              90.34329986572266,
              85.63964080810547,
              89.71537017822266,
              79.69623565673828,
              80.03324890136719,
              77.41802978515625,
              81.78809356689453,
              81.37657165527344,
              95.77882385253906,
              95.78140258789062,
              87.83649444580078,
              88.6955795288086,
              63.353965759277344,
              58.808528900146484,
              59.367828369140625,
              49.255455017089844,
              49.00701904296875,
              46.65438461303711,
              52.07386779785156,
              50.474327087402344,
              62.98503875732422,
              56.0203742980957,
              50.8136100769043,
              0.0454690158367157,
              2.5477254390716553,
              65.46118927001953,
              66.88533020019531,
              75.48155975341797,
              86.7713851928711,
              82.24665069580078,
              83.15599822998047,
              82.38970184326172,
              96.3484878540039,
              98.85041046142578,
              98.94911193847656,
              98.98925018310547,
              98.68992614746094,
              98.63908386230469,
              98.68186950683594,
              98.23035430908203,
              98.2466812133789,
              98.12393188476562,
              98.0653305053711,
              98.26522827148438,
              97.68718719482422,
              97.65069580078125,
              97.32762908935547,
              98.87657928466797,
              99.12123107910156,
              98.78861999511719,
              98.82459259033203,
              98.9487533569336,
              98.64456939697266,
              98.65425872802734,
              99.0107421875,
              99.01473999023438,
              99.02357482910156,
              99.1122817993164,
              99.37225341796875,
              99.21647644042969,
              99.22284698486328,
              99.33815002441406,
              99.39372253417969,
              99.18964385986328,
              98.7829818725586,
              99.0071029663086,
              97.95220947265625,
              97.93991088867188,
              97.40869140625,
              97.39295196533203,
              97.32286071777344,
              98.38871002197266,
              98.26966857910156,
              97.81432342529297,
              96.09071350097656,
              97.8335952758789,
              95.1423110961914,
              91.97938537597656,
              92.06196594238281,
              95.52201080322266,
              95.49504852294922,
              93.63258361816406,
              94.03424835205078,
              90.13327026367188,
              93.90204620361328,
              94.18775939941406,
              97.33757019042969,
              0.000887635163962841,
              0.0006348290480673313,
              98.26384735107422,
              97.81002044677734,
              97.68914794921875,
              98.27357482910156,
              93.16073608398438,
              93.16458129882812,
              97.7122573852539,
              97.81169891357422,
              96.4008560180664,
              96.3997802734375,
              96.40116882324219,
              96.22042083740234,
              96.53523254394531,
              97.07532501220703,
              98.52285766601562,
              98.52252960205078,
              98.58646392822266,
              98.67962646484375,
              98.50254821777344,
              99.0994873046875,
              99.0957260131836,
              99.26535034179688,
              97.57365417480469,
              94.97513580322266,
              92.21229553222656,
              92.1530532836914,
              92.35342407226562,
              95.24748229980469,
              91.33393096923828,
              89.30232238769531,
              89.16001892089844,
              91.62078857421875,
              84.10078430175781,
              76.51213073730469,
              80.67141723632812,
              81.00603485107422,
              82.25973510742188,
              74.79107666015625,
              79.70193481445312,
              74.89337921142578,
              74.58163452148438,
              70.10401916503906,
              63.915138244628906,
              49.44179916381836,
              53.02113342285156,
              52.70799255371094,
              84.31932830810547,
              82.13139343261719,
              86.23954010009766,
              81.65589904785156,
              58.791202545166016,
              48.02339553833008,
              59.33930969238281,
              25.691625595092773,
              16.68370819091797,
              37.897586822509766,
              62.99634552001953,
              83.34416961669922,
              93.97075653076172,
              97.87228393554688,
              98.22215270996094,
              98.35285949707031,
              98.66988372802734,
              98.7412109375,
              98.71830749511719,
              98.19747924804688,
              97.0279541015625,
              89.24901580810547,
              55.069679260253906,
              83.8255615234375,
              61.20134735107422,
              66.8900146484375,
              66.5785903930664,
              77.97376251220703,
              82.86058044433594,
              89.43212890625,
              86.53470611572266,
              88.71559143066406,
              94.21900939941406,
              95.67372131347656,
              99.02462768554688,
              98.69284057617188,
              70.22062683105469,
              42.84214401245117,
              64.27151489257812,
              82.64292907714844,
              73.38591766357422,
              69.95870208740234,
              67.90658569335938,
              68.65552520751953,
              69.59207916259766,
              88.0423812866211,
              89.5158920288086,
              86.06034851074219,
              82.0363998413086,
              80.36674499511719,
              67.06925964355469,
              90.97471618652344,
              93.08068084716797,
              95.64321899414062,
              88.32962799072266,
              85.3001708984375,
              68.5624771118164,
              65.37841033935547,
              65.35882568359375,
              46.82162857055664,
              45.43732452392578,
              39.23284912109375,
              38.71553421020508,
              36.98136901855469,
              34.06861114501953,
              42.28736114501953,
              51.15699005126953,
              59.08686065673828,
              0.024545861408114433,
              0.8955187201499939,
              3.2758963108062744,
              4.3370537757873535,
              9.387340545654297,
              40.182640075683594,
              53.812355041503906,
              80.05284881591797,
              84.30877685546875,
              95.3200912475586,
              98.39028930664062,
              98.4422607421875,
              99.21065521240234,
              98.59756469726562,
              98.02039337158203,
              98.57392883300781,
              98.61920166015625,
              98.97380828857422,
              99.03692626953125,
              97.671875,
              97.68419647216797,
              97.68403625488281,
              96.70182800292969,
              98.5569076538086,
              99.15955352783203,
              98.79692840576172,
              98.79513549804688,
              98.51127624511719,
              95.85092163085938,
              96.89035034179688,
              97.00115966796875,
              98.11236572265625,
              98.65352630615234,
              98.19424438476562,
              98.15503692626953,
              98.1178970336914,
              98.88668823242188,
              99.04154205322266,
              99.34162902832031,
              99.15192413330078,
              99.16529083251953,
              99.1305923461914,
              99.32835388183594,
              98.96339416503906,
              98.24207305908203,
              98.26609802246094,
              98.73832702636719,
              98.3575439453125,
              97.71126556396484,
              98.69911193847656,
              98.6905288696289,
              98.250244140625,
              96.47573852539062,
              97.28478240966797,
              96.4013671875,
              96.35784912109375,
              96.57357025146484,
              96.34959411621094,
              96.3497543334961,
              96.38033294677734,
              97.08564758300781,
              95.3203353881836,
              96.58344268798828,
              98.36148834228516,
              0.0008589097997173667,
              93.9949951171875,
              97.67536163330078,
              98.26458740234375,
              96.33605194091797,
              93.51007843017578,
              93.464599609375,
              91.42582702636719,
              94.85088348388672,
              93.87020874023438,
              91.94184112548828,
              91.94400024414062,
              93.9775619506836,
              93.93968963623047,
              93.60729217529297,
              93.89933013916016,
              93.85930633544922,
              96.31529998779297,
              97.74205017089844,
              98.09231567382812,
              98.10385131835938,
              98.76658630371094,
              98.17410278320312,
              98.08380126953125,
              95.96092224121094,
              95.93368530273438,
              93.04428100585938,
              89.93771362304688,
              95.20247650146484,
              96.18531799316406,
              96.18993377685547,
              91.68099212646484,
              86.22404479980469,
              78.8746566772461,
              80.96936798095703,
              80.64366912841797,
              65.94149017333984,
              77.66351318359375,
              78.73615264892578,
              78.58722686767578,
              78.75749206542969,
              74.04027557373047,
              63.273101806640625,
              75.04241180419922,
              69.87458801269531,
              69.21129608154297,
              48.76951217651367,
              60.77206039428711,
              72.58087921142578,
              81.95275115966797,
              76.9891357421875,
              63.41552734375,
              46.86231994628906,
              20.974822998046875,
              15.214625358581543,
              11.599300384521484,
              20.69881820678711,
              50.41565704345703,
              61.497833251953125,
              53.20976257324219,
              77.40644836425781,
              98.18681335449219,
              98.72762298583984,
              98.28631591796875,
              98.42267608642578,
              98.3805923461914,
              98.28704071044922,
              97.8088150024414,
              91.93248748779297,
              89.70719909667969,
              89.44583892822266,
              93.80359649658203,
              92.1221923828125,
              86.44403839111328,
              78.45023345947266,
              91.6326904296875,
              97.08960723876953,
              98.66996765136719,
              92.71009826660156,
              89.41085052490234,
              91.19808959960938,
              97.55812072753906,
              99.18871307373047,
              99.17755126953125,
              91.43470764160156,
              66.8580551147461,
              70.52135467529297,
              68.88585662841797,
              39.87565231323242,
              36.830055236816406,
              43.0745849609375,
              65.9416275024414,
              86.09070587158203,
              97.21186065673828,
              98.22820281982422,
              97.4225082397461,
              90.06698608398438,
              93.09645080566406,
              94.8123779296875,
              91.90876007080078,
              92.476806640625,
              85.98463439941406,
              79.191650390625,
              80.00248718261719,
              80.97459411621094,
              70.4992446899414,
              64.83515167236328,
              61.59731674194336,
              46.78559112548828,
              56.71376037597656,
              48.08562088012695,
              38.36696243286133,
              42.334129333496094,
              36.810028076171875,
              38.845924377441406,
              66.49517822265625,
              0.09253495186567307,
              22.75514030456543,
              30.431997299194336,
              3.2364909648895264,
              0.7854340672492981,
              8.503436088562012,
              38.312591552734375,
              80.86591339111328,
              91.98436737060547,
              94.68548583984375,
              98.41056823730469,
              98.83031463623047,
              99.21859741210938,
              98.97644805908203,
              98.5777816772461,
              98.07743072509766,
              98.09727478027344,
              98.41788482666016,
              98.62376403808594,
              98.64886474609375,
              96.67069244384766,
              96.74942016601562,
              97.74188995361328,
              98.99707794189453,
              98.86241912841797,
              99.12789154052734,
              98.42926025390625,
              97.86563110351562,
              93.50816345214844,
              93.76427459716797,
              95.82339477539062,
              93.99411010742188,
              97.87554931640625,
              97.95877838134766,
              97.99842071533203,
              98.0237808227539,
              98.1196060180664,
              98.92179870605469,
              99.36138153076172,
              99.36723327636719,
              99.49687957763672,
              99.46109008789062,
              99.28123474121094,
              99.15467834472656,
              99.16856384277344,
              98.73994445800781,
              98.94192504882812,
              96.9452896118164,
              96.93901824951172,
              96.9559097290039,
              97.90362548828125,
              97.883544921875,
              98.34552001953125,
              98.31945037841797,
              98.36013793945312,
              97.09219360351562,
              95.3894271850586,
              96.42218017578125,
              96.42029571533203,
              97.21665954589844,
              97.2159423828125,
              94.3515396118164,
              0.0008606882183812559,
              96.55858612060547,
              0.0005412095924839377,
              97.08158111572266,
              96.91596984863281,
              96.91592407226562,
              96.91542053222656,
              94.81353759765625,
              93.11074829101562,
              88.89797973632812,
              88.35083770751953,
              88.90434265136719,
              87.04690551757812,
              93.97379302978516,
              93.93458557128906,
              95.32440948486328,
              92.20929718017578,
              95.29834747314453,
              96.34839630126953,
              97.209228515625,
              96.29117584228516,
              98.33079528808594,
              99.04731750488281,
              97.55615234375,
              94.97057342529297,
              94.93301391601562,
              94.56783294677734,
              93.60873413085938,
              94.9981460571289,
              97.74481201171875,
              97.7286148071289,
              94.91410064697266,
              93.30867004394531,
              91.73188018798828,
              82.34246063232422,
              82.19947814941406,
              76.70482635498047,
              72.29784393310547,
              72.4419937133789,
              62.60238265991211,
              62.393714904785156,
              68.91080474853516,
              67.3887710571289,
              60.67842102050781,
              68.17729187011719,
              68.18184661865234,
              61.969947814941406,
              56.396873474121094,
              72.478515625,
              78.49795532226562,
              78.1167221069336,
              90.1124038696289,
              90.92401885986328,
              55.657814025878906,
              24.743995666503906,
              14.773446083068848,
              15.944689750671387,
              69.1064682006836,
              74.39132690429688,
              87.37718200683594,
              93.56025695800781,
              96.43092346191406,
              99.04756927490234,
              99.13636779785156,
              99.14381408691406,
              99.15296173095703,
              99.09339141845703,
              99.15729522705078,
              98.28067779541016,
              98.32823944091797,
              93.84583282470703,
              99.19071197509766,
              98.4043197631836,
              98.38395690917969,
              98.3735580444336,
              96.38003540039062,
              99.02051544189453,
              98.74742889404297,
              98.20902252197266,
              98.2813491821289,
              96.84876251220703,
              96.1006851196289,
              96.95130920410156,
              99.03250885009766,
              99.02184295654297,
              99.3902359008789,
              99.2317886352539,
              98.04711151123047,
              92.56111145019531,
              76.42210388183594,
              76.212158203125,
              84.50190734863281,
              97.58380126953125,
              98.7590103149414,
              99.21844482421875,
              99.47444152832031,
              99.30339050292969,
              98.5478515625,
              96.57323455810547,
              96.67716979980469,
              94.2678451538086,
              88.17523956298828,
              86.22156524658203,
              83.70221710205078,
              89.80779266357422,
              83.70277404785156,
              79.19972229003906,
              76.07711791992188,
              64.79239654541016,
              89.44568634033203,
              82.06226348876953,
              77.13444519042969,
              53.640567779541016,
              37.51261901855469,
              60.53236770629883,
              54.262535095214844,
              68.17276763916016,
              0.2789141535758972,
              3.530818223953247,
              32.16241455078125,
              51.055843353271484,
              31.53765869140625,
              29.984987258911133,
              82.60057830810547,
              88.31513214111328,
              88.97930908203125,
              97.41058349609375,
              98.90629577636719,
              99.17634582519531,
              98.87786865234375,
              98.39048767089844,
              98.49825286865234,
              98.09275817871094,
              98.42272186279297,
              98.62181854248047,
              98.25621032714844,
              97.43281555175781,
              96.52125549316406,
              96.7255859375,
              98.72217559814453,
              98.65120697021484,
              98.45100402832031,
              97.80516052246094,
              96.89156341552734,
              95.4955062866211,
              95.94647216796875,
              95.65267944335938,
              95.74851989746094,
              96.17837524414062,
              98.14543151855469,
              98.07768249511719,
              98.15235900878906,
              97.41280364990234,
              98.67817687988281,
              98.69190216064453,
              99.34999084472656,
              99.49603271484375,
              99.39886474609375,
              99.30463409423828,
              99.31602478027344,
              98.78517150878906,
              99.1534423828125,
              98.26306915283203,
              98.62197875976562,
              98.6082763671875,
              98.26799774169922,
              97.81346130371094,
              98.6664047241211,
              98.66478729248047,
              98.66455078125,
              98.90668487548828,
              98.34588623046875,
              95.52789306640625,
              95.13957977294922,
              95.15787506103516,
              97.25922393798828,
              97.93506622314453,
              96.3277359008789,
              94.05717468261719,
              0.0008736157906241715,
              95.88256072998047,
              0.0005994992097839713,
              95.00965118408203,
              95.0081787109375,
              97.79669952392578,
              94.81477355957031,
              91.04055786132812,
              91.4766845703125,
              91.42095947265625,
              81.896728515625,
              82.77506256103516,
              92.2537612915039,
              95.32426452636719,
              95.32548522949219,
              96.30867004394531,
              91.64014434814453,
              87.36793518066406,
              87.38233184814453,
              76.00755310058594,
              89.84869384765625,
              97.97281646728516,
              98.73052215576172,
              98.73023223876953,
              97.05388641357422,
              95.09728240966797,
              95.72760772705078,
              96.24073791503906,
              97.15178680419922,
              96.98416137695312,
              97.21206665039062,
              96.1236801147461,
              96.15625,
              98.16583251953125,
              97.46932983398438,
              92.81683349609375,
              90.44760131835938,
              85.7775650024414,
              90.93399047851562,
              81.64900970458984,
              53.13553237915039,
              62.103515625,
              52.447025299072266,
              51.8376579284668,
              60.329097747802734,
              66.64666748046875,
              53.72270202636719,
              70.87390899658203,
              70.63316345214844,
              82.67948913574219,
              90.84547424316406,
              79.8387680053711,
              23.847496032714844,
              10.687949180603027,
              13.156501770019531,
              25.95212173461914,
              65.55888366699219,
              84.2323989868164,
              88.5091781616211,
              93.02925109863281,
              95.52430725097656,
              95.14834594726562,
              98.54853820800781,
              98.89926147460938,
              99.17254638671875,
              99.33901977539062,
              98.67325592041016,
              98.46678161621094,
              98.83660888671875,
              99.42404174804688,
              99.42704772949219,
              99.48777770996094,
              99.34772491455078,
              99.34034729003906,
              99.31361389160156,
              99.48701477050781,
              99.4061279296875,
              99.31245422363281,
              99.30470275878906,
              98.67861938476562,
              99.10892486572266,
              98.86077880859375,
              98.64153289794922,
              98.62400817871094,
              99.05353546142578,
              99.40721130371094,
              99.36952209472656,
              98.13057708740234,
              95.7449722290039,
              94.98453521728516,
              89.42039489746094,
              87.85323333740234,
              97.7387466430664,
              99.58757781982422,
              99.52437591552734,
              99.45770263671875,
              99.40098571777344,
              99.38548278808594,
              99.3835220336914,
              98.35749816894531,
              97.10462188720703,
              93.474853515625,
              91.45710754394531,
              90.81763458251953,
              95.90452575683594,
              96.46440124511719,
              91.2590560913086,
              86.11505126953125,
              86.2256851196289,
              96.60753631591797,
              92.52146911621094,
              77.99913787841797,
              79.3205795288086,
              85.97748565673828,
              85.28776550292969,
              84.69322204589844,
              44.69087600708008,
              9.44477367401123,
              2.85158634185791,
              6.317437648773193,
              13.574173927307129,
              11.696684837341309,
              35.048057556152344,
              84.5363998413086,
              91.8204116821289,
              97.51056671142578,
              98.3785171508789,
              98.9728775024414,
              99.01339721679688,
              98.51335144042969,
              97.86954498291016,
              97.85737609863281,
              98.16547393798828,
              98.17568969726562,
              96.60855865478516,
              97.55599212646484,
              96.63673400878906,
              96.64661407470703,
              96.73946380615234,
              98.74569702148438,
              98.57267761230469,
              97.75715637207031,
              96.95075988769531,
              95.57241821289062,
              95.77936553955078,
              95.58859252929688,
              97.86116790771484,
              97.04335021972656,
              97.98663330078125,
              98.07820129394531,
              98.10260772705078,
              98.66276550292969,
              97.47401428222656,
              99.02317810058594,
              98.97683715820312,
              99.29254913330078,
              99.41143035888672,
              99.21234130859375,
              99.21440887451172,
              99.2236557006836,
              99.20565795898438,
              99.40986633300781,
              98.96009826660156,
              98.95631408691406,
              98.6614761352539,
              98.25865173339844,
              98.9620132446289,
              98.9530029296875,
              98.95336151123047,
              98.7352523803711,
              98.96105194091797,
              98.69842529296875,
              98.70349884033203,
              97.1616439819336,
              95.25862884521484,
              97.25898742675781,
              97.94502258300781,
              97.94361877441406,
              96.63370513916016,
              96.494873046875,
              94.33241271972656,
              0.0008861657115630805,
              0.0006428401684388518,
              97.21678161621094,
              93.78186798095703,
              93.50888061523438,
              91.04061889648438,
              91.04055786132812,
              85.66466522216797,
              73.13067626953125,
              74.26990509033203,
              82.74089050292969,
              82.74830627441406,
              92.14198303222656,
              97.18482971191406,
              96.30846405029297,
              92.12834167480469,
              92.12287139892578,
              84.00691986083984,
              53.93273162841797,
              75.98711395263672,
              93.72440338134766,
              93.76892852783203,
              98.64091491699219,
              98.14058685302734,
              97.06558227539062,
              97.27779388427734,
              97.25978088378906,
              97.80120849609375,
              97.1054458618164,
              98.64849090576172,
              98.25737762451172,
              98.25709533691406,
              97.59088897705078,
              95.88797760009766,
              92.70437622070312,
              92.29972076416016,
              88.2262954711914,
              80.636474609375,
              70.81967163085938,
              62.80864334106445,
              52.83262252807617,
              45.14863967895508,
              62.053585052490234,
              73.88611602783203,
              78.09497833251953,
              78.09648132324219,
              84.29468536376953,
              85.2095718383789,
              86.42573547363281,
              55.70088195800781,
              28.738216400146484,
              15.565414428710938,
              12.850138664245605,
              25.59502410888672,
              26.890209197998047,
              38.88710021972656,
              61.438846588134766,
              78.52471160888672,
              84.24606323242188,
              71.75067138671875,
              89.42198181152344,
              91.52919006347656,
              96.69187927246094,
              95.39411163330078,
              88.65095520019531,
              91.83040618896484,
              86.72321319580078,
              94.54080963134766,
              99.40644836425781,
              99.26599884033203,
              99.26919555664062,
              99.4832763671875,
              99.4774169921875,
              99.48102569580078,
              99.16669464111328,
              99.10347747802734,
              98.4927749633789,
              99.33810424804688,
              99.32810974121094,
              98.91666412353516,
              98.91106414794922,
              99.34961700439453,
              99.34752655029297,
              99.46817779541016,
              98.96315002441406,
              88.28382873535156,
              81.01192474365234,
              85.54583740234375,
              96.52949523925781,
              93.59654235839844,
              94.402587890625,
              98.12545776367188,
              99.37301635742188,
              96.56392669677734,
              99.11065673828125,
              99.31321716308594,
              99.45938873291016,
              98.9124526977539,
              98.99634552001953,
              97.57466125488281,
              97.50141906738281,
              97.50196075439453,
              98.52519226074219,
              97.84492492675781,
              98.31090545654297,
              98.35453796386719,
              97.87026977539062,
              98.34494018554688,
              98.04438018798828,
              97.52055358886719,
              97.60623931884766,
              95.08692169189453,
              96.11455535888672,
              91.56009674072266,
              76.98741912841797,
              75.65020751953125,
              4.02619743347168,
              7.0391693115234375,
              14.6741943359375,
              12.57958698272705,
              17.850549697875977,
              76.74848175048828,
              86.30811309814453,
              95.24017333984375,
              98.39911651611328,
              97.85435485839844,
              97.95146179199219,
              98.11276245117188,
              94.32059478759766,
              97.52290344238281,
              96.4359130859375,
              96.47701263427734,
              96.54198455810547,
              96.44319152832031,
              97.49685668945312,
              97.55083465576172,
              96.70772552490234,
              97.65575408935547,
              98.97945404052734,
              98.31122589111328,
              98.26400756835938,
              97.70661926269531,
              95.7091064453125,
              95.58910369873047,
              96.48643493652344,
              96.50690460205078,
              97.677490234375,
              98.07732391357422,
              98.24175262451172,
              98.21456909179688,
              98.21163177490234,
              98.54885864257812,
              98.91361999511719,
              99.11650848388672,
              99.38500213623047,
              99.38604736328125,
              99.14562225341797,
              99.30846405029297,
              99.3141860961914,
              99.41595458984375,
              99.28892517089844,
              99.28813171386719,
              99.26228332519531,
              99.11845397949219,
              98.95048522949219,
              98.96061706542969,
              99.15319061279297,
              98.69039916992188,
              98.70118713378906,
              98.6369857788086,
              98.63605499267578,
              98.91535949707031,
              98.67820739746094,
              97.83984375,
              98.35867309570312,
              98.36587524414062,
              96.50435638427734,
              97.99947357177734,
              96.62162017822266,
              96.4403305053711,
              96.5965347290039,
              97.91122436523438,
              96.28144836425781,
              96.91525268554688,
              91.36539459228516,
              91.36417388916016,
              88.8912582397461,
              78.18695831298828,
              72.95408630371094,
              73.96105194091797,
              73.7766342163086,
              79.07413482666016,
              89.79534912109375,
              97.18316650390625,
              97.16584014892578,
              94.9045639038086,
              95.2068099975586,
              52.84773254394531,
              51.84626007080078,
              51.8218994140625,
              80.29021453857422,
              96.11339569091797,
              98.29914855957031,
              98.60142517089844,
              98.59396362304688,
              96.25160217285156,
              99.03150177001953,
              98.61492156982422,
              97.87191772460938,
              97.872314453125,
              98.17435455322266,
              98.24598693847656,
              94.54695129394531,
              92.69432067871094,
              92.63435363769531,
              90.69332122802734,
              88.58837127685547,
              81.44314575195312,
              57.650577545166016,
              57.636146545410156,
              51.71834945678711,
              49.984676361083984,
              61.744300842285156,
              79.51287078857422,
              79.34751892089844,
              79.01206970214844,
              79.74268341064453,
              63.74638748168945,
              44.316871643066406,
              21.937904357910156,
              27.92508316040039,
              10.03398609161377,
              1.9932273626327515,
              8.51690673828125,
              6.147665977478027,
              34.02703094482422,
              66.17900085449219,
              56.12498092651367,
              72.86296844482422,
              72.1895751953125,
              89.97078704833984,
              86.05961608886719,
              86.49659729003906,
              84.26606750488281,
              85.74727630615234,
              93.09400939941406,
              89.68965148925781,
              97.91609954833984,
              93.38146209716797,
              92.46552276611328,
              98.63107299804688,
              99.27603149414062,
              96.03324890136719,
              98.78462219238281,
              97.99153900146484,
              88.9942398071289,
              92.40128326416016,
              98.83547973632812,
              98.49797821044922,
              95.3166732788086,
              99.25664520263672,
              99.4155502319336,
              99.48690032958984,
              98.75323486328125,
              94.67335510253906,
              76.27903747558594,
              90.77875518798828,
              94.79522705078125,
              96.82499694824219,
              96.85965728759766,
              97.26382446289062,
              95.83161163330078,
              95.87688446044922,
              96.5204849243164,
              99.34455108642578,
              99.501220703125,
              99.36217498779297,
              99.31758880615234,
              99.14875030517578,
              99.13600158691406,
              98.83450317382812,
              98.44159698486328,
              99.19307708740234,
              97.0210189819336,
              98.03047943115234,
              99.148193359375,
              99.46244049072266,
              99.19448852539062,
              99.13603973388672,
              99.12409210205078,
              98.81759643554688,
              99.36788940429688,
              97.85591125488281,
              95.12379455566406,
              95.27041625976562,
              89.0229721069336,
              22.631662368774414,
              12.909224510192871,
              24.7819881439209,
              49.247066497802734,
              73.21089935302734,
              90.29324340820312,
              92.04295349121094,
              97.38327026367188,
              97.58650970458984,
              94.53011322021484,
              92.40332794189453,
              96.17035675048828,
              80.05615234375,
              80.28402709960938,
              92.95429992675781,
              96.55211639404297,
              92.83409118652344,
              94.95999145507812,
              94.90352630615234,
              95.04212951660156,
              96.646484375,
              98.29801177978516,
              98.97785949707031,
              98.82325744628906,
              97.22180938720703,
              95.43032836914062,
              93.76184844970703,
              93.4784927368164,
              93.67985534667969,
              96.99227905273438,
              97.07955932617188,
              97.11910247802734,
              98.20209503173828,
              98.21355438232422,
              98.11597442626953,
              98.94366455078125,
              98.96189880371094,
              99.1604232788086,
              99.16592407226562,
              99.37293243408203,
              99.4157943725586,
              99.37156677246094,
              99.35050201416016,
              99.35028839111328,
              99.25753021240234,
              99.18866729736328,
              99.37116241455078,
              99.3718490600586,
              99.21735382080078,
              98.94312286376953,
              99.18903350830078,
              98.69636535644531,
              98.70081329345703,
              98.63691711425781,
              98.90707397460938,
              98.6188735961914,
              98.416259765625,
              98.67261505126953,
              98.3406753540039,
              97.24242401123047,
              96.57967376708984,
              97.28800964355469,
              97.97533416748047,
              97.84492492675781,
              96.53040313720703,
              0.0005942202406004071,
              96.28034210205078,
              95.3244857788086,
              93.11115264892578,
              90.9068832397461,
              86.36454010009766,
              51.53070068359375,
              51.532779693603516,
              44.212242126464844,
              68.54920196533203,
              78.02874755859375,
              86.2669448852539,
              86.26214599609375,
              92.14574432373047,
              89.4320068359375,
              57.70376205444336,
              37.92685317993164,
              37.97063064575195,
              64.0936050415039,
              82.94573974609375,
              89.085693359375,
              96.42384338378906,
              96.42635345458984,
              98.68318939208984,
              98.61724090576172,
              99.12733459472656,
              99.06375885009766,
              99.063720703125,
              98.96145629882812,
              98.64140319824219,
              96.93679809570312,
              93.171142578125,
              93.11772918701172,
              88.01775360107422,
              85.11421203613281,
              85.28460693359375,
              77.61447143554688,
              77.61751556396484,
              50.748233795166016,
              50.762115478515625,
              37.502323150634766,
              49.65322494506836,
              48.69582748413086,
              81.9171371459961,
              77.48990631103516,
              58.98114013671875,
              64.42760467529297,
              50.83992385864258,
              59.886837005615234,
              32.36294174194336,
              8.309035301208496,
              6.086281776428223,
              5.8324384689331055,
              25.723203659057617,
              38.94794464111328,
              31.772262573242188,
              28.91464614868164,
              28.427410125732422,
              42.432010650634766,
              65.39555358886719,
              68.15319061279297,
              72.54924774169922,
              85.13103485107422,
              95.3563003540039,
              97.81207275390625,
              98.35005950927734,
              97.64407348632812,
              95.44482421875,
              82.81224060058594,
              83.84367370605469,
              92.55653381347656,
              89.83760070800781,
              91.38086700439453,
              89.4801254272461,
              93.32029724121094,
              97.05924224853516,
              99.1808090209961,
              99.13484191894531,
              92.53570556640625,
              92.41715240478516,
              98.03407287597656,
              99.15388488769531,
              98.3725814819336,
              92.14060974121094,
              88.0053482055664,
              94.0564193725586,
              93.90312194824219,
              94.33059692382812,
              92.21912384033203,
              95.34589385986328,
              96.87413024902344,
              99.39039611816406,
              99.61039733886719,
              99.60734558105469,
              99.5921630859375,
              99.5722427368164,
              99.5722427368164,
              99.55900573730469,
              99.38529968261719,
              98.3536148071289,
              97.4425277709961,
              96.72335815429688,
              93.47557067871094,
              96.86682891845703,
              99.48573303222656,
              99.50434875488281,
              99.54523468017578,
              99.36640167236328,
              99.21957397460938,
              98.49842071533203,
              99.1730728149414,
              99.52153015136719,
              98.98265838623047,
              95.16127014160156,
              90.60807800292969,
              4.808218955993652,
              13.667557716369629,
              63.03290557861328,
              83.05754852294922,
              90.50209045410156,
              93.22622680664062,
              96.13890838623047,
              97.55682373046875,
              96.67994689941406,
              82.22978973388672,
              87.13219451904297,
              74.7833480834961,
              75.0925064086914,
              71.54275512695312,
              80.57307434082031,
              90.58926391601562,
              85.83297729492188,
              89.6198501586914,
              95.13033294677734,
              96.19712829589844,
              95.40199279785156,
              95.34648132324219,
              98.05472564697266,
              98.82225036621094,
              97.65046691894531,
              93.3550033569336,
              93.61880493164062,
              93.37737274169922,
              93.76978302001953,
              95.76145935058594,
              95.81810760498047,
              95.93895721435547,
              96.22221374511719,
              97.4154281616211,
              98.66531372070312,
              98.61682891845703,
              98.58783721923828,
              98.79573059082031,
              99.15637969970703,
              99.36952209472656,
              99.45328521728516,
              99.45453643798828,
              99.3017807006836,
              99.43627166748047,
              99.49250030517578,
              99.42975616455078,
              99.43112182617188,
              99.31039428710938,
              98.90756225585938,
              98.59140014648438,
              98.95667266845703,
              98.96390533447266,
              98.3466567993164,
              98.7614517211914,
              99.13704681396484,
              98.92256927490234,
              98.92191314697266,
              99.13636779785156,
              98.33259582519531,
              97.27056121826172,
              98.40419006347656,
              97.22209930419922,
              97.2071533203125,
              97.84696197509766,
              97.1783676147461,
              96.42093658447266,
              95.0474853515625,
              94.81360626220703,
              93.1092529296875,
              81.7119140625,
              63.68832015991211,
              62.191505432128906,
              49.207244873046875,
              42.63749313354492,
              69.38947296142578,
              78.075927734375,
              85.35160064697266,
              86.25686645507812,
              89.8725814819336,
              80.23674011230469,
              83.932373046875,
              75.37716674804688,
              64.04791259765625,
              79.38504028320312,
              86.54623413085938,
              86.44755554199219,
              86.44660186767578,
              93.74751281738281,
              98.10087585449219,
              98.49974822998047,
              98.49913787841797,
              99.01824951171875,
              99.12692260742188,
              99.06380462646484,
              98.25908660888672,
              98.24591827392578,
              97.0206298828125,
              93.05913543701172,
              90.33678436279297,
              82.19686889648438,
              82.2027816772461,
              77.61918640136719,
              67.8327407836914,
              76.52310180664062,
              39.444156646728516,
              39.4452018737793,
              32.226524353027344,
              54.7710075378418,
              79.81231689453125,
              81.76805877685547,
              81.61907958984375,
              83.60855102539062,
              87.39965057373047,
              71.4358901977539,
              56.38414764404297,
              45.32618713378906,
              47.149166107177734,
              78.8349838256836,
              64.63081359863281,
              39.621055603027344,
              35.1478157043457,
              40.49335479736328,
              36.12887191772461,
              39.8017463684082,
              60.18459701538086,
              62.88704299926758,
              68.09239959716797,
              85.72957611083984,
              95.8604965209961,
              96.85940551757812,
              96.87437438964844,
              98.09043884277344,
              88.43292999267578,
              94.42143249511719,
              93.76294708251953,
              86.49384307861328,
              83.49822998046875,
              89.61315155029297,
              87.30661010742188,
              95.86796569824219,
              98.12242126464844,
              97.19296264648438,
              96.78997039794922,
              95.18534088134766,
              92.06941223144531,
              97.54735565185547,
              97.68492889404297,
              95.46372985839844,
              94.29351806640625,
              95.11548614501953,
              97.07372283935547,
              94.15853118896484,
              93.00396728515625,
              86.18698120117188,
              90.26528930664062,
              91.22179412841797,
              94.4472885131836,
              98.99534606933594,
              99.5383529663086,
              99.5854263305664,
              99.35871124267578,
              99.13619995117188,
              99.22450256347656,
              97.19969940185547,
              97.55595397949219,
              90.44031524658203,
              88.49842834472656,
              84.61096954345703,
              97.84009552001953,
              98.45549774169922,
              98.57200622558594,
              98.58370971679688,
              96.94548797607422,
              91.28778839111328,
              95.1037826538086,
              97.37258911132812,
              99.4048843383789,
              98.92304229736328,
              97.97721862792969,
              97.75220489501953,
              36.72763442993164,
              42.164817810058594,
              43.67569351196289,
              61.696136474609375,
              91.60353088378906,
              92.1036148071289,
              97.6368408203125,
              97.65412139892578,
              94.3309097290039,
              82.08619689941406,
              82.5003662109375,
              74.73387145996094,
              67.27291107177734,
              58.8595085144043,
              67.482421875,
              53.64119338989258,
              75.9124755859375,
              86.82443237304688,
              92.75708770751953,
              96.56980895996094,
              93.31358337402344,
              95.4045181274414,
              98.0461196899414,
              97.81816864013672,
              94.94523620605469,
              95.02401733398438,
              91.1959457397461,
              90.86672973632812,
              93.75535583496094,
              96.96220397949219,
              97.02507781982422,
              97.36280822753906,
              96.13031005859375,
              98.17875671386719,
              98.1512222290039,
              98.19657135009766,
              98.6264877319336,
              98.95614624023438,
              97.4748764038086,
              97.5093002319336,
              98.70742797851562,
              99.22437286376953,
              99.44206237792969,
              99.27470397949219,
              99.2830810546875,
              99.41828918457031,
              99.41973876953125,
              98.88892364501953,
              98.72535705566406,
              98.721435546875,
              98.65181732177734,
              99.01258850097656,
              98.70503234863281,
              98.67330169677734,
              98.67366027832031,
              99.241943359375,
              98.91722106933594,
              98.9169921875,
              98.422119140625,
              98.48448944091797,
              98.35562896728516,
              97.21800994873047,
              97.86803436279297,
              97.14216613769531,
              97.17902374267578,
              97.22109985351562,
              95.04376220703125,
              96.9148941040039,
              96.08029174804688,
              96.05354309082031,
              89.38533782958984,
              82.50366973876953,
              74.0554428100586,
              73.87326049804688,
              73.87261962890625,
              89.23350524902344,
              91.64002227783203,
              93.63782501220703,
              87.61660766601562,
              84.50848388671875,
              91.9563980102539,
              93.65351104736328,
              91.83248138427734,
              93.49407196044922,
              96.0228271484375,
              93.75540161132812,
              89.40583801269531,
              91.91372680664062,
              97.91649627685547,
              95.42415618896484,
              98.27734375,
              98.6939697265625,
              98.5499038696289,
              98.3385238647461,
              98.33856201171875,
              98.24928283691406,
              97.61282348632812,
              95.84879302978516,
              88.73692321777344,
              88.65262603759766,
              88.59164428710938,
              90.34905242919922,
              94.42547607421875,
              88.04393005371094,
              87.94457244873047,
              81.16680145263672,
              33.4548454284668,
              63.59208297729492,
              62.82929229736328,
              62.82209777832031,
              80.23138427734375,
              85.20695495605469,
              80.55001831054688,
              94.82154083251953,
              94.08911895751953,
              93.07537841796875,
              92.10205078125,
              95.5020980834961,
              93.23200988769531,
              88.71923065185547,
              89.96094512939453,
              86.9594497680664,
              63.9908447265625,
              55.07102584838867,
              65.86624145507812,
              78.76290893554688,
              60.725616455078125,
              81.9373779296875,
              81.77931213378906,
              94.751220703125,
              97.21708679199219,
              97.23795318603516,
              83.91100311279297,
              94.00837707519531,
              98.85304260253906,
              96.68001556396484,
              96.7318344116211,
              96.9222640991211,
              96.87787628173828,
              91.72007751464844,
              97.37218475341797,
              98.09156036376953,
              97.93318176269531,
              98.1400146484375,
              97.29216003417969,
              97.36225891113281,
              96.39594268798828,
              96.05863189697266,
              95.60789489746094,
              94.32276153564453,
              96.75270080566406,
              94.53190612792969,
              95.50861358642578,
              93.95122528076172,
              93.13423919677734,
              92.62887573242188,
              91.85222625732422,
              95.3304214477539,
              95.64934539794922,
              95.57428741455078,
              94.85122680664062,
              94.74987030029297,
              95.13624572753906,
              95.07054138183594,
              94.36906433105469,
              88.20662689208984,
              79.56043243408203,
              84.52840423583984,
              85.60987854003906,
              97.20779418945312,
              98.12010192871094,
              98.37187957763672,
              95.46536254882812,
              90.80525207519531,
              92.8529052734375,
              97.7572250366211,
              99.25579833984375,
              99.42967224121094,
              99.54397583007812,
              99.33512878417969,
              46.60400390625,
              39.25458908081055,
              82.48382568359375,
              90.32136535644531,
              90.93116760253906,
              95.30052947998047,
              97.70689392089844,
              96.41621398925781,
              96.66950225830078,
              86.43029022216797,
              86.0859603881836,
              74.67454528808594,
              48.24677276611328,
              48.536861419677734,
              49.63084030151367,
              53.61178970336914,
              76.0504150390625,
              89.09014129638672,
              89.16673278808594,
              95.22858428955078,
              90.9800796508789,
              95.25782775878906,
              98.14857482910156,
              97.72602081298828,
              95.53733825683594,
              93.55229949951172,
              87.7126693725586,
              90.85076904296875,
              91.13127136230469,
              96.9583740234375,
              97.23038482666016,
              96.1673355102539,
              96.35501861572266,
              97.49359130859375,
              98.14645385742188,
              97.40065002441406,
              96.08939361572266,
              94.0329818725586,
              93.93534088134766,
              95.9755859375,
              96.16655731201172,
              98.14546966552734,
              98.9293441772461,
              98.94609069824219,
              99.3868179321289,
              99.41989135742188,
              99.30764770507812,
              98.72478485107422,
              98.72237396240234,
              98.24952697753906,
              98.74666595458984,
              98.96414947509766,
              98.95783996582031,
              98.96117401123047,
              99.17105102539062,
              99.0634765625,
              98.2837905883789,
              98.69554901123047,
              98.74418640136719,
              98.7319564819336,
              97.82363891601562,
              98.30781555175781,
              97.35688781738281,
              97.27003479003906,
              96.39691925048828,
              96.05455780029297,
              96.07935333251953,
              96.08120727539062,
              96.08120727539062,
              95.04330444335938,
              96.22499084472656,
              94.70354461669922,
              94.70006561279297,
              91.63214874267578,
              91.22321319580078,
              89.14427185058594,
              93.54325866699219,
              93.58615112304688,
              91.60546875,
              93.35061645507812,
              94.94337463378906,
              96.0440902709961,
              96.01476287841797,
              93.08818054199219,
              94.82015228271484,
              94.9661636352539,
              95.07750701904297,
              95.11654663085938,
              95.17847442626953,
              95.7737808227539,
              98.01763153076172,
              98.43685913085938,
              98.43750762939453,
              97.45404052734375,
              97.00293731689453,
              96.24276733398438,
              96.94174194335938,
              82.41129302978516,
              82.40682983398438,
              89.07549285888672,
              86.04007720947266,
              64.58263397216797,
              53.870540618896484,
              22.077556610107422,
              41.06470489501953,
              67.40213775634766,
              71.1203842163086,
              40.447547912597656,
              58.79731750488281,
              70.3320541381836,
              84.10550689697266,
              72.29286193847656,
              71.83545684814453,
              87.49668884277344,
              92.44731140136719,
              93.20653533935547,
              87.38497161865234,
              91.27576446533203,
              94.84294891357422,
              93.56649780273438,
              93.87092590332031,
              88.12126159667969,
              73.10578155517578,
              75.58413696289062,
              89.58265686035156,
              85.9100112915039,
              78.09030151367188,
              78.86363220214844,
              81.59896087646484,
              88.6607437133789,
              87.79085540771484,
              96.71949005126953,
              96.5420913696289,
              99.19950103759766,
              99.491455078125,
              96.03075408935547,
              93.51696014404297,
              92.29363250732422,
              94.34578704833984,
              94.67752075195312,
              96.13600158691406,
              96.0969467163086,
              97.04405212402344,
              96.31459045410156,
              94.86658477783203,
              94.41847229003906,
              97.13763427734375,
              97.1329116821289,
              95.48307037353516,
              90.78713989257812,
              93.6207046508789,
              94.38917541503906,
              94.47505187988281,
              94.62822723388672,
              93.1615982055664,
              93.856689453125,
              93.11043548583984,
              92.12470245361328,
              91.84127807617188,
              86.40323638916016,
              77.14885711669922,
              80.67354583740234,
              86.539306640625,
              80.8995132446289,
              76.37382507324219,
              82.52239990234375,
              85.08641052246094,
              86.47698974609375,
              97.7769775390625,
              98.24028015136719,
              98.56288146972656,
              91.18399047851562,
              91.24008178710938,
              88.51973724365234,
              95.16584014892578,
              98.71263885498047,
              99.08690643310547,
              99.57344055175781,
              99.55152893066406,
              99.49945068359375,
              13.026266098022461,
              20.74947738647461,
              62.40985870361328,
              86.20692443847656,
              90.33277130126953,
              97.3595962524414,
              95.53082275390625,
              95.83929443359375,
              86.52207946777344,
              86.85933685302734,
              92.74266815185547,
              74.61420440673828,
              74.90518951416016,
              49.287078857421875,
              59.756858825683594,
              53.00754928588867,
              76.45407104492188,
              76.78772735595703,
              93.08210754394531,
              92.88858032226562,
              90.61135864257812,
              97.61349487304688,
              97.46591186523438,
              97.82972717285156,
              95.02682495117188,
              87.41410064697266,
              83.216552734375,
              83.85142517089844,
              95.61807250976562,
              97.87494659423828,
              97.24866485595703,
              96.19314575195312,
              94.85958862304688,
              96.23066711425781,
              96.42284393310547,
              94.87300109863281,
              94.66649627685547,
              91.56062316894531,
              93.87693786621094,
              93.77061462402344,
              93.87226867675781,
              94.24919128417969,
              96.2714614868164,
              98.70672607421875,
              99.20468139648438,
              99.05004119873047,
              98.6791000366211,
              98.30838775634766,
              98.30752563476562,
              98.41045379638672,
              98.3392105102539,
              98.96820068359375,
              98.97630310058594,
              99.14105224609375,
              98.88198852539062,
              97.19185638427734,
              97.18888092041016,
              96.61640930175781,
              98.28109741210938,
              98.34640502929688,
              98.04051208496094,
              97.98501586914062,
              97.01742553710938,
              97.05274200439453,
              94.74789428710938,
              95.01488494873047,
              95.00698852539062,
              96.05203247070312,
              96.23377990722656,
              96.99882507324219,
              96.95764923095703,
              96.95694732666016,
              96.95640563964844,
              94.86058807373047,
              93.0946044921875,
              88.5943603515625,
              88.89725494384766,
              0.0003865313483402133,
              0.00040285507566295564,
              0.000386327737942338,
              92.98577880859375,
              92.86190795898438,
              92.47089385986328,
              88.57562255859375,
              86.06504821777344,
              88.58189392089844,
              88.81529235839844,
              95.30253601074219,
              94.6520004272461,
              96.55058288574219,
              96.83684539794922,
              96.83915710449219,
              96.20085144042969,
              96.5573501586914,
              95.06827545166016,
              89.6651611328125,
              89.59062194824219,
              60.72086715698242,
              54.6213493347168,
              68.03365325927734,
              74.08238983154297,
              67.50297546386719,
              73.88359832763672,
              48.1756477355957,
              30.41910171508789,
              41.10307312011719,
              18.333492279052734,
              28.225751876831055,
              33.53760528564453,
              65.33394622802734,
              79.39971923828125,
              91.98146057128906,
              78.27711486816406,
              40.62994384765625,
              29.120784759521484,
              23.110782623291016,
              24.182281494140625,
              39.14912414550781,
              65.42506408691406,
              90.58988952636719,
              93.79498291015625,
              91.51652526855469,
              71.48918151855469,
              88.87923431396484,
              94.72669982910156,
              73.57394409179688,
              68.67195129394531,
              95.89903259277344,
              96.27464294433594,
              93.78589630126953,
              96.99119567871094,
              98.83596801757812,
              99.09355163574219,
              99.42182159423828,
              99.030517578125,
              95.4422378540039,
              81.51068115234375,
              86.25140380859375,
              93.95442962646484,
              93.36544036865234,
              91.62360382080078,
              94.88862609863281,
              95.98681640625,
              96.18438720703125,
              94.75251007080078,
              95.04875183105469,
              95.4533462524414,
              95.62666320800781,
              83.84745788574219,
              86.44133758544922,
              83.27735900878906,
              92.37557220458984,
              96.52340698242188,
              93.52729034423828,
              92.68592834472656,
              92.26235961914062,
              91.75897216796875,
              93.1880111694336,
              82.85018920898438,
              84.78299713134766,
              78.27387237548828,
              65.04608154296875,
              71.53514862060547,
              80.11417388916016,
              81.31764221191406,
              88.13224029541016,
              93.52406311035156,
              97.1749496459961,
              98.86006927490234,
              98.81356048583984,
              96.04728698730469,
              94.97639465332031,
              94.06813049316406,
              91.13277435302734,
              95.14675903320312,
              94.41399383544922,
              98.9432601928711,
              99.5601806640625,
              99.47850036621094,
              99.50438690185547,
              6.062207221984863,
              21.855173110961914,
              80.58248901367188,
              86.6228256225586,
              96.28253936767578,
              96.41593933105469,
              92.55755615234375,
              81.29148864746094,
              82.18475341796875,
              82.13531494140625,
              82.369384765625,
              69.10153198242188,
              52.24741744995117,
              49.28296661376953,
              49.78208541870117,
              50.053070068359375,
              50.574100494384766,
              69.04572296142578,
              84.80270385742188,
              87.31595611572266,
              87.05885314941406,
              90.28419494628906,
              98.19833374023438,
              96.90386962890625,
              95.86276245117188,
              95.95487976074219,
              86.53845977783203,
              90.85855102539062,
              96.87516021728516,
              97.9913330078125,
              98.04467010498047,
              96.191162109375,
              89.95926666259766,
              94.92236328125,
              94.83564758300781,
              94.70340728759766,
              92.19802856445312,
              91.45953369140625,
              92.44666290283203,
              93.56381225585938,
              93.75701904296875,
              94.4225082397461,
              97.06158447265625,
              98.41307830810547,
              98.97016143798828,
              98.9862060546875,
              98.3962631225586,
              98.22630310058594,
              97.84720611572266,
              98.63306427001953,
              98.41732025146484,
              98.97235870361328,
              98.7728271484375,
              98.35345458984375,
              97.86686706542969,
              97.79146575927734,
              97.34112548828125,
              96.7603988647461,
              98.35401153564453,
              97.13623809814453,
              97.25243377685547,
              97.74512481689453,
              97.77190399169922,
              97.03338623046875,
              93.37360382080078,
              93.37207794189453,
              91.69839477539062,
              94.6587905883789,
              95.68111419677734,
              95.50318145751953,
              95.57662963867188,
              95.57308197021484,
              95.77120971679688,
              96.9349594116211,
              96.91130828857422,
              94.8198471069336,
              96.9322509765625,
              94.82157897949219,
              94.85649871826172,
              94.8937759399414,
              93.69331359863281,
              93.31531524658203,
              91.1231460571289,
              93.26121520996094,
              93.14859008789062,
              82.32733917236328,
              91.83273315429688,
              94.8947982788086,
              94.2260513305664,
              94.22771453857422,
              95.49383544921875,
              95.39314270019531,
              95.6297607421875,
              97.54057312011719,
              97.52523803710938,
              95.9769515991211,
              87.65249633789062,
              63.35789108276367,
              38.83742141723633,
              38.838077545166016,
              34.34506607055664,
              48.774845123291016,
              42.301700592041016,
              24.26512908935547,
              24.27524757385254,
              14.713851928710938,
              8.415105819702148,
              18.061323165893555,
              50.873565673828125,
              50.21626281738281,
              84.72850036621094,
              87.18356323242188,
              55.288291931152344,
              9.225394248962402,
              2.310514450073242,
              4.141580104827881,
              7.6553874015808105,
              37.80183410644531,
              81.42900848388672,
              91.75169372558594,
              88.59745025634766,
              91.03223419189453,
              86.735107421875,
              97.26451873779297,
              91.63768005371094,
              53.8339958190918,
              68.286865234375,
              98.0826416015625,
              99.38500213623047,
              97.83732604980469,
              98.4561767578125,
              98.84919738769531,
              98.5571060180664,
              99.26846313476562,
              98.57324981689453,
              98.97029113769531,
              97.20010375976562,
              91.49612426757812,
              88.74319458007812,
              94.70858001708984,
              96.59687805175781,
              96.96823120117188,
              97.1143569946289,
              93.11150360107422,
              97.23358917236328,
              97.2449722290039,
              94.52581024169922,
              96.91027069091797,
              88.14492797851562,
              64.80569458007812,
              85.32392120361328,
              81.95050811767578,
              88.25262451171875,
              82.38398742675781,
              84.09124755859375,
              96.63827514648438,
              94.03044128417969,
              83.57015228271484,
              88.62623596191406,
              82.84940338134766,
              79.8710708618164,
              82.78834533691406,
              89.61113739013672,
              91.81854248046875,
              93.14054107666016,
              93.21102142333984,
              98.11073303222656,
              97.67825317382812,
              99.21166229248047,
              98.96124267578125,
              98.87557983398438,
              97.69904327392578,
              92.68507385253906,
              91.12953186035156,
              90.65962219238281,
              96.6300048828125,
              97.36324310302734,
              99.1918716430664,
              98.95684051513672,
              99.38508605957031,
              10.386813163757324,
              28.581655502319336,
              80.44075012207031,
              92.28533172607422,
              90.98326873779297,
              94.13186645507812,
              86.44249725341797,
              82.3817138671875,
              86.58056640625,
              86.83036041259766,
              76.45033264160156,
              57.952735900878906,
              48.95429992675781,
              49.50926208496094,
              50.01117706298828,
              60.612457275390625,
              69.0310287475586,
              76.29312896728516,
              79.63946533203125,
              79.65357208251953,
              81.17630004882812,
              93.20305633544922,
              98.2665023803711,
              95.32762908935547,
              94.93540954589844,
              96.0868148803711,
              90.33634948730469,
              94.02198791503906,
              94.28941345214844,
              97.86260223388672,
              97.25395202636719,
              94.2632064819336,
              91.70024108886719,
              91.76002502441406,
              94.82493591308594,
              94.66199493408203,
              94.69583892822266,
              91.79409790039062,
              91.37142944335938,
              91.61384582519531,
              91.34844970703125,
              95.88017272949219,
              98.21730041503906,
              98.29683685302734,
              98.56873321533203,
              96.36649322509766,
              97.19705963134766,
              97.86006927490234,
              97.85963439941406,
              97.88082885742188,
              97.8805160522461,
              98.7675552368164,
              98.4466781616211,
              98.44567108154297,
              98.3048095703125,
              97.50916290283203,
              97.76593780517578,
              97.85423278808594,
              97.73699951171875,
              97.84468078613281,
              97.3684310913086,
              97.85063934326172,
              97.02771759033203,
              98.30553436279297,
              97.0005874633789,
              96.02979278564453,
              93.36011505126953,
              94.62074279785156,
              90.94695281982422,
              95.64763641357422,
              95.57642364501953,
              94.47635650634766,
              95.73922729492188,
              96.88223266601562,
              96.85542297363281,
              96.8787841796875,
              95.83360290527344,
              95.79988861083984,
              95.79969024658203,
              94.77777099609375,
              91.76324462890625,
              89.38677215576172,
              91.64217376708984,
              91.636474609375,
              94.91992950439453,
              93.54869842529297,
              95.02063751220703,
              95.96469116210938,
              95.99349975585938,
              89.9594955444336,
              94.5228271484375,
              93.80584716796875,
              96.19894409179688,
              96.17278289794922,
              95.9733657836914,
              93.31840515136719,
              84.76365661621094,
              86.13252258300781,
              85.97431945800781,
              64.79882049560547,
              32.915489196777344,
              14.070219039916992,
              17.978492736816406,
              17.708162307739258,
              17.746471405029297,
              32.24948501586914,
              27.200021743774414,
              31.573205947875977,
              30.861494064331055,
              71.60035705566406,
              79.6701889038086,
              69.96997833251953,
              35.83927536010742,
              15.074801445007324,
              18.69254493713379,
              8.596896171569824,
              15.192900657653809,
              49.022220611572266,
              84.28102111816406,
              89.69023132324219,
              88.42713165283203,
              87.11647033691406,
              87.01962280273438,
              93.16580200195312,
              53.501625061035156,
              36.904510498046875,
              43.311607360839844,
              71.7342529296875,
              93.29461669921875,
              96.10591125488281,
              95.86101531982422,
              96.75847625732422,
              96.71074676513672,
              98.17121124267578,
              99.02862548828125,
              99.45734405517578,
              99.49555969238281,
              99.49230194091797,
              98.16411590576172,
              98.0812759399414,
              96.86479949951172,
              95.82564544677734,
              95.8157958984375,
              94.44004821777344,
              99.32038879394531,
              99.41783905029297,
              99.09652709960938,
              96.82514953613281,
              74.06857299804688,
              70.93024444580078,
              96.53900146484375,
              99.01780700683594,
              96.33460998535156,
              97.64955139160156,
              96.53179931640625,
              98.4600830078125,
              98.53157806396484,
              96.53594207763672,
              87.87242889404297,
              91.1256103515625,
              92.84648895263672,
              87.3000717163086,
              86.74726867675781,
              97.17626953125,
              98.57596588134766,
              98.78996276855469,
              99.25761413574219,
              99.46990203857422,
              99.0930404663086,
              98.14974975585938,
              96.8287124633789,
              93.51399993896484,
              93.14058685302734,
              91.30393981933594,
              88.75070190429688,
              91.91152954101562,
              93.94764709472656,
              95.8126220703125,
              98.08555603027344,
              98.64059448242188,
              6.240939617156982,
              29.16629981994629,
              64.9659652709961,
              84.3267822265625,
              94.39823913574219,
              93.6225814819336,
              85.89955139160156,
              86.4000473022461,
              82.0024642944336,
              76.60011291503906,
              76.71995544433594,
              67.04750061035156,
              67.45756530761719,
              33.198036193847656,
              53.13322067260742,
              68.6240234375,
              69.0096664428711,
              69.5271987915039,
              68.88738250732422,
              79.60844421386719,
              81.16029357910156,
              95.26078796386719,
              97.53367614746094,
              97.04450988769531,
              95.13048553466797,
              89.06769561767578,
              86.73802185058594,
              87.35951232910156,
              94.37539672851562,
              97.17084503173828,
              97.0229721069336,
              97.0203857421875,
              97.03904724121094,
              94.05899047851562,
              91.60758209228516,
              91.8779525756836,
              94.53860473632812,
              94.31439971923828,
              94.38162231445312,
              94.18846893310547,
              94.86986541748047,
              97.50000762939453,
              97.65890502929688,
              97.0523681640625,
              96.16676330566406,
              95.18073272705078,
              96.34934997558594,
              96.36766815185547,
              96.44539642333984,
              96.40727996826172,
              96.4612045288086,
              97.98631286621094,
              97.98478698730469,
              98.35277557373047,
              97.75859069824219,
              97.02392578125,
              97.1615982055664,
              97.03250122070312,
              96.37381744384766,
              97.2319564819336,
              97.31671142578125,
              98.33255004882812,
              98.31321716308594,
              98.64696502685547,
              96.17767333984375,
              96.2121810913086,
              96.20536804199219,
              94.86109161376953,
              91.22911071777344,
              93.05187225341797,
              95.87995147705078,
              95.88256072998047,
              97.07589721679688,
              96.91133117675781,
              96.91171264648438,
              95.80208587646484,
              95.66509246826172,
              95.42427825927734,
              96.60623931884766,
              95.94842529296875,
              94.73406219482422,
              94.77445220947266,
              95.1944580078125,
              91.58026885986328,
              93.3404541015625,
              91.63945007324219,
              88.79739379882812,
              91.6501693725586,
              92.12015533447266,
              91.24896240234375,
              96.97772216796875,
              96.97999572753906,
              96.17384338378906,
              95.71684265136719,
              94.9978256225586,
              41.8643798828125,
              41.84435272216797,
              44.62355041503906,
              81.68035125732422,
              69.02003479003906,
              84.72232055664062,
              84.73656463623047,
              71.62599182128906,
              38.669700622558594,
              68.19218444824219,
              68.23284912109375,
              67.97309112548828,
              67.98589324951172,
              67.99337005615234,
              87.24332427978516,
              86.29479217529297,
              74.61824035644531,
              55.51757049560547,
              32.26102828979492,
              73.37915802001953,
              54.36489486694336,
              59.37822341918945,
              67.99022674560547,
              89.09150695800781,
              85.44359588623047,
              91.01577758789062,
              90.58586120605469,
              91.35576629638672,
              73.10166931152344,
              81.36968994140625,
              87.6872329711914,
              93.34164428710938,
              91.84774780273438,
              91.63997650146484,
              91.17806243896484,
              94.58592987060547,
              94.55242919921875,
              94.21478271484375,
              99.474609375,
              99.46953582763672,
              99.55844116210938,
              99.50174713134766,
              99.3711929321289,
              99.19889831542969,
              99.08454132080078,
              98.37484741210938,
              99.00757598876953,
              99.5626220703125,
              99.53795623779297,
              99.47380065917969,
              99.50865173339844,
              99.50145721435547,
              96.00643157958984,
              77.5738754272461,
              85.02749633789062,
              92.55796813964844,
              98.48123931884766,
              99.32332611083984,
              98.82964324951172,
              97.49798583984375,
              90.58220672607422,
              87.37030029296875,
              86.63372039794922,
              85.22601318359375,
              84.20428466796875,
              90.58185577392578,
              94.28038024902344,
              95.51441955566406,
              99.07170104980469,
              99.47331237792969,
              99.51905822753906,
              99.48018646240234,
              99.17887878417969,
              96.96566772460938,
              98.94939422607422,
              99.37364959716797,
              99.15003967285156,
              98.55006408691406,
              96.89106750488281,
              93.67134857177734,
              91.56553649902344,
              90.52367401123047,
              91.42747497558594,
              93.53252410888672,
              95.14314270019531,
              42.96067810058594,
              67.59808349609375,
              86.4178466796875,
              94.35652923583984,
              96.8835678100586,
              96.53495788574219,
              96.59747314453125,
              91.97978210449219,
              86.21253204345703,
              82.20782470703125,
              74.51449584960938,
              74.67913055419922,
              29.333253860473633,
              24.1346378326416,
              43.31865310668945,
              62.85374069213867,
              63.092445373535156,
              69.00501251220703,
              79.4583740234375,
              81.63558959960938,
              86.07981872558594,
              93.20215606689453,
              97.53814697265625,
              95.78223419189453,
              93.1737289428711,
              93.44355773925781,
              87.76824188232422,
              91.42984771728516,
              91.56149291992188,
              95.54234313964844,
              93.05542755126953,
              93.10543823242188,
              93.15080261230469,
              93.14952850341797,
              91.49304962158203,
              95.44461059570312,
              94.33826446533203,
              96.23576354980469,
              96.33038330078125,
              97.97454833984375,
              98.01325988769531,
              98.47095489501953,
              98.72755432128906,
              98.51261138916016,
              96.73419189453125,
              96.75055694580078,
              96.24920654296875,
              96.5440444946289,
              96.27214813232422,
              96.12870025634766,
              96.15087890625,
              97.05900573730469,
              97.05624389648438,
              97.51463317871094,
              97.08128356933594,
              97.11399841308594,
              97.22140502929688,
              96.07112121582031,
              96.99634552001953,
              97.33940124511719,
              97.32245635986328,
              96.3838882446289,
              97.30746459960938,
              98.31878662109375,
              96.96781921386719,
              96.94892120361328,
              96.99679565429688,
              97.8387222290039,
              94.8600845336914,
              94.58950805664062,
              94.58756256103516,
              95.0356674194336,
              95.0338363647461,
              96.08708953857422,
              95.84671020507812,
              95.8133316040039,
              94.30499267578125,
              92.41876983642578,
              94.59345245361328,
              93.26756286621094,
              93.38442993164062,
              93.0985336303711,
              94.77567291259766,
              88.71923065185547,
              85.375732421875,
              85.2131576538086,
              88.0932388305664,
              88.6355972290039,
              89.22892761230469,
              93.51952362060547,
              91.38670349121094,
              97.06771087646484,
              96.98155212402344,
              95.03349304199219,
              82.3709716796875,
              68.20111846923828,
              51.10646057128906,
              74.5333251953125,
              88.91458892822266,
              84.4979476928711,
              84.420166015625,
              90.12362670898438,
              95.82669067382812,
              87.33189392089844,
              80.0748519897461,
              80.05908966064453,
              79.75511169433594,
              74.43705749511719,
              79.46906280517578,
              65.11299896240234,
              64.86061096191406,
              79.6292724609375,
              89.75839233398438,
              86.42776489257812,
              87.17949676513672,
              87.08175659179688,
              83.4743423461914,
              89.5212631225586,
              77.9548110961914,
              78.95582580566406,
              81.82636260986328,
              91.75363159179688,
              89.02051544189453,
              89.18730163574219,
              89.54161834716797,
              89.2933349609375,
              87.35894775390625,
              88.2623519897461,
              88.18608856201172,
              88.19767761230469,
              94.29735565185547,
              97.95002746582031,
              99.2333984375,
              99.2169418334961,
              98.34368133544922,
              98.73845672607422,
              98.749267578125,
              99.27861022949219,
              99.16960906982422,
              99.56201934814453,
              99.43595886230469,
              99.5401611328125,
              99.54293823242188,
              99.5575180053711,
              99.56085205078125,
              99.44451141357422,
              98.703857421875,
              88.11129760742188,
              94.18024444580078,
              95.1544189453125,
              98.24188232421875,
              98.83208465576172,
              98.82862854003906,
              97.6451187133789,
              82.03741455078125,
              83.09832000732422,
              97.69340515136719,
              94.81363677978516,
              93.11325073242188,
              93.47573852539062,
              98.82730865478516,
              99.52153015136719,
              99.56285858154297,
              99.53398895263672,
              99.489501953125,
              98.68339538574219,
              99.45453643798828,
              98.98880004882812,
              97.89942169189453,
              98.48445129394531,
              96.1335678100586,
              96.84712982177734,
              97.70116424560547,
              96.99889373779297,
              96.05834197998047,
              93.95497131347656,
              89.98332214355469,
              80.7154769897461,
              84.2475357055664,
              82.21920776367188,
              81.10102081298828,
              86.86581420898438,
              92.45851135253906,
              94.70962524414062,
              94.7879638671875,
              96.17733001708984,
              97.4327392578125,
              92.79251098632812,
              81.63156127929688,
              82.08306121826172,
              74.19383239746094,
              57.85266876220703,
              20.706350326538086,
              14.399337768554688,
              14.624482154846191,
              40.462432861328125,
              59.755062103271484,
              79.04380798339844,
              79.31848907470703,
              79.46781921386719,
              81.3957748413086,
              94.76255798339844,
              96.09500885009766,
              91.75167846679688,
              90.90596771240234,
              88.2717514038086,
              91.49469757080078,
              91.55590057373047,
              90.85708618164062,
              90.84977722167969,
              89.73709869384766,
              86.03312683105469,
              91.44820404052734,
              91.4408950805664,
              89.35264587402344,
              96.05937957763672,
              96.10575103759766,
              96.37468719482422,
              97.48966979980469,
              97.55488586425781,
              97.49613952636719,
              98.23411560058594,
              98.14629364013672,
              96.3731689453125,
              96.41663360595703,
              96.89710998535156,
              96.01498413085938,
              95.28968048095703,
              97.05879974365234,
              97.11087036132812,
              97.66656494140625,
              98.2389907836914,
              98.55073547363281,
              98.21550750732422,
              98.23307800292969,
              97.83628845214844,
              96.25701141357422,
              96.70748138427734,
              96.80428314208984,
              96.79186248779297,
              97.12800598144531,
              97.84282684326172,
              97.85940551757812,
              97.91558837890625,
              97.77342987060547,
              98.94822692871094,
              98.29692077636719,
              97.85340118408203,
              97.83888244628906,
              94.90011596679688,
              96.14518737792969,
              96.14397430419922,
              96.41874694824219,
              96.39237213134766,
              96.15853118896484,
              96.1309585571289,
              95.93010711669922,
              94.7431869506836,
              94.74024200439453,
              93.33109283447266,
              93.29055786132812,
              92.99983978271484,
              90.8035888671875,
              90.79254913330078,
              87.86188507080078,
              92.32373046875,
              90.06527709960938,
              84.34773254394531,
              84.41755676269531,
              80.61393737792969,
              82.41915130615234,
              94.96947479248047,
              96.91944885253906,
              96.92107391357422,
              88.75949096679688,
              55.32949447631836,
              53.14396667480469,
              91.49542236328125,
              89.94801330566406,
              68.13033294677734,
              82.2336654663086,
              83.98182678222656,
              92.61007690429688,
              95.03597259521484,
              88.3226318359375,
              74.63854217529297,
              79.39036560058594,
              75.62843322753906,
              75.0279312133789,
              74.65306854248047,
              69.7518081665039,
              70.50502014160156,
              84.23501586914062,
              86.3776626586914,
              87.378173828125,
              80.78483581542969,
              77.52880096435547,
              82.71031951904297,
              82.84477233886719,
              79.06317901611328,
              77.28888702392578,
              86.76576232910156,
              77.98905944824219,
              78.011962890625,
              78.0162353515625,
              77.3897933959961,
              85.72833251953125,
              90.49571990966797,
              90.06703186035156,
              94.65518188476562,
              97.53367614746094,
              96.10633850097656,
              96.6637954711914,
              96.47858428955078,
              98.55017852783203,
              98.88114929199219,
              98.98173522949219,
              99.4511947631836,
              99.42395782470703,
              99.5367660522461,
              99.56277465820312,
              98.56187438964844,
              95.15771484375,
              99.48359680175781,
              99.521484375,
              98.61764526367188,
              97.13442993164062,
              97.18692779541016,
              97.22919464111328,
              98.14067077636719,
              99.16492462158203,
              99.34386444091797,
              97.74043273925781,
              92.09385681152344,
              83.07466888427734,
              94.59341430664062,
              96.25084686279297,
              99.09375762939453,
              99.59040069580078,
              99.53919982910156,
              99.56573486328125,
              99.57706451416016,
              99.53041076660156,
              99.54341888427734,
              99.34945678710938,
              98.07299041748047,
              99.15481567382812,
              98.46158599853516,
              94.82598114013672,
              95.5424575805664,
              92.9860610961914,
              94.28877258300781,
              91.9628677368164,
              91.60296630859375,
              92.56076049804688,
              93.52765655517578,
              91.22457122802734,
              86.16543579101562,
              80.82842254638672,
              76.6402816772461,
              57.89241027832031,
              81.10094451904297,
              81.8160629272461,
              82.08131408691406,
              90.69515228271484,
              96.15418243408203,
              96.96863555908203,
              86.58879089355469,
              87.14009857177734,
              76.08636474609375,
              68.95618438720703,
              51.10070037841797,
              31.956056594848633,
              32.24142837524414,
              42.754547119140625,
              52.33467102050781,
              76.05815887451172,
              76.22607421875,
              79.57499694824219,
              75.77328491210938,
              88.82608795166016,
              93.07649230957031,
              92.48341369628906,
              96.03762817382812,
              91.71881103515625,
              91.8656005859375,
              96.1163330078125,
              96.1720199584961,
              95.9570541381836,
              95.46328735351562,
              93.46341705322266,
              89.33052062988281,
              89.40882873535156,
              87.67884063720703,
              94.86986541748047,
              97.95783233642578,
              98.60126495361328,
              98.65361022949219,
              97.91130065917969,
              96.5358657836914,
              96.1558609008789,
              97.21701049804688,
              97.73580932617188,
              96.19184875488281,
              95.82597351074219,
              95.04700469970703,
              95.0413818359375,
              97.04515838623047,
              95.97396087646484,
              97.65302276611328,
              98.4919662475586,
              98.87457275390625,
              98.63803100585938,
              98.33526611328125,
              97.35198211669922,
              97.13523864746094,
              96.8206787109375,
              96.05532836914062,
              97.62675476074219,
              96.69711303710938,
              96.06481170654297,
              96.2279281616211,
              96.22209167480469,
              97.18441009521484,
              97.201416015625,
              98.9638671875,
              98.54373168945312,
              98.51749420166016,
              98.30613708496094,
              95.10687255859375,
              96.26689147949219,
              96.26586151123047,
              96.26536560058594,
              95.1453628540039,
              96.04791259765625,
              94.8712387084961,
              96.18388366699219,
              96.12787628173828,
              95.99859619140625,
              94.82527160644531,
              92.47542572021484,
              92.80323028564453,
              92.68431854248047,
              92.06218719482422,
              89.64521789550781,
              86.55745697021484,
              91.19596862792969,
              91.26776885986328,
              86.22962951660156,
              87.69645690917969,
              85.41255950927734,
              94.6735610961914,
              94.71805572509766,
              94.77864837646484,
              88.6732177734375,
              67.97176361083984,
              84.30860900878906,
              83.75350952148438,
              76.82466125488281,
              24.585281372070312,
              24.673683166503906,
              47.0084114074707,
              45.831275939941406,
              49.24901580810547,
              75.0002212524414,
              75.01595306396484,
              79.927734375,
              76.03317260742188,
              63.1328125,
              48.461036682128906,
              75.23686981201172,
              83.44444274902344,
              86.1514663696289,
              85.11763000488281,
              77.98123931884766,
              71.70988464355469,
              79.67872619628906,
              79.09845733642578,
              86.51953125,
              79.04867553710938,
              62.61484146118164,
              68.18904113769531,
              73.80694580078125,
              83.0750503540039,
              86.02759552001953,
              89.1524658203125,
              86.12953186035156,
              85.12828063964844,
              89.3194580078125,
              95.62136840820312,
              93.07630920410156,
              64.2362060546875,
              79.76041412353516,
              93.57404327392578,
              98.69640350341797,
              98.81244659423828,
              98.48616027832031,
              99.17903900146484,
              99.21202850341797,
              99.54896545410156,
              99.5491943359375,
              99.23190307617188,
              95.69619750976562,
              99.18540954589844,
              99.25784301757812,
              96.71363067626953,
              96.85136413574219,
              97.93537902832031,
              98.8411865234375,
              99.34752655029297,
              99.40693664550781,
              97.49569702148438,
              87.79473876953125,
              89.63497161865234,
              98.030029296875,
              99.42796325683594,
              99.09027099609375,
              98.98888397216797,
              99.52009582519531,
              99.52811431884766,
              99.45750427246094,
              99.43602752685547,
              99.16380310058594,
              99.48118591308594,
              99.5074462890625,
              99.55889129638672,
              99.48046875,
              98.39907836914062,
              97.34945678710938,
              95.66877746582031,
              96.1997299194336,
              96.3309555053711,
              95.9642333984375,
              91.55228424072266,
              93.20215606689453,
              96.291259765625,
              95.26109313964844,
              92.18135833740234,
              85.14126586914062,
              83.67145538330078,
              3.8534082705155015e-05,
              80.31401824951172,
              64.43687438964844,
              75.9706802368164,
              87.63467407226562,
              95.98542785644531,
              95.61394500732422,
              92.54695892333984,
              66.32307434082031,
              68.40340423583984,
              81.74014282226562,
              82.07299041748047,
              69.14875793457031,
              41.64668273925781,
              41.94121551513672,
              62.86240768432617,
              63.27328109741211,
              70.82955932617188,
              67.90446472167969,
              88.67854309082031,
              88.90213012695312,
              88.45126342773438,
              94.55785369873047,
              96.16861724853516,
              94.28778076171875,
              94.41885375976562,
              94.50501251220703,
              94.5817642211914,
              96.15982055664062,
              95.9830093383789,
              94.26287078857422,
              93.97659301757812,
              93.92225646972656,
              93.92261505126953,
              96.95014953613281,
              98.73179626464844,
              98.80484008789062,
              98.71543884277344,
              96.52536010742188,
              95.18475341796875,
              93.66033935546875,
              93.73904418945312,
              93.60814666748047,
              95.27074432373047,
              95.91551208496094,
              96.17632293701172,
              96.19654083251953,
              96.24269104003906,
              97.64234161376953,
              99.1090087890625,
              98.93582153320312,
              98.40702819824219,
              98.27792358398438,
              97.86860656738281,
              98.26522827148438,
              98.23312377929688,
              95.0933837890625,
              98.54620361328125,
              99.09516906738281,
              96.85598754882812,
              96.78775024414062,
              96.1397476196289,
              95.26172637939453,
              96.35316467285156,
              98.298095703125,
              97.8249740600586,
              98.33063507080078,
              98.62004852294922,
              98.2061767578125,
              96.99795532226562,
              97.03693389892578,
              96.28719329833984,
              96.44352722167969,
              96.07847595214844,
              96.28636932373047,
              96.28443145751953,
              95.10803985595703,
              95.03575134277344,
              96.12812042236328,
              95.84159088134766,
              95.72919464111328,
              89.64599609375,
              89.21988677978516,
              88.94153594970703,
              86.91473388671875,
              87.1294174194336,
              86.44863891601562,
              86.56393432617188,
              87.5401382446289,
              87.65628051757812,
              87.92159271240234,
              85.41464233398438,
              94.97042846679688,
              93.56903076171875,
              88.67758178710938,
              88.57925415039062,
              74.80921173095703,
              91.34494018554688,
              94.75284576416016,
              64.62081909179688,
              33.29602813720703,
              11.977675437927246,
              22.9879093170166,
              75.97369384765625,
              90.91487884521484,
              92.4344253540039,
              90.37229919433594,
              77.38805389404297,
              49.38823699951172,
              24.371437072753906,
              24.1876220703125,
              53.31504440307617,
              82.4075698852539,
              87.8995361328125,
              79.4429931640625,
              79.8740234375,
              67.77628326416016,
              74.64131927490234,
              83.11194610595703,
              69.41276550292969,
              70.05521392822266,
              89.7670669555664,
              93.55734252929688,
              93.11235809326172,
              91.70668029785156,
              91.52961730957031,
              92.80868530273438,
              92.10974884033203,
              94.82225036621094,
              97.48947143554688,
              95.38027954101562,
              81.31781768798828,
              84.19307708740234,
              97.4166488647461,
              98.5783462524414,
              99.20659637451172,
              99.49909210205078,
              99.17355346679688,
              94.83341979980469,
              99.37513732910156,
              99.26390838623047,
              98.06768798828125,
              98.08403778076172,
              98.40715789794922,
              95.5590591430664,
              95.8058853149414,
              97.42326354980469,
              99.21186065673828,
              98.670166015625,
              95.83221435546875,
              95.3450927734375,
              95.66523742675781,
              94.80452728271484,
              98.24908447265625,
              99.48633575439453,
              99.57894897460938,
              98.29036712646484,
              99.21338653564453,
              99.50323486328125,
              99.51403045654297,
              99.55394744873047,
              98.30255889892578,
              98.12513732910156,
              99.3172378540039,
              99.4404067993164,
              98.7929916381836,
              97.1664047241211,
              95.80859375,
              96.9554214477539,
              98.1535873413086,
              96.2291030883789,
              95.56979370117188,
              94.70942687988281,
              98.63219451904297,
              98.9238510131836,
              95.35650634765625,
              95.19540405273438,
              89.66136932373047,
              83.62541961669922,
              87.50615692138672,
              54.59855651855469,
              55.25035858154297,
              49.48316955566406,
              70.98577117919922,
              87.71917724609375,
              88.37525939941406,
              91.92413330078125,
              85.373291015625,
              0.00016138612409122288,
              86.0684814453125,
              81.82710266113281,
              86.78998565673828,
              82.31128692626953,
              52.393550872802734,
              77.002197265625,
              63.09641647338867,
              70.4682846069336,
              86.78836822509766,
              84.44636535644531,
              94.96534729003906,
              89.7145004272461,
              93.85868072509766,
              95.9322738647461,
              97.36480712890625,
              97.287353515625,
              94.289794921875,
              94.59241485595703,
              94.91056823730469,
              92.63289642333984,
              92.50501251220703,
              94.52873229980469,
              96.11579895019531,
              94.15971374511719,
              95.99568939208984,
              96.08536529541016,
              97.23055267333984,
              98.86290740966797,
              96.77622985839844,
              93.21464538574219,
              93.28750610351562,
              93.48788452148438,
              91.76688385009766,
              88.6966323852539,
              94.79023742675781,
              94.86355590820312,
              95.24850463867188,
              92.3612289428711,
              95.76919555664062,
              97.6431884765625,
              97.69690704345703,
              98.68375396728516,
              99.12596130371094,
              98.73572540283203,
              98.40499877929688,
              98.39464569091797,
              96.05831909179688,
              97.63896179199219,
              98.81836700439453,
              98.07188415527344,
              99.1141357421875,
              98.5762939453125,
              98.03498840332031,
              95.18635559082031,
              96.34087371826172,
              96.3128433227539,
              98.2796630859375,
              98.30028533935547,
              98.53486633300781,
              98.6276626586914,
              98.74085998535156,
              97.53102111816406,
              96.47957611083984,
              97.14225006103516,
              96.10546875,
              97.14186096191406,
              97.14116668701172,
              95.1283950805664,
              95.10906219482422,
              96.0850601196289,
              96.001708984375,
              94.50719451904297,
              89.38343048095703,
              82.85723876953125,
              80.1712646484375,
              80.15559387207031,
              83.79362487792969,
              89.1081771850586,
              86.22171020507812,
              88.9308853149414,
              88.92867279052734,
              87.12565612792969,
              88.66120910644531,
              86.29351043701172,
              91.7781753540039,
              91.71807098388672,
              88.61241912841797,
              75.38890838623047,
              86.63497924804688,
              96.2055435180664,
              96.11837005615234,
              81.42216491699219,
              54.92494201660156,
              45.11328125,
              82.40849304199219,
              83.10863494873047,
              89.47686767578125,
              74.62428283691406,
              65.27629852294922,
              31.226274490356445,
              31.253755569458008,
              24.865985870361328,
              50.59539031982422,
              73.94522094726562,
              88.90752410888672,
              88.46031188964844,
              86.40451049804688,
              66.9225082397461,
              73.71952819824219,
              86.41397094726562,
              85.80333709716797,
              94.99695587158203,
              89.62699127197266,
              77.94943237304688,
              77.00447082519531,
              83.26493835449219,
              91.58879852294922,
              93.09700775146484,
              92.64630889892578,
              92.6489028930664,
              96.68820190429688,
              94.26590728759766,
              82.13443756103516,
              93.32182312011719,
              97.8454360961914,
              99.19557189941406,
              99.0615463256836,
              99.39312744140625,
              99.34054565429688,
              98.8293228149414,
              96.68427276611328,
              95.70814514160156,
              95.32418060302734,
              94.62410736083984,
              95.0577163696289,
              96.89008331298828,
              98.22459411621094,
              99.19062805175781,
              99.0539779663086,
              89.13819122314453,
              96.7823715209961,
              92.33003234863281,
              91.7215576171875,
              97.44933319091797,
              99.271484375,
              99.4938735961914,
              99.47235870361328,
              99.3752670288086,
              99.43091583251953,
              99.34909057617188,
              99.38951110839844,
              98.92684936523438,
              98.10531616210938,
              99.40162658691406,
              99.3667221069336,
              99.36895751953125,
              98.6976089477539,
              99.0295181274414,
              99.4754409790039,
              99.13822174072266,
              95.93809509277344,
              90.63993072509766,
              90.90011596679688,
              96.91500091552734,
              96.26509094238281,
              96.10698699951172,
              96.73388671875,
              92.65965270996094,
              81.05038452148438,
              81.20960235595703,
              84.88158416748047,
              92.31800079345703,
              84.12525177001953,
              65.05195617675781,
              65.51444244384766,
              79.96308898925781,
              92.62107849121094,
              92.80778503417969,
              86.23976135253906,
              86.15331268310547,
              43.598106384277344,
              58.24040603637695,
              86.72091674804688,
              86.96127319335938,
              87.05498504638672,
              76.40422058105469,
              77.01670837402344,
              83.10611724853516,
              94.67170715332031,
              93.18020629882812,
              95.05931091308594,
              94.31785583496094,
              94.36420440673828,
              96.58782196044922,
              95.355712890625,
              94.20671844482422,
              95.87603759765625,
              94.30139923095703,
              92.62200164794922,
              92.56033325195312,
              92.61559295654297,
              92.529052734375,
              94.48379516601562,
              97.29200744628906,
              97.3302993774414,
              97.3697280883789,
              97.41377258300781,
              98.46678161621094,
              94.80561065673828,
              94.8370361328125,
              89.85040283203125,
              93.35369110107422,
              91.03148651123047,
              90.72339630126953,
              90.77174377441406,
              93.7680435180664,
              93.583984375,
              92.36083984375,
              92.4040298461914,
              95.763427734375,
              97.66901397705078,
              98.55361938476562,
              98.30712890625,
              98.31485748291016,
              98.08745574951172,
              97.34559631347656,
              96.03491973876953,
              98.95086669921875,
              97.50593566894531,
              98.91775512695312,
              98.39028930664062,
              96.7645034790039,
              96.46109008789062,
              98.29180908203125,
              95.9755859375,
              98.32778930664062,
              98.89793395996094,
              98.89329528808594,
              98.8935317993164,
              98.79436492919922,
              98.74991607666016,
              96.66582489013672,
              97.14344024658203,
              97.14348602294922,
              96.25263977050781,
              96.41498565673828,
              97.76567840576172,
              96.2265625,
              96.19729614257812,
              96.18434143066406,
              94.70455169677734,
              94.2020263671875,
              89.47398376464844,
              89.20463562011719,
              78.36641693115234,
              66.90552520751953,
              82.83216094970703,
              91.39740753173828,
              94.8153076171875,
              88.62567901611328,
              90.08110046386719,
              90.67181396484375,
              89.62074279785156,
              86.79965209960938,
              89.56771850585938,
              91.80547332763672,
              88.69647216796875,
              81.47541809082031,
              81.1077880859375,
              79.97753143310547,
              86.65536499023438,
              86.5388412475586,
              91.939208984375,
              92.01226043701172,
              73.15119934082031,
              67.21680450439453,
              62.454708099365234,
              36.67363739013672,
              37.401302337646484,
              41.52487564086914,
              29.535913467407227,
              4.515742301940918,
              20.4771671295166,
              21.025131225585938,
              79.2587661743164,
              86.06391143798828,
              75.67351531982422,
              52.7295036315918,
              53.83015441894531,
              68.6449966430664,
              95.9552230834961,
              89.90831756591797,
              62.26963806152344,
              61.03622817993164,
              83.13652038574219,
              88.9565200805664,
              93.21196746826172,
              87.62665557861328,
              88.6819076538086,
              92.71220397949219,
              92.06526947021484,
              91.03081512451172,
              95.41681671142578,
              97.72685241699219,
              98.95206451416016,
              98.04495239257812,
              98.13667297363281,
              98.87957763671875,
              98.68143463134766,
              98.48310852050781,
              95.62812805175781,
              93.05634307861328,
              93.3681640625,
              93.37034606933594,
              98.54560852050781,
              99.03404235839844,
              98.75759887695312,
              98.95639038085938,
              97.87959289550781,
              98.55490112304688,
              96.52574157714844,
              90.32281494140625,
              97.60279846191406,
              99.42955017089844,
              99.51571655273438,
              99.38163757324219,
              99.43856048583984,
              99.43852233886719,
              99.45233154296875,
              99.37940979003906,
              99.04194641113281,
              98.95603942871094,
              99.28916931152344,
              99.14541625976562,
              99.02253723144531,
              99.22835540771484,
              99.35243225097656,
              99.4933090209961,
              99.51347351074219,
              99.37156677246094,
              98.61127471923828,
              98.0031509399414,
              98.20934295654297,
              99.06781005859375,
              97.90045166015625,
              94.95111083984375,
              88.74040985107422,
              82.74465942382812,
              82.19612884521484,
              85.9483413696289,
              83.31401062011719,
              91.05712127685547,
              79.68058776855469,
              80.41117858886719,
              81.36058807373047,
              89.83436584472656,
              89.5604248046875,
              89.49021911621094,
              79.476318359375,
              65.1505126953125,
              57.31718444824219,
              81.40998840332031,
              81.87968444824219,
              82.47311401367188,
              60.4135856628418,
              69.36840057373047,
              76.72627258300781,
              75.97120666503906,
              87.97296905517578,
              94.35787963867188,
              92.80290222167969,
              93.05085754394531,
              93.48475646972656,
              90.2105484008789,
              94.15013122558594,
              91.01579284667969,
              94.39276885986328,
              94.3745346069336,
              94.80418395996094,
              91.94947814941406,
              92.88298797607422,
              92.697265625,
              94.82102966308594,
              96.54730987548828,
              96.48594665527344,
              96.51180267333984,
              97.32913970947266,
              94.13380432128906,
              94.7766342163086,
              91.83348083496094,
              91.98464965820312,
              93.54080200195312,
              93.25459289550781,
              93.46332550048828,
              91.01309967041016,
              91.13988494873047,
              92.26653289794922,
              92.20419311523438,
              95.74371337890625,
              97.0248794555664,
              98.07779693603516,
              97.26222229003906,
              97.26156616210938,
              98.38880920410156,
              98.61090850830078,
              97.44871520996094,
              97.04833984375,
              96.23042297363281,
              98.55726623535156,
              98.9128646850586,
              98.14029693603516,
              98.08984375,
              98.10073852539062,
              97.06015014648438,
              95.9361343383789,
              94.93768310546875,
              98.33763122558594,
              98.32830810546875,
              98.7149658203125,
              98.75565338134766,
              98.33684539794922,
              95.3387451171875,
              95.30842590332031,
              97.27275848388672,
              97.66669464111328,
              98.20040893554688,
              98.2411117553711,
              98.22975158691406,
              93.65785217285156,
              94.88677978515625,
              94.37358093261719,
              95.3404541015625,
              95.1527328491211,
              91.4534683227539,
              82.4152603149414,
              78.36952209472656,
              89.21084594726562,
              89.64239501953125,
              95.46553802490234,
              90.99507904052734,
              89.04474639892578,
              86.66472625732422,
              92.09668731689453,
              91.8381118774414,
              91.59947204589844,
              89.0992202758789,
              88.6722412109375,
              88.53280639648438,
              90.64926147460938,
              81.23480224609375,
              70.83380889892578,
              80.66429901123047,
              84.88273620605469,
              85.83843994140625,
              66.08967590332031,
              58.87282943725586,
              78.16130828857422,
              78.47565460205078,
              62.85769271850586,
              41.182743072509766,
              7.899118423461914,
              32.690303802490234,
              33.00129699707031,
              25.480329513549805,
              68.3650894165039,
              56.66030502319336,
              32.259857177734375,
              33.51686096191406,
              41.28173828125,
              82.8772964477539,
              93.57227325439453,
              68.1993179321289,
              67.3165283203125,
              80.72122955322266,
              83.14205932617188,
              82.7620849609375,
              82.48619079589844,
              85.67817687988281,
              88.52194213867188,
              93.04995727539062,
              95.72065734863281,
              95.33991241455078,
              95.8193359375,
              96.07841491699219,
              97.49581146240234,
              96.08723449707031,
              96.0283432006836,
              95.26184844970703,
              97.00115966796875,
              92.82294464111328,
              96.04132080078125,
              96.0418472290039,
              96.64140319824219,
              97.95138549804688,
              99.3667221069336,
              99.39664459228516,
              98.58739471435547,
              98.4314956665039,
              98.76646423339844,
              98.31378173828125,
              98.19677734375,
              97.4981460571289,
              99.24846649169922,
              99.43639373779297,
              99.49820709228516,
              99.43856048583984,
              99.44029235839844,
              99.50101470947266,
              99.39039611816406,
              99.35542297363281,
              99.45285034179688,
              99.44986724853516,
              99.43670654296875,
              99.23773956298828,
              98.82290649414062,
              99.23712921142578,
              99.29065704345703,
              99.246337890625,
              99.39392852783203,
              99.49451446533203,
              99.36421966552734,
              98.88227844238281,
              96.927734375,
              97.07289123535156,
              94.53667449951172,
              92.34441375732422,
              88.1160888671875,
              75.08411407470703,
              90.55148315429688,
              91.07884216308594,
              82.62556457519531,
              93.36686706542969,
              90.9287109375,
              88.68597412109375,
              84.87297058105469,
              95.66088104248047,
              95.72769165039062,
              94.2525634765625,
              89.22550964355469,
              74.36189270019531,
              81.04898071289062,
              81.52094268798828,
              81.86247253417969,
              61.12088394165039,
              60.40643310546875,
              66.640869140625,
              66.84465789794922,
              76.25769805908203,
              94.8300552368164,
              93.99050903320312,
              88.17013549804688,
              75.3678207397461,
              85.35860443115234,
              86.88426971435547,
              94.05150604248047,
              91.0167007446289,
              91.28665161132812,
              92.77247619628906,
              92.77013397216797,
              92.78590393066406,
              94.98596954345703,
              94.98247528076172,
              94.5086669921875,
              94.38675689697266,
              94.62704467773438,
              93.9817886352539,
              94.05221557617188,
              93.21370697021484,
              91.56991577148438,
              89.93771362304688,
              88.62974548339844,
              90.91510772705078,
              93.58212280273438,
              92.17998504638672,
              88.19767761230469,
              88.36814880371094,
              91.10784912109375,
              93.66909790039062,
              96.5731201171875,
              97.52498626708984,
              96.47602844238281,
              96.00715637207031,
              97.2627182006836,
              97.35105895996094,
              97.78714752197266,
              96.91612243652344,
              97.98682403564453,
              97.82203674316406,
              97.4818344116211,
              96.58253479003906,
              95.45806121826172,
              97.96070098876953,
              98.41901397705078,
              92.54144287109375,
              93.42913818359375,
              95.80398559570312,
              97.44195556640625,
              97.52803039550781,
              98.06394958496094,
              98.40675354003906,
              98.38822174072266,
              98.50146484375,
              96.15335083007812,
              97.268798828125,
              98.3074951171875,
              98.3386001586914,
              98.75748443603516,
              97.98153686523438,
              96.3911361694336,
              93.29623413085938,
              92.87235260009766,
              91.63349151611328,
              91.92660522460938,
              94.81900024414062,
              93.0959701538086,
              92.98324584960938,
              89.47718811035156,
              93.9655990600586,
              90.92062377929688,
              86.60240173339844,
              86.70391845703125,
              89.68486785888672,
              94.99592590332031,
              93.50391387939453,
              90.80072021484375,
              90.97518157958984,
              94.8459701538086,
              94.53111267089844,
              92.65999603271484,
              91.08280181884766,
              91.40870666503906,
              96.94181823730469,
              96.86035919189453,
              97.79569244384766,
              96.1830825805664,
              96.2088623046875,
              98.51589965820312,
              98.26446533203125,
              96.14769744873047,
              62.87602233886719,
              91.6766357421875,
              93.85578918457031,
              82.31019592285156,
              52.24760818481445,
              70.1838150024414,
              59.84636688232422,
              28.927534103393555,
              55.2090950012207,
              78.35693359375,
              97.74459838867188,
              97.7695083618164,
              72.18273162841797,
              76.0171890258789,
              89.38765716552734,
              83.14044189453125,
              83.84687805175781,
              71.17721557617188,
              75.05048370361328,
              88.57671356201172,
              95.87361907958984,
              95.82061004638672,
              96.6233139038086,
              91.49176788330078,
              95.35144805908203,
              98.1226577758789,
              98.22026824951172,
              95.63571166992188,
              94.32738494873047,
              94.85678100585938,
              94.91938018798828,
              94.85306549072266,
              95.99536895751953,
              97.56857299804688,
              96.09441375732422,
              98.17140197753906,
              96.45765686035156,
              97.98750305175781,
              98.5367202758789,
              97.86124420166016,
              98.9181900024414,
              98.86800384521484,
              99.38951110839844,
              98.80835723876953,
              98.98735046386719,
              99.40833282470703,
              99.41812133789062,
              99.4479751586914,
              99.26774597167969,
              99.46990203857422,
              99.43546295166016,
              99.47123718261719,
              99.30554962158203,
              98.81864166259766,
              98.81285095214844,
              99.02051544189453,
              99.04875183105469,
              99.23480987548828,
              99.35038757324219,
              99.48918914794922,
              99.39380645751953,
              98.30365753173828,
              97.6041030883789,
              87.52220916748047,
              86.90726470947266,
              82.41751861572266,
              67.81686401367188,
              57.95337677001953,
              69.37805938720703,
              84.87406158447266,
              89.50260925292969,
              91.64974975585938,
              90.4117431640625,
              90.4414291381836,
              93.49996185302734,
              90.52955627441406,
              87.68659210205078,
              93.42143249511719,
              95.47428894042969,
              89.42642211914062,
              86.14933776855469,
              74.73692321777344,
              75.51262664794922,
              68.40489959716797,
              51.973426818847656,
              52.23245620727539,
              60.642784118652344,
              68.86249542236328,
              86.05604553222656,
              93.98480987548828,
              93.15876770019531,
              96.45885467529297,
              93.66500091552734,
              95.68769073486328,
              94.5090560913086,
              95.19902801513672,
              94.38821411132812,
              92.4876480102539,
              92.92051696777344,
              92.37454223632812,
              92.3441162109375,
              92.98876953125,
              92.28881072998047,
              95.01480102539062,
              94.54754638671875,
              94.6164779663086,
              92.5251693725586,
              83.32560729980469,
              86.6640625,
              89.86622619628906,
              90.06111907958984,
              88.79022979736328,
              90.87068176269531,
              91.08274841308594,
              89.71406555175781,
              89.9591293334961,
              93.69344329833984,
              93.55426025390625,
              94.41155242919922,
              96.55269622802734,
              96.48355102539062,
              93.39567565917969,
              95.81440734863281,
              95.47016143798828,
              96.27899169921875,
              97.45719909667969,
              97.2355728149414,
              97.11870574951172,
              97.80970001220703,
              97.48110961914062,
              97.59447479248047,
              96.42893981933594,
              90.94304656982422,
              97.83197021484375,
              96.21834564208984,
              96.18421173095703,
              90.70964050292969,
              96.66475677490234,
              97.18596649169922,
              97.0852279663086,
              97.55838012695312,
              97.78885650634766,
              98.51968383789062,
              98.1712875366211,
              97.91265869140625,
              97.66824340820312,
              98.51940155029297,
              98.88236236572266,
              98.51075744628906,
              96.34859466552734,
              96.15650939941406,
              91.12726593017578,
              93.2198257446289,
              96.81885528564453,
              97.35105895996094,
              97.15518188476562,
              93.3104019165039,
              92.43610382080078,
              97.08430480957031,
              97.704345703125,
              97.72042083740234,
              97.52486419677734,
              98.2120590209961,
              94.99345397949219,
              91.78175354003906,
              91.47254943847656,
              96.04662322998047,
              91.43508911132812,
              91.02178955078125,
              88.60472106933594,
              89.11202239990234,
              93.62592315673828,
              98.43729400634766,
              98.27515411376953,
              97.91738891601562,
              97.91726684570312,
              97.41980743408203,
              97.37928771972656,
              97.14096069335938,
              98.54037475585938,
              98.52410125732422,
              98.02476501464844,
              98.1660385131836,
              93.61019897460938,
              67.62987518310547,
              86.5239028930664,
              68.39034271240234,
              42.14613342285156,
              83.28833770751953,
              97.02584075927734,
              99.17234802246094,
              89.20665740966797,
              67.51368713378906,
              84.13522338867188,
              89.46966552734375,
              75.56057739257812,
              71.87715911865234,
              72.06440734863281,
              89.12937927246094,
              92.10633087158203,
              91.8575668334961,
              94.49642181396484,
              88.08753967285156,
              94.0888442993164,
              91.92292785644531,
              93.88087463378906,
              95.73605346679688,
              95.31599426269531,
              94.76763916015625,
              93.27545928955078,
              97.61016845703125,
              93.06168365478516,
              96.8586654663086,
              98.44526672363281,
              92.97705841064453,
              86.8161849975586,
              98.1693115234375,
              99.54045104980469,
              98.5557861328125,
              98.93759155273438,
              97.42631530761719,
              99.2861328125,
              99.47846221923828,
              99.42464447021484,
              98.93326568603516,
              98.97573852539062,
              99.06319427490234,
              98.8234634399414,
              98.96891021728516,
              99.03072357177734,
              99.41820526123047,
              99.27838134765625,
              91.12822723388672,
              96.76654052734375,
              98.84410095214844,
              98.84895324707031,
              99.06481170654297,
              98.99642944335938,
              99.49031066894531,
              98.73966217041016,
              98.26698303222656,
              93.28077697753906,
              95.72930908203125,
              82.67352294921875,
              82.2883529663086,
              67.29170989990234,
              33.022274017333984,
              27.002126693725586,
              54.1953010559082,
              70.09276580810547,
              75.65681457519531,
              74.61115264892578,
              82.90139770507812,
              87.61821746826172,
              59.32555389404297,
              50.87693405151367,
              89.80542755126953,
              93.46664428710938,
              92.38890838623047,
              92.67343139648438,
              81.50154876708984,
              59.755897521972656,
              59.05324172973633,
              59.732879638671875,
              50.59204864501953,
              50.85126876831055,
              66.1244125366211,
              69.05702209472656,
              89.59764099121094,
              89.60162353515625,
              93.70378112792969,
              95.70927429199219,
              96.80709838867188,
              94.03099060058594,
              94.40494537353516,
              96.0318832397461,
              94.5065689086914,
              92.87623596191406,
              92.97203063964844,
              92.96887969970703,
              93.950439453125,
              91.52789306640625,
              86.15620422363281,
              91.6976547241211,
              91.70408630371094,
              91.5665054321289,
              86.49671936035156,
              86.57910919189453,
              86.66734313964844,
              86.54298400878906,
              90.22281646728516,
              90.5192642211914,
              90.26361846923828,
              90.24396514892578,
              91.14137268066406,
              93.03462982177734,
              88.62642669677734,
              92.47684478759766,
              92.4153060913086,
              94.40936279296875,
              94.6164779663086,
              94.97101593017578,
              94.64096069335938,
              94.74115753173828,
              94.30047607421875,
              97.82817077636719,
              97.86087799072266,
              97.93142700195312,
              97.9183349609375,
              96.34326934814453,
              89.24078369140625,
              96.93041229248047,
              97.83380889892578,
              97.8459701538086,
              98.29764556884766,
              96.72801971435547,
              95.3131103515625,
              90.62528991699219,
              94.86973571777344,
              95.39600372314453,
              96.55980682373047,
              99.19528198242188,
              99.13062286376953,
              99.46890258789062,
              98.83972930908203,
              98.3967514038086,
              98.46334075927734,
              98.63687133789062,
              97.54489135742188,
              98.15728759765625,
              98.27531433105469,
              91.77676391601562,
              93.74695587158203,
              93.59613800048828,
              94.46258544921875,
              92.43999481201172,
              90.46644592285156,
              96.23797607421875,
              96.37796020507812,
              98.4521713256836,
              98.8913345336914,
              98.89122009277344,
              94.7951431274414,
              94.67537689208984,
              89.21266174316406,
              93.17569732666016,
              91.9394302368164,
              91.97408294677734,
              91.79143524169922,
              91.29846954345703,
              91.36332702636719,
              93.51904296875,
              98.54869842529297,
              98.5629653930664,
              98.10624694824219,
              96.60043334960938,
              95.3961181640625,
              93.34785461425781,
              93.34806060791016,
              93.06331634521484,
              94.9338150024414,
              96.36894226074219,
              98.29399871826172,
              98.29415893554688,
              97.31988525390625,
              96.8305892944336,
              89.7194595336914,
              83.59796142578125,
              83.7234115600586,
              99.0776138305664,
              96.2236099243164,
              74.02057647705078,
              78.04591369628906,
              77.55609130859375,
              76.36234283447266,
              61.6757698059082,
              56.008331298828125,
              75.78575897216797,
              74.45419311523438,
              82.49898529052734,
              77.56134033203125,
              85.36637115478516,
              88.27491760253906,
              88.18497467041016,
              86.90676879882812,
              89.68766784667969,
              90.8192367553711,
              90.18084716796875,
              85.14750671386719,
              95.82569885253906,
              92.79731750488281,
              95.65264892578125,
              98.40650939941406,
              94.82408905029297,
              89.83642578125,
              91.81375122070312,
              94.86209869384766,
              98.71512603759766,
              99.28175354003906,
              98.50639343261719,
              97.53358459472656,
              97.53702545166016,
              97.98917388916016,
              98.11457061767578,
              98.0667953491211,
              94.86605072021484,
              97.44116973876953,
              98.13406372070312,
              98.03931427001953,
              94.93746948242188,
              97.5533676147461,
              96.62553405761719,
              94.47464752197266,
              94.54338836669922,
              94.6220932006836,
              98.07568359375,
              98.3167724609375,
              97.2978744506836,
              98.72232818603516,
              98.51412963867188,
              95.99445343017578,
              86.7559585571289,
              83.61575317382812,
              79.00907135009766,
              78.77577209472656,
              69.21941375732422,
              56.32398223876953,
              50.62956237792969,
              72.11425018310547,
              78.88591766357422,
              73.28524017333984,
              71.89505004882812,
              70.9769515991211,
              45.94597244262695,
              40.07496643066406,
              58.6046028137207,
              87.78033447265625,
              88.53111267089844,
              92.32023620605469,
              85.94244384765625,
              73.95188903808594,
              68.14505767822266,
              68.51475524902344,
              59.478294372558594,
              50.32267761230469,
              32.28466033935547,
              40.878902435302734,
              41.4454460144043,
              75.03006744384766,
              98.6045913696289,
              98.61266326904297,
              95.77226257324219,
              84.07450866699219,
              92.60091400146484,
              83.72920989990234,
              88.6052474975586,
              91.82858276367188,
              95.24923706054688,
              93.36568450927734,
              92.7015151977539,
              91.87113189697266,
              86.29132080078125,
              86.1797866821289,
              86.3848876953125,
              81.5313720703125,
              81.70948791503906,
              90.24505615234375,
              90.38288879394531,
              91.96800231933594,
              90.66065979003906,
              87.47836303710938,
              90.94185638427734,
              91.05321502685547,
              90.92738342285156,
              90.27919006347656,
              88.34449005126953,
              82.0020523071289,
              81.97560119628906,
              89.8689956665039,
              95.27777099609375,
              93.3148422241211,
              94.6799545288086,
              94.7860336303711,
              96.4962387084961,
              95.1583023071289,
              95.94083404541016,
              98.21514129638672,
              97.81525421142578,
              97.94365692138672,
              98.32498168945312,
              98.75471496582031,
              99.00592803955078,
              99.00540161132812,
              99.22315979003906,
              98.77633666992188,
              94.33305358886719,
              92.03350830078125,
              91.94115447998047,
              90.3280029296875,
              94.07942199707031,
              97.09156036376953,
              98.73159790039062,
              98.34505462646484,
              99.5330581665039,
              98.76937866210938,
              98.3365249633789,
              96.9537582397461,
              95.75997161865234,
              83.90830993652344,
              96.9660415649414,
              0.0005100952694192529,
              93.38916778564453,
              97.58245086669922,
              95.02043151855469,
              92.39827728271484,
              91.00310516357422,
              96.99576568603516,
              97.10427856445312,
              97.22636413574219,
              98.7350845336914,
              99.13011169433594,
              92.90451049804688,
              92.62793731689453,
              91.4749755859375,
              91.40389251708984,
              93.35479736328125,
              91.19590759277344,
              91.25999450683594,
              91.4709243774414,
              93.65785217285156,
              91.34269714355469,
              93.51285552978516,
              93.4644775390625,
              96.16911315917969,
              97.37691497802734,
              96.62120056152344,
              93.2618408203125,
              93.2620849609375,
              87.27165222167969,
              90.49568939208984,
              95.2073974609375,
              93.00425720214844,
              93.00425720214844,
              97.4103775024414,
              99.12568664550781,
              98.5310287475586,
              98.28358459472656,
              98.2969970703125,
              98.23805236816406,
              98.2210693359375,
              73.99369812011719,
              49.3072395324707,
              49.006080627441406,
              68.75537872314453,
              61.428314208984375,
              62.45022964477539,
              62.419952392578125,
              61.90939712524414,
              83.7238540649414,
              86.60753631591797,
              82.23785400390625,
              79.17391204833984,
              79.31320190429688,
              78.79569244384766,
              77.04830932617188,
              75.61500549316406,
              85.98335266113281,
              86.7615966796875,
              93.066162109375,
              95.82952117919922,
              86.28577423095703,
              90.43804168701172,
              80.60380554199219,
              82.55701446533203,
              84.33216094970703,
              93.22384643554688,
              97.3602523803711,
              95.48820495605469,
              98.32127380371094,
              98.82269287109375,
              98.9841537475586,
              97.85935974121094,
              98.49337768554688,
              96.6809310913086,
              92.94918060302734,
              90.85486602783203,
              95.86772155761719,
              95.05459594726562,
              94.27021789550781,
              92.5251693725586,
              92.01073455810547,
              88.45050048828125,
              88.77427673339844,
              91.17513275146484,
              93.00855255126953,
              97.43534088134766,
              99.0063247680664,
              97.57544708251953,
              96.52957153320312,
              96.38956451416016,
              94.32042694091797,
              90.77599334716797,
              90.61549377441406,
              86.91692352294922,
              79.5782241821289,
              73.47434997558594,
              70.70842742919922,
              75.32716369628906,
              80.89456939697266,
              74.67930603027344,
              58.14352798461914,
              71.28248596191406,
              58.25189208984375,
              32.275657653808594,
              39.439579010009766,
              81.29362487792969,
              87.95306396484375,
              88.30835723876953,
              92.56476593017578,
              80.72484588623047,
              65.63602447509766,
              66.04269409179688,
              76.14263916015625,
              50.68516159057617,
              39.813758850097656,
              41.8908805847168,
              42.770938873291016,
              53.63055419921875,
              61.4036979675293,
              91.70375061035156,
              81.40570831298828,
              81.6615982055664,
              84.33014678955078,
              85.98236083984375,
              75.82780456542969,
              75.99149322509766,
              90.57293701171875,
              94.25224304199219,
              96.59712219238281,
              95.31536865234375,
              95.34171295166016,
              91.65676879882812,
              86.80072784423828,
              86.78020477294922,
              83.66886138916016,
              91.84205627441406,
              90.3520736694336,
              90.48223876953125,
              93.3025894165039,
              90.11196899414062,
              91.80559539794922,
              93.71278381347656,
              91.1753158569336,
              91.2711410522461,
              89.46812438964844,
              89.30140686035156,
              83.67440032958984,
              86.5748519897461,
              93.5098648071289,
              92.08434295654297,
              92.01996612548828,
              93.49009704589844,
              94.67414855957031,
              94.18887329101562,
              97.7777099609375,
              97.81583404541016,
              97.84075927734375,
              97.92433166503906,
              98.93803405761719,
              99.22625732421875,
              99.46707153320312,
              99.36214447021484,
              98.97772979736328,
              99.0817642211914,
              97.52410888671875,
              97.50811767578125,
              96.15475463867188,
              98.05082702636719,
              88.04723358154297,
              94.34564208984375,
              94.24864196777344,
              96.37010955810547,
              98.66531372070312,
              99.49683380126953,
              99.22759246826172,
              99.30310821533203,
              98.44123840332031,
              83.69147491455078,
              94.79938507080078,
              96.97618103027344,
              96.98980712890625,
              96.5879135131836,
              97.65994262695312,
              94.89777374267578,
              86.57921600341797,
              86.8967056274414,
              98.8580551147461,
              98.98580932617188,
              98.49178314208984,
              98.93058776855469,
              99.1946029663086,
              96.60943603515625,
              88.64794158935547,
              91.34637451171875,
              88.99005126953125,
              92.9316177368164,
              95.50353240966797,
              96.20106506347656,
              91.49798583984375,
              93.20775604248047,
              92.87301635742188,
              91.72320556640625,
              91.5737075805664,
              94.85693359375,
              97.39192962646484,
              97.40907287597656,
              97.60435485839844,
              93.38671112060547,
              77.09529876708984,
              90.80502319335938,
              90.8044204711914,
              93.30518341064453,
              93.00177764892578,
              97.31584167480469,
              98.54219818115234,
              98.52530670166016,
              98.30333709716797,
              98.5754623413086,
              97.95457458496094,
              98.85008239746094,
              98.83348846435547,
              89.3564453125,
              62.67386245727539,
              70.01316833496094,
              62.67024230957031,
              62.17414855957031,
              61.6837158203125,
              66.6000747680664,
              76.40287780761719,
              79.4217529296875,
              79.43696594238281,
              75.98163604736328,
              71.21836853027344,
              79.09524536132812,
              61.00575256347656,
              62.808387756347656,
              73.22923278808594,
              77.21054077148438,
              98.08517456054688,
              94.68470001220703,
              94.5464096069336,
              87.13603210449219,
              82.94120025634766,
              84.62738037109375,
              89.79064178466797,
              89.71182250976562,
              93.06625366210938,
              88.61447143554688,
              96.52416229248047,
              96.97716522216797,
              96.90084838867188,
              92.06149291992188,
              94.39752960205078,
              93.30543518066406,
              89.07498168945312,
              88.78376770019531,
              82.69142150878906,
              86.65229797363281,
              84.06190490722656,
              81.08441925048828,
              81.46053314208984,
              88.92219543457031,
              82.82121276855469,
              85.15288543701172,
              92.73017883300781,
              94.92996978759766,
              98.14559173583984,
              95.70038604736328,
              90.6648941040039,
              82.92267608642578,
              89.00823974609375,
              92.60895538330078,
              95.12250518798828,
              95.44632720947266,
              89.32977294921875,
              88.04179382324219,
              86.65072631835938,
              76.3586654663086,
              76.07611846923828,
              67.0721664428711,
              74.454833984375,
              70.23169708251953,
              62.3634033203125,
              82.64112854003906,
              83.1751480102539,
              87.94480895996094,
              88.61344909667969,
              91.82276153564453,
              94.45441436767578,
              94.4959945678711,
              89.58798217773438,
              74.85047149658203,
              73.7176513671875,
              58.094017028808594,
              58.5968132019043,
              49.44550323486328,
              61.34603500366211,
              52.836917877197266,
              43.66926956176758,
              43.9880256652832,
              52.847808837890625,
              84.22577667236328,
              86.00028991699219,
              84.56952667236328,
              84.67475128173828,
              82.46015167236328,
              90.65431213378906,
              88.95657348632812,
              93.07592010498047,
              93.11746215820312,
              81.43294525146484,
              86.3689956665039,
              88.91725158691406,
              90.05110168457031,
              90.04032135009766,
              93.52384185791016,
              93.32582092285156,
              90.93292999267578,
              90.12600708007812,
              93.60076141357422,
              93.45962524414062,
              91.05628204345703,
              86.78091430664062,
              90.30565643310547,
              89.53357696533203,
              83.80754852294922,
              92.6858139038086,
              91.96730041503906,
              92.59478759765625,
              92.4892807006836,
              91.0150146484375,
              93.72737884521484,
              92.81942749023438,
              98.18772888183594,
              98.2370376586914,
              98.34428405761719,
              97.74791717529297,
              98.72399139404297,
              99.10449981689453,
              99.21844482421875,
              98.96843719482422,
              99.0065689086914,
              99.05914306640625,
              98.34697723388672,
              98.33700561523438,
              97.5274887084961,
              97.6475830078125,
              95.27484130859375,
              90.93344116210938,
              90.84297943115234,
              95.04376220703125,
              94.900390625,
              98.65967559814453,
              99.4787368774414,
              99.49848937988281,
              99.43490600585938,
              96.5746078491211,
              94.80703735351562,
              97.79314422607422,
              97.80457305908203,
              97.65743255615234,
              97.35365295410156,
              95.39002227783203,
              95.08248138427734,
              95.08081817626953,
              97.51459503173828,
              99.04598999023438,
              99.37538146972656,
              99.25664520263672,
              99.25640106201172,
              99.25614929199219,
              96.7695541381836,
              93.72628784179688,
              93.67823028564453,
              99.010498046875,
              98.61499786376953,
              98.62244415283203,
              96.34326934814453,
              92.09178924560547,
              95.25188446044922,
              90.6226806640625,
              86.01190185546875,
              94.64404296875,
              98.26258087158203,
              98.06920623779297,
              97.93766784667969,
              98.28382873535156,
              95.27193450927734,
              96.57105255126953,
              96.57280731201172,
              90.86177062988281,
              90.77422332763672,
              93.24391174316406,
              86.94328308105469,
              86.94380187988281,
              97.15473937988281,
              98.12637329101562,
              98.12693786621094,
              98.54732513427734,
              98.53939819335938,
              98.44445037841797,
              97.72366333007812,
              69.88787841796875,
              57.221839904785156,
              56.39754104614258,
              44.368980407714844,
              56.717533111572266,
              56.380611419677734,
              55.58669662475586,
              55.61917495727539,
              54.256893157958984,
              59.617828369140625,
              79.85740661621094,
              88.71945190429688,
              88.38870239257812,
              75.28810119628906,
              70.56507110595703,
              94.38761901855469,
              94.53761291503906,
              94.20330047607422,
              67.05978393554688,
              70.27765655517578,
              82.22341918945312,
              83.2880859375,
              82.95389556884766,
              84.25261688232422,
              85.19705200195312,
              80.84059143066406,
              89.38211059570312,
              89.86518096923828,
              91.13362121582031,
              82.17208099365234,
              81.3897933959961,
              79.11988830566406,
              78.57820129394531,
              76.3667221069336,
              80.08161163330078,
              77.97527313232422,
              76.8453369140625,
              77.29684448242188,
              85.73414611816406,
              89.09906005859375,
              77.50948333740234,
              85.14287567138672,
              85.04730224609375,
              98.07875061035156,
              98.37828063964844,
              96.60297393798828,
              88.95137786865234,
              86.8460693359375,
              89.48326873779297,
              88.62964630126953,
              95.62291717529297,
              97.08395385742188,
              96.96866607666016,
              95.30525207519531,
              92.85948181152344,
              81.80001068115234,
              75.40420532226562,
              84.69330596923828,
              80.30265808105469,
              76.5039291381836,
              34.6811408996582,
              58.154869079589844,
              82.58550262451172,
              91.20359802246094,
              91.64732360839844,
              91.83778381347656,
              92.0990982055664,
              88.8549575805664,
              85.13115692138672,
              80.56378936767578,
              92.54829406738281,
              92.56465148925781,
              74.94363403320312,
              47.94290542602539,
              40.035247802734375,
              41.52072525024414,
              53.349761962890625,
              62.99688720703125,
              75.43241119384766,
              71.50926208496094,
              71.91667175292969,
              79.24964141845703,
              82.22238159179688,
              84.05555725097656,
              85.03719329833984,
              85.03565979003906,
              84.69581604003906,
              86.51744079589844,
              86.59700012207031,
              81.8273696899414,
              81.80069732666016,
              86.6604232788086,
              90.98147583007812,
              93.65827178955078,
              89.5738296508789,
              89.40971374511719,
              90.20730590820312,
              93.52545166015625,
              91.22230529785156,
              91.18681335449219,
              91.10420227050781,
              90.03094482421875,
              87.88390350341797,
              90.09403228759766,
              88.7296142578125,
              88.38804626464844,
              90.72288513183594,
              94.0593032836914,
              92.88570404052734,
              94.64508819580078,
              92.76409912109375,
              96.52498626708984,
              98.22815704345703,
              98.2372817993164,
              97.93582916259766,
              97.79283142089844,
              98.75637817382812,
              98.68258666992188,
              99.06391906738281,
              99.05955505371094,
              99.04727172851562,
              97.96415710449219,
              96.54562377929688,
              94.94305419921875,
              97.13223266601562,
              97.18756866455078,
              91.80120849609375,
              88.31643676757812,
              92.044921875,
              93.2389144897461,
              93.14653778076172,
              97.1112289428711,
              99.40259552001953,
              99.46464538574219,
              94.70601654052734,
              98.37159729003906,
              98.380126953125,
              99.11833953857422,
              96.98909759521484,
              97.06426239013672,
              97.04420471191406,
              96.23303985595703,
              96.87318420410156,
              97.34326934814453,
              99.36952209472656,
              99.29475402832031,
              99.55140686035156,
              99.4335708618164,
              97.59292602539062,
              96.50609588623047,
              96.5036392211914,
              97.5514144897461,
              99.58818817138672,
              99.46693420410156,
              98.62214660644531,
              98.59628295898438,
              94.58766174316406,
              96.67879486083984,
              96.44461059570312,
              96.49484252929688,
              96.5893783569336,
              99.38710021972656,
              98.5923080444336,
              98.65401458740234,
              99.0235366821289,
              99.0234146118164,
              97.47405242919922,
              97.18429565429688,
              92.97898864746094,
              87.23848724365234,
              87.24365997314453,
              90.32189178466797,
              95.19660186767578,
              97.28555297851562,
              96.45694732666016,
              94.92534637451172,
              98.34481811523438,
              98.01026153564453,
              97.53673553466797,
              93.34573364257812,
              95.68082427978516,
              79.00983428955078,
              69.23339080810547,
              63.840789794921875,
              63.67335510253906,
              86.25704956054688,
              79.4183120727539,
              73.85111236572266,
              62.19660186767578,
              67.06719970703125,
              66.88311004638672,
              83.55443572998047,
              91.31221008300781,
              75.37277221679688,
              55.31938552856445,
              56.64118576049805,
              96.80123138427734,
              90.83208465576172,
              55.689239501953125,
              69.88272094726562,
              69.12328338623047,
              79.44034576416016,
              79.45188903808594,
              86.17505645751953,
              84.19222259521484,
              84.50885009765625,
              84.69477844238281,
              74.12672424316406,
              68.75337982177734,
              91.19921875,
              91.2063980102539,
              91.04261779785156,
              82.13763427734375,
              93.1413803100586,
              91.10844421386719,
              91.16456604003906,
              91.10983276367188,
              88.6058120727539,
              89.0772705078125,
              82.81978607177734,
              82.47277069091797,
              72.94830322265625,
              98.48664093017578,
              98.99718475341797,
              98.76274108886719,
              98.24244689941406,
              97.30581665039062,
              88.007568359375,
              90.59503173828125,
              89.19873809814453,
              88.99221801757812,
              92.38544464111328,
              96.65582275390625,
              95.33509826660156,
              93.1751937866211,
              93.01538848876953,
              89.66645812988281,
              91.4013442993164,
              87.77080535888672,
              88.33859252929688,
              24.24471664428711,
              76.41845703125,
              64.353271484375,
              91.05059814453125,
              91.25732421875,
              84.20703125,
              88.84468078613281,
              92.21919250488281,
              92.29151153564453,
              91.82669067382812,
              88.70793151855469,
              89.16584014892578,
              42.908729553222656,
              39.64126968383789,
              40.578643798828125,
              52.27668762207031,
              62.600181579589844,
              69.82190704345703,
              75.11955261230469,
              75.489013671875,
              79.37582397460938,
              76.0367431640625,
              83.73937225341797,
              71.4396743774414,
              71.8377914428711,
              82.65099334716797,
              84.60221862792969,
              86.63249969482422,
              81.48782348632812,
              81.47065734863281,
              81.96245574951172,
              91.07491302490234,
              87.31163024902344,
              90.84626007080078,
              90.69371032714844,
              93.44432067871094,
              92.57947540283203,
              91.99943542480469,
              92.71300506591797,
              92.70072937011719,
              93.44096374511719,
              93.454345703125,
              93.58161163330078,
              86.42461395263672,
              86.3017807006836,
              86.48123931884766,
              91.09008026123047,
              92.41307067871094,
              90.5145034790039,
              90.5009536743164,
              95.86975860595703,
              97.32415008544922,
              96.79248809814453,
              98.53274536132812,
              98.55606842041016,
              98.51351165771484,
              98.76358795166016,
              99.07987976074219,
              99.07963562011719,
              98.3386459350586,
              98.38323974609375,
              95.27300262451172,
              93.39976501464844,
              95.23355865478516,
              97.4969711303711,
              98.2744140625,
              88.43515014648438,
              88.15287017822266,
              79.38941192626953,
              79.35356140136719,
              95.62682342529297,
              96.56137084960938,
              97.60653686523438,
              98.09019470214844,
              98.08451843261719,
              98.65319061279297,
              99.04470825195312,
              98.64512634277344,
              93.03024291992188,
              93.02891540527344,
              96.46000671386719,
              98.1711654663086,
              97.49359130859375,
              98.1793212890625,
              98.49138641357422,
              99.55663299560547,
              99.61360931396484,
              99.55056762695312,
              99.58826446533203,
              99.58878326416016,
              99.59638214111328,
              99.61701965332031,
              99.61697387695312,
              99.60968017578125,
              99.60968017578125,
              99.53084564208984,
              99.222412109375,
              99.18412780761719,
              99.09648895263672,
              99.09605407714844,
              99.34616088867188,
              99.5245361328125,
              99.38733673095703,
              99.23311614990234,
              99.2320327758789,
              99.25592041015625,
              99.02253723144531,
              98.6266860961914,
              96.49285125732422,
              96.49384307861328,
              97.39930725097656,
              97.55842590332031,
              93.08221435546875,
              90.69792938232422,
              90.70011138916016,
              96.3591079711914,
              96.2115478515625,
              98.61582946777344,
              98.72634887695312,
              98.283203125,
              96.33108520507812,
              95.99214935302734,
              83.53640747070312,
              79.11811828613281,
              94.6764144897461,
              95.97000122070312,
              86.32583618164062,
              79.17178344726562,
              72.94996643066406,
              68.0352783203125,
              71.63298797607422,
              86.43537902832031,
              87.36144256591797,
              66.92755889892578,
              67.39450073242188,
              63.04521560668945,
              97.62908172607422,
              82.17878723144531,
              56.0438346862793,
              56.06827163696289,
              68.11996459960938,
              76.36751556396484,
              83.7519302368164,
              79.521240234375,
              79.80974578857422,
              73.36547088623047,
              73.02593994140625,
              62.755714416503906,
              90.82173919677734,
              90.88389587402344,
              94.78003692626953,
              94.63477325439453,
              86.43949890136719,
              89.20125579833984,
              89.1388931274414,
              88.92444610595703,
              91.38689422607422,
              91.1585464477539,
              88.62850189208984,
              88.40567779541016,
              84.7206802368164,
              92.78766632080078,
              99.26405334472656,
              99.29832458496094,
              98.73159790039062,
              91.95243072509766,
              84.13375091552734,
              89.15216064453125,
              86.35276794433594,
              74.55158233642578,
              58.4385986328125,
              64.181884765625,
              88.37178802490234,
              84.90316772460938,
              84.98236083984375,
              85.39111328125,
              89.57962036132812,
              89.32474517822266,
              89.72445678710938,
              95.91433715820312,
              13.307537078857422,
              70.0618896484375,
              74.49486541748047,
              87.29581451416016,
              87.79364013671875,
              87.75778198242188,
              94.25126647949219,
              94.24549102783203,
              94.11285400390625,
              96.8577651977539,
              92.0242691040039,
              79.64906311035156,
              80.4951171875,
              34.75691223144531,
              50.540565490722656,
              51.653438568115234,
              69.37323760986328,
              70.00985717773438,
              75.27873992919922,
              81.58079528808594,
              82.24903106689453,
              78.2924575805664,
              71.9587173461914,
              72.63809204101562,
              78.94939422607422,
              82.697265625,
              84.86666107177734,
              90.90303039550781,
              93.6092529296875,
              87.4329605102539,
              81.9691162109375,
              83.08897399902344,
              82.92860412597656,
              87.60855865478516,
              91.03644561767578,
              90.83959197998047,
              90.73646545410156,
              90.7162094116211,
              92.82926940917969,
              92.14566802978516,
              92.85282135009766,
              88.8377685546875,
              88.72882843017578,
              87.7906723022461,
              86.21135711669922,
              90.97760772705078,
              88.13068389892578,
              88.1126708984375,
              87.70597839355469,
              90.69387817382812,
              93.55845642089844,
              96.92753601074219,
              96.96563720703125,
              98.5812759399414,
              97.98446655273438,
              98.31661224365234,
              98.77589416503906,
              98.77525329589844,
              98.24348449707031,
              92.91156768798828,
              92.7563705444336,
              91.29972839355469,
              93.05806732177734,
              98.12541961669922,
              97.50033569335938,
              95.25899505615234,
              91.76351928710938,
              91.7672348022461,
              88.64405822753906,
              84.4772720336914,
              98.25432586669922,
              96.55471801757812,
              96.63367462158203,
              94.7811508178711,
              96.32100677490234,
              98.65559387207031,
              97.91702270507812,
              0.0005353574524633586,
              93.50497436523438,
              90.98273468017578,
              98.17475891113281,
              98.722900390625,
              96.47469329833984,
              97.4942626953125,
              98.4925308227539,
              99.57661437988281,
              99.32308197021484,
              99.32268524169922,
              99.59661865234375,
              99.62031555175781,
              99.61705780029297,
              99.55073547363281,
              99.55020904541016,
              99.55073547363281,
              99.5308837890625,
              98.21456909179688,
              98.53416442871094,
              98.49758911132812,
              98.88316345214844,
              98.64124298095703,
              99.11959075927734,
              99.22730255126953,
              99.22409057617188,
              99.28958129882812,
              99.3451919555664,
              99.36148834228516,
              99.00007629394531,
              98.99813842773438,
              98.66446685791016,
              97.30078887939453,
              97.46798706054688,
              96.55985260009766,
              96.56073760986328,
              90.76713562011719,
              96.49446868896484,
              98.2289047241211,
              98.11573791503906,
              98.1178970336914,
              98.86869049072266,
              99.16621398925781,
              98.10888671875,
              98.00859069824219,
              97.9865493774414,
              96.28226470947266,
              98.02778625488281,
              97.82975006103516,
              93.66581726074219,
              93.58055114746094,
              74.39583587646484,
              68.24774169921875,
              84.74744415283203,
              86.85979461669922,
              87.09669494628906,
              72.81507110595703,
              66.95043182373047,
              73.57350158691406,
              97.75796508789062,
              97.6889877319336,
              90.98222351074219,
              62.491233825683594,
              73.16516876220703,
              80.91075134277344,
              75.06417846679688,
              83.10844421386719,
              71.22112274169922,
              85.57764434814453,
              90.98046112060547,
              81.41971588134766,
              73.31754302978516,
              78.44358825683594,
              77.90553283691406,
              85.28450775146484,
              84.97423553466797,
              82.67060089111328,
              90.54917907714844,
              90.48820495605469,
              90.74659729003906,
              90.9255142211914,
              88.29619598388672,
              87.83076477050781,
              94.40564727783203,
              97.80210876464844,
              95.08663940429688,
              88.10755920410156,
              75.03437042236328,
              79.67113494873047,
              86.1167221069336,
              82.25130462646484,
              86.35751342773438,
              76.45582580566406,
              31.017562866210938,
              7.0678277015686035,
              16.69825553894043,
              31.357515335083008,
              42.08997344970703,
              29.49598503112793,
              59.1313362121582,
              64.24380493164062,
              77.68701171875,
              87.12605285644531,
              13.83807373046875,
              22.22208595275879,
              34.636940002441406,
              60.96958541870117,
              82.16537475585938,
              90.61727905273438,
              90.97917938232422,
              95.74455261230469,
              94.05925750732422,
              96.06098175048828,
              89.24856567382812,
              89.64955139160156,
              52.92965316772461,
              34.42479705810547,
              39.27845764160156,
              41.769737243652344,
              42.720420837402344,
              57.98285675048828,
              67.36913299560547,
              75.3128433227539,
              76.0481185913086,
              76.42063903808594,
              77.053466796875,
              76.65254211425781,
              85.02871704101562,
              85.01779174804688,
              86.99949645996094,
              87.49436950683594,
              87.55785369873047,
              81.62848663330078,
              83.04106140136719,
              83.01264953613281,
              87.7958984375,
              87.86768341064453,
              91.1483383178711,
              90.94943237304688,
              90.99864196777344,
              91.095947265625,
              90.16558074951172,
              90.08063507080078,
              96.1854248046875,
              96.20333862304688,
              95.1226806640625,
              92.70929718017578,
              94.74960327148438,
              91.1035385131836,
              91.02437591552734,
              88.27406311035156,
              90.58956909179688,
              93.56903076171875,
              97.75399780273438,
              97.83556365966797,
              98.09223175048828,
              96.65801239013672,
              95.08784484863281,
              95.4025650024414,
              94.148681640625,
              97.13665771484375,
              90.83556365966797,
              84.42485046386719,
              91.30104064941406,
              93.15899658203125,
              98.30309295654297,
              99.0675277709961,
              98.7693099975586,
              97.56672668457031,
              97.53707885742188,
              93.31594848632812,
              91.56291198730469,
              91.5064926147461,
              95.19216918945312,
              95.19001007080078,
              97.12029266357422,
              95.57111358642578,
              97.86042785644531,
              94.84065246582031,
              94.98838806152344,
              94.90612030029297,
              96.3656005859375,
              96.36356353759766,
              97.34691619873047,
              91.21961975097656,
              83.97695922851562,
              91.2070083618164,
              96.3479995727539,
              98.81419372558594,
              95.69693756103516,
              94.76426696777344,
              93.90658569335938,
              97.690673828125,
              98.7548828125,
              98.7671127319336,
              98.57249450683594,
              96.81163787841797,
              98.20858001708984,
              98.1667251586914,
              98.15260314941406,
              98.22367858886719,
              99.10298919677734,
              99.17375183105469,
              99.34721374511719,
              99.34906005859375,
              99.17718505859375,
              99.28018951416016,
              99.11759948730469,
              99.19420623779297,
              99.19099426269531,
              99.09278869628906,
              98.69636535644531,
              98.69412994384766,
              98.11469268798828,
              98.1155776977539,
              97.53749084472656,
              93.15145874023438,
              96.56909942626953,
              97.3892593383789,
              97.39167785644531,
              98.29351043701172,
              95.70574188232422,
              98.09867858886719,
              99.4146728515625,
              99.41470336914062,
              98.87068176269531,
              98.01979064941406,
              97.86954498291016,
              98.73014831542969,
              98.7236328125,
              97.07080078125,
              69.23965454101562,
              66.7789535522461,
              79.71421813964844,
              79.56098175048828,
              61.38115692138672,
              68.5832748413086,
              56.126277923583984,
              86.16104125976562,
              86.74568176269531,
              99.27381896972656,
              86.28536224365234,
              60.85545349121094,
              75.53478240966797,
              74.49689483642578,
              69.39707946777344,
              71.05655670166016,
              77.74840545654297,
              94.51924133300781,
              71.97625732421875,
              67.0009765625,
              66.99920654296875,
              80.97538757324219,
              85.77742004394531,
              88.02867889404297,
              86.32231903076172,
              88.13584899902344,
              91.14348602294922,
              91.11863708496094,
              92.85511016845703,
              90.54103088378906,
              88.84651947021484,
              85.33599853515625,
              95.11014556884766,
              87.62723541259766,
              96.63861083984375,
              97.2323226928711,
              97.50033569335938,
              97.54771423339844,
              80.0351791381836,
              87.99764251708984,
              94.19066619873047,
              87.95922088623047,
              47.436038970947266,
              21.58146858215332,
              5.346230983734131,
              11.03551197052002,
              19.35325050354004,
              28.439790725708008,
              32.976646423339844,
              48.055702209472656,
              54.184974670410156,
              75.62662506103516,
              2.9478282928466797,
              4.873254776000977,
              18.980377197265625,
              33.21695327758789,
              77.34744262695312,
              87.77555847167969,
              93.87142944335938,
              84.0143051147461,
              91.59198760986328,
              92.05571746826172,
              94.51671600341797,
              72.68940734863281,
              33.77543258666992,
              26.571178436279297,
              26.858673095703125,
              52.19001007080078,
              60.385311126708984,
              66.68531799316406,
              66.85254669189453,
              67.33661651611328,
              79.27542877197266,
              75.64530181884766,
              71.83283233642578,
              76.7027816772461,
              76.89409637451172,
              79.47887420654297,
              81.88060760498047,
              86.68421936035156,
              86.64486694335938,
              86.6105728149414,
              86.99467468261719,
              87.78385162353516,
              91.29769134521484,
              87.68585968017578,
              88.02632141113281,
              87.80091094970703,
              87.88611602783203,
              87.86366271972656,
              86.5601806640625,
              87.90573120117188,
              87.28730773925781,
              96.25202178955078,
              95.38416290283203,
              95.40692901611328,
              90.75686645507812,
              93.03668975830078,
              0.0005526673048734665,
              88.18940734863281,
              90.99793243408203,
              90.98409271240234,
              97.34757232666016,
              98.81312561035156,
              98.31903076171875,
              93.30944061279297,
              93.20881652832031,
              93.30010986328125,
              94.08939361572266,
              94.04534912109375,
              94.13233947753906,
              94.09320068359375,
              91.86485290527344,
              93.95407104492188,
              97.64242553710938,
              98.71536254882812,
              98.71605682373047,
              97.5508041381836,
              97.70698547363281,
              97.47655487060547,
              96.33534240722656,
              96.31291198730469,
              95.85376739501953,
              97.1231689453125,
              95.9459228515625,
              94.29280090332031,
              94.18941497802734,
              93.91276550292969,
              95.86610412597656,
              95.06861877441406,
              97.4482650756836,
              97.91167449951172,
              93.2561264038086,
              84.02037811279297,
              83.66516876220703,
              93.05294799804688,
              93.04120635986328,
              90.55242919921875,
              83.58800506591797,
              90.45298767089844,
              87.97008514404297,
              87.87565612792969,
              96.69844055175781,
              98.14946746826172,
              98.65733337402344,
              97.45503997802734,
              98.23687744140625,
              97.52880096435547,
              96.18417358398438,
              97.92285919189453,
              98.72322082519531,
              97.1329574584961,
              98.40650939941406,
              98.98726654052734,
              99.25069427490234,
              99.44550323486328,
              99.32710266113281,
              99.35649871826172,
              99.17948913574219,
              99.46453857421875,
              99.34102630615234,
              99.34321594238281,
              98.22090911865234,
              98.11544799804688,
              98.86772918701172,
              98.48992919921875,
              98.4824447631836,
              97.93339538574219,
              98.12432861328125,
              98.86711883544922,
              97.8998794555664,
              97.88803100585938,
              97.92938995361328,
              98.87625885009766,
              97.16592407226562,
              97.08059692382812,
              97.08133697509766,
              97.69212341308594,
              98.8824462890625,
              89.6365966796875,
              48.4241943359375,
              48.45872116088867,
              40.877197265625,
              66.5325927734375,
              82.91780090332031,
              86.92230987548828,
              86.73298645019531,
              80.02454376220703,
              98.38248443603516,
              98.6479721069336,
              93.17952728271484,
              92.85152435302734,
              65.43106079101562,
              70.44744873046875,
              87.60285949707031,
              88.65865325927734,
              88.85404968261719,
              77.89814758300781,
              73.69972229003906,
              69.31558990478516,
              73.96094512939453,
              72.39555358886719,
              87.72891998291016,
              92.69591522216797,
              94.81427764892578,
              96.13650512695312,
              96.16617584228516,
              96.56683349609375,
              94.08667755126953,
              90.74136352539062,
              91.20756530761719,
              91.09416198730469,
              93.24368286132812,
              90.65792083740234,
              96.38157653808594,
              98.16680908203125,
              77.42501831054688,
              62.47517395019531,
              67.31170654296875,
              70.31829071044922,
              66.06562805175781,
              48.633827209472656,
              69.05746459960938,
              49.30702590942383,
              5.390295028686523,
              6.480851650238037,
              14.126785278320312,
              40.285400390625,
              61.16191864013672,
              68.12557220458984,
              72.52616119384766,
              85.96614837646484,
              1.2917174100875854,
              3.081843376159668,
              5.145054817199707,
              6.009301662445068,
              76.85362243652344,
              83.49545288085938,
              83.7964096069336,
              62.60172653198242,
              63.15326690673828,
              79.07816314697266,
              78.7236328125,
              51.37065505981445,
              47.54032516479492,
              49.24749755859375,
              40.17167663574219,
              40.248252868652344,
              69.64826202392578,
              75.02174377441406,
              75.40090942382812,
              80.94178771972656,
              85.85352325439453,
              84.43698120117188,
              76.32332611083984,
              76.54256439208984,
              76.9327163696289,
              82.65264129638672,
              87.54110717773438,
              81.95858001708984,
              81.896728515625,
              81.85661315917969,
              81.84196472167969,
              81.93445587158203,
              87.7941665649414,
              87.68142700195312,
              88.1300277709961,
              87.99333190917969,
              95.39744567871094,
              87.13897705078125,
              87.11099243164062,
              90.96771240234375,
              90.79067993164062,
              95.12605285644531,
              90.95828247070312,
              91.0575180053711,
              93.66149139404297,
              95.39227294921875,
              93.22550201416016,
              87.86802673339844,
              94.32366943359375,
              95.91572570800781,
              97.63359069824219,
              96.61349487304688,
              90.9471206665039,
              90.93864440917969,
              93.58291625976562,
              93.67011260986328,
              93.20050048828125,
              92.68911743164062,
              92.63375091552734,
              92.5107650756836,
              89.19490051269531,
              91.69593811035156,
              97.47553253173828,
              97.47381591796875,
              97.47537231445312,
              96.31024932861328,
              97.63186645507812,
              96.67754364013672,
              96.67948150634766,
              97.44548034667969,
              97.15125274658203,
              95.82948303222656,
              95.79888916015625,
              95.95367431640625,
              94.26423645019531,
              94.22225952148438,
              97.08174133300781,
              97.07875061035156,
              95.08077239990234,
              93.27698516845703,
              87.98619842529297,
              84.06803894042969,
              84.05170440673828,
              87.95005798339844,
              89.73556518554688,
              83.46509552001953,
              78.0472640991211,
              78.01019287109375,
              87.760498046875,
              89.59228515625,
              95.80159759521484,
              97.50348663330078,
              97.48099517822266,
              98.70623779296875,
              96.39344787597656,
              96.55326843261719,
              97.37641143798828,
              97.3765869140625,
              96.89877319335938,
              97.0107192993164,
              96.62273406982422,
              98.21166229248047,
              98.20048522949219,
              98.97053527832031,
              98.97077178955078,
              99.06800079345703,
              99.42840576171875,
              99.50382995605469,
              99.3599624633789,
              99.45401763916016,
              99.41185760498047,
              99.1207504272461,
              98.54528045654297,
              98.54581451416016,
              97.1573715209961,
              96.2232894897461,
              97.14981079101562,
              98.86756134033203,
              98.86307525634766,
              99.04667663574219,
              99.19203186035156,
              99.00019073486328,
              98.8758544921875,
              98.87602233886719,
              98.74431610107422,
              98.74354553222656,
              99.27777862548828,
              97.60829162597656,
              97.55010986328125,
              89.3792724609375,
              79.18462371826172,
              95.99166870117188,
              92.04975128173828,
              92.1572265625,
              0.0005685896030627191,
              0.0005473470664583147,
              0.0004868167743552476,
              74.37175750732422,
              74.72645568847656,
              98.58486938476562,
              99.19828796386719,
              99.0853271484375,
              99.42740631103516,
              99.42744445800781,
              96.6426010131836,
              75.46424102783203,
              80.00334167480469,
              81.21736907958984,
              81.3309097290039,
              86.26142883300781,
              95.70923614501953,
              96.61294555664062,
              96.7542495727539,
              96.63074493408203,
              94.61163330078125,
              97.84527587890625,
              95.97907257080078,
              94.59733581542969,
              94.38343811035156,
              97.10202026367188,
              97.99382019042969,
              97.33136749267578,
              97.86476135253906,
              97.74492645263672,
              92.82093048095703,
              86.71267700195312,
              84.5930404663086,
              78.56269073486328,
              73.51563262939453,
              81.9383544921875,
              83.55567169189453,
              55.79751205444336,
              10.48896312713623,
              9.36243724822998,
              30.087543487548828,
              57.35944366455078,
              63.17946243286133,
              73.99186706542969,
              73.07119750976562,
              81.88972473144531,
              0.9876868724822998,
              2.4866840839385986,
              4.824533939361572,
              34.27618408203125,
              82.56309509277344,
              76.50310516357422,
              62.448631286621094,
              61.44770812988281,
              51.57075500488281,
              61.377967834472656,
              70.97079467773438,
              55.64387893676758,
              66.281494140625,
              49.17600631713867,
              40.42502212524414,
              50.681365966796875,
              51.294769287109375,
              62.25823211669922,
              78.5952377319336,
              80.38060760498047,
              89.62043762207031,
              89.79367065429688,
              86.20535278320312,
              79.72148895263672,
              75.7613754272461,
              75.91974639892578,
              76.01393127441406,
              83.01121520996094,
              83.88064575195312,
              83.03339385986328,
              83.1501693725586,
              83.12667846679688,
              88.17546081542969,
              90.95564270019531,
              87.32129669189453,
              87.57582092285156,
              87.55115509033203,
              96.76390075683594,
              93.58648681640625,
              95.37020874023438,
              96.74899291992188,
              96.7437744140625,
              96.69827270507812,
              96.70941925048828,
              96.70533752441406,
              95.46286010742188,
              95.4552993774414,
              93.20850372314453,
              94.44218444824219,
              95.04364013671875,
              95.27412414550781,
              95.17240905761719,
              90.79362487792969,
              89.10775756835938,
              88.19671630859375,
              92.76798248291016,
              90.52751922607422,
              91.00492858886719,
              93.44148254394531,
              90.28018188476562,
              88.87602996826172,
              84.49375915527344,
              82.4354019165039,
              90.79649353027344,
              92.88609313964844,
              94.06732177734375,
              87.25601196289062,
              92.89885711669922,
              96.63624572753906,
              95.96502685546875,
              93.25325775146484,
              93.21118927001953,
              96.55547332763672,
              95.9332275390625,
              94.44155883789062,
              94.24116516113281,
              94.23623657226562,
              92.93013000488281,
              91.080322265625,
              88.03766632080078,
              87.02469635009766,
              87.01339721679688,
              83.93834686279297,
              83.20606994628906,
              86.64849090576172,
              83.49453735351562,
              83.46142578125,
              83.42828369140625,
              87.67205810546875,
              93.41378021240234,
              98.22550964355469,
              98.20993041992188,
              98.69284057617188,
              98.70539093017578,
              97.52997589111328,
              96.54773712158203,
              96.51432037353516,
              0.000461816496681422,
              0.00047097704373300076,
              95.85269927978516,
              96.65606689453125,
              96.6302490234375,
              98.47567749023438,
              99.00108337402344,
              99.2035903930664,
              99.39594268798828,
              99.39623260498047,
              99.2780990600586,
              99.32405090332031,
              99.27877807617188,
              98.9620132446289,
              98.96269226074219,
              99.2874755859375,
              98.95384216308594,
              94.7295150756836,
              94.942626953125,
              93.29402160644531,
              96.57967376708984,
              99.37518310546875,
              99.51941680908203,
              99.38990783691406,
              99.25911712646484,
              99.37055969238281,
              99.3070068359375,
              99.21170043945312,
              99.21178436279297,
              96.34687042236328,
              97.82575988769531,
              98.30000305175781,
              97.1329116821289,
              96.40686798095703,
              96.49637603759766,
              96.49942779541016,
              0.000548816635273397,
              80.26561737060547,
              82.44341278076172,
              82.21475219726562,
              78.2296142578125,
              62.497745513916016,
              94.59480285644531,
              98.79869842529297,
              98.7989730834961,
              99.56694030761719,
              98.3785171508789,
              85.04432678222656,
              71.69536590576172,
              71.38850402832031,
              79.09721374511719,
              86.22445678710938,
              94.72791290283203,
              95.67467498779297,
              95.5039291381836,
              95.39640808105469,
              95.50598907470703,
              97.35237884521484,
              97.8293685913086,
              97.97113800048828,
              98.3210220336914,
              97.59822082519531,
              97.1902847290039,
              98.5986557006836,
              98.60786437988281,
              97.08589935302734,
              98.61306762695312,
              99.1554946899414,
              98.62712860107422,
              98.87646484375,
              97.7575912475586,
              94.85223388671875,
              87.80477142333984,
              89.26174926757812,
              65.08544158935547,
              59.16627502441406,
              59.009193420410156,
              60.55146026611328,
              60.884239196777344,
              67.7799072265625,
              70.41435241699219,
              64.55554962158203,
              77.34970092773438,
              0.34545618295669556,
              1.9568737745285034,
              12.284920692443848,
              61.170684814453125,
              76.05045318603516,
              76.35392761230469,
              58.602684020996094,
              48.31242370605469,
              33.46855163574219,
              38.91263198852539,
              31.82758331298828,
              44.231903076171875,
              56.96674728393555,
              39.07618713378906,
              27.621173858642578,
              50.624446868896484,
              68.6953125,
              76.71141815185547,
              77.7221450805664,
              85.60143280029297,
              85.830078125,
              89.85592651367188,
              86.18010711669922,
              81.57971954345703,
              75.22134399414062,
              75.37055969238281,
              75.95692443847656,
              91.11856079101562,
              99.35771942138672,
              91.14950561523438,
              91.13858795166016,
              75.33998107910156,
              87.8366928100586,
              91.16522216796875,
              82.65667724609375,
              82.88581848144531,
              87.44666290283203,
              87.42522430419922,
              95.44770812988281,
              96.79740142822266,
              96.81295013427734,
              95.45721435546875,
              96.86225128173828,
              96.57831573486328,
              96.59567260742188,
              95.35609436035156,
              96.69418334960938,
              92.80523681640625,
              92.9442138671875,
              92.73106384277344,
              90.66108703613281,
              91.01577758789062,
              87.4179458618164,
              90.23956298828125,
              90.22420501708984,
              90.14725494384766,
              92.91007232666016,
              90.99641418457031,
              90.75025939941406,
              90.74790954589844,
              90.23395538330078,
              78.73606872558594,
              75.34857177734375,
              78.14077758789062,
              82.56838989257812,
              93.61841583251953,
              92.84566497802734,
              95.81813049316406,
              96.95734405517578,
              96.9392318725586,
              93.21410369873047,
              91.47466278076172,
              97.08789825439453,
              92.83814239501953,
              92.01255798339844,
              88.86134338378906,
              91.01740264892578,
              92.93949127197266,
              91.27252197265625,
              83.68959045410156,
              83.68263244628906,
              78.17729187011719,
              77.7344970703125,
              84.49983215332031,
              84.46720886230469,
              83.88436889648438,
              71.2347183227539,
              78.31465148925781,
              91.21797180175781,
              91.1936264038086,
              98.28374481201172,
              98.6574935913086,
              98.70635223388672,
              98.18316650390625,
              98.17841339111328,
              96.53913116455078,
              96.41435241699219,
              96.0760269165039,
              95.87591552734375,
              95.83885192871094,
              93.97067260742188,
              96.59046936035156,
              99.21803283691406,
              99.2435531616211,
              99.2469253540039,
              99.17082214355469,
              99.1988525390625,
              99.34644317626953,
              99.44560241699219,
              99.44583129882812,
              99.44603729248047,
              99.20520782470703,
              99.28465270996094,
              99.37776184082031,
              96.3177719116211,
              96.35075378417969,
              98.2195053100586,
              99.4139404296875,
              99.4111099243164,
              99.28710174560547,
              99.2896957397461,
              98.03834533691406,
              97.41559600830078,
              95.91597747802734,
              95.14453125,
              93.47602844238281,
              86.35894012451172,
              89.20560455322266,
              91.8696060180664,
              93.65390014648438,
              89.1662368774414,
              0.0004714949172921479,
              91.66048431396484,
              89.33731842041016,
              86.26351165771484,
              80.58099365234375,
              76.44046020507812,
              76.66109466552734,
              71.73686981201172,
              76.49147033691406,
              76.96436309814453,
              97.32611846923828,
              98.46405792236328,
              84.63819122314453,
              78.73329162597656,
              78.15116882324219,
              71.79383850097656,
              70.68621826171875,
              83.14044189453125,
              93.17163848876953,
              93.01881408691406,
              95.60702514648438,
              94.1746597290039,
              90.96710968017578,
              89.76776885986328,
              93.87470245361328,
              97.11231231689453,
              98.03797912597656,
              98.62469482421875,
              96.78567504882812,
              98.16038513183594,
              98.97219848632812,
              98.19060516357422,
              96.69568634033203,
              92.569091796875,
              97.0057373046875,
              98.4425048828125,
              91.10076904296875,
              89.74517822265625,
              90.34211730957031,
              86.28358459472656,
              85.72642517089844,
              76.25577545166016,
              77.4290771484375,
              79.88824462890625,
              77.35948944091797,
              71.51719665527344,
              65.28378295898438,
              68.31306457519531,
              76.18982696533203,
              0.16977651417255402,
              1.6708731651306152,
              23.080984115600586,
              55.89271926879883,
              62.602264404296875,
              11.811863899230957,
              32.65066909790039,
              64.79730224609375,
              66.22946166992188,
              31.560791015625,
              12.731240272521973,
              44.80140686035156,
              47.03498840332031,
              48.4912223815918,
              58.543121337890625,
              59.07440185546875,
              87.0430908203125,
              82.26918029785156,
              82.53466033935547,
              82.43930053710938,
              81.42224884033203,
              86.24332427978516,
              86.04491424560547,
              79.04380798339844,
              81.51934814453125,
              81.88098907470703,
              82.12921142578125,
              96.6811294555664,
              86.37474060058594,
              98.69393157958984,
              96.32514953613281,
              79.1222152709961,
              95.46082305908203,
              95.48736572265625,
              95.40856170654297,
              93.5823745727539,
              87.85758972167969,
              95.31421661376953,
              95.30909729003906,
              97.5978775024414,
              97.6897964477539,
              95.20756530761719,
              96.6910629272461,
              96.70616149902344,
              96.74736022949219,
              90.76958465576172,
              90.07762145996094,
              90.82859802246094,
              90.61415100097656,
              90.84032440185547,
              93.2836685180664,
              93.46851348876953,
              90.79293823242188,
              90.78841400146484,
              91.01356506347656,
              93.33768463134766,
              93.52545166015625,
              93.52336883544922,
              93.52249145507812,
              93.39227294921875,
              87.6561508178711,
              83.60453033447266,
              65.9112319946289,
              72.69205474853516,
              82.92869567871094,
              91.65345764160156,
              93.66548919677734,
              88.18698120117188,
              88.11646270751953,
              91.70611572265625,
              91.47926330566406,
              87.82612609863281,
              95.0966796875,
              95.09849548339844,
              88.8751220703125,
              84.45081329345703,
              87.52704620361328,
              85.92964172363281,
              82.16551208496094,
              78.29879760742188,
              78.7005615234375,
              71.5116195678711,
              82.10157012939453,
              78.01729583740234,
              83.50389862060547,
              71.86321258544922,
              71.29747009277344,
              83.34341430664062,
              83.16075134277344,
              91.1490707397461,
              97.342041015625,
              98.69373321533203,
              98.67149353027344,
              98.67613220214844,
              96.45313262939453,
              96.53268432617188,
              94.95601654052734,
              96.1964111328125,
              0.0004609320603776723,
              96.99750518798828,
              96.72291564941406,
              98.98973846435547,
              99.2385025024414,
              99.23219299316406,
              99.41563415527344,
              99.36302185058594,
              99.09342956542969,
              99.44466400146484,
              99.4451904296875,
              99.51717376708984,
              99.34699249267578,
              99.34744262695312,
              98.95671081542969,
              98.95804595947266,
              99.30915832519531,
              99.2259292602539,
              99.58906555175781,
              99.51158905029297,
              99.51593017578125,
              99.50170135498047,
              99.31381225585938,
              99.36007690429688,
              97.57298278808594,
              97.54269409179688,
              94.92508697509766,
              89.68534851074219,
              89.2022705078125,
              93.3958969116211,
              93.35244750976562,
              91.40117645263672,
              90.94000244140625,
              92.76542663574219,
              90.37623596191406,
              90.15911865234375,
              79.81169128417969,
              79.65988159179688,
              75.6925048828125,
              76.81739044189453,
              77.73677825927734,
              78.18669128417969,
              78.05278778076172,
              78.05874633789062,
              77.48099517822266,
              79.86554718017578,
              80.93189239501953,
              78.3389663696289,
              79.07908630371094,
              72.86565399169922,
              90.56659698486328,
              88.11245727539062,
              93.61328125,
              96.66181182861328,
              96.59980010986328,
              96.30654907226562,
              93.81031036376953,
              94.95085144042969,
              98.28699493408203,
              97.95245361328125,
              98.91470336914062,
              96.72019958496094,
              98.65097045898438,
              99.22132873535156,
              96.77330017089844,
              83.00834655761719,
              89.63084411621094,
              94.8510971069336,
              86.93901062011719,
              84.65238952636719,
              83.19256591796875,
              87.14855194091797,
              93.47293090820312,
              94.4210433959961,
              88.00748443603516,
              86.60386657714844,
              87.12628173828125,
              81.50341796875,
              81.39190673828125,
              68.00426483154297,
              72.60012817382812,
              79.43560028076172,
              0.14535005390644073,
              2.3313486576080322,
              8.751352310180664,
              32.25208282470703,
              4.533152103424072,
              1.279825210571289,
              0.42359885573387146,
              1.7488234043121338,
              62.989322662353516,
              45.661705017089844,
              16.98778533935547,
              52.00223922729492,
              55.526023864746094,
              52.6295051574707,
              43.224220275878906,
              53.8016242980957,
              82.03176879882812,
              82.42002868652344,
              83.05074310302734,
              85.72664642333984,
              82.79167938232422,
              75.61032104492188,
              75.96630096435547,
              82.08995819091797,
              79.39655303955078,
              79.54061889648438,
              79.82345581054688,
              85.09590911865234,
              79.90312194824219,
              83.51048278808594,
              84.86013793945312,
              84.84103393554688,
              82.07695007324219,
              81.82051086425781,
              87.46932983398438,
              93.78736114501953,
              87.42180633544922,
              87.40751647949219,
              95.40863800048828,
              97.59624481201172,
              97.67465209960938,
              96.76004028320312,
              95.44677734375,
              93.65797424316406,
              91.0296401977539,
              89.88227081298828,
              90.89710235595703,
              90.68743896484375,
              91.0532455444336,
              90.83202362060547,
              93.08116912841797,
              93.12596130371094,
              93.11835479736328,
              93.41246795654297,
              93.48649597167969,
              94.20414733886719,
              94.24211120605469,
              95.26954650878906,
              94.80015563964844,
              93.64842224121094,
              91.908203125,
              92.01226043701172,
              82.61148071289062,
              76.81195068359375,
              77.42974090576172,
              0.0006433650269173086,
              90.82727813720703,
              91.46745300292969,
              79.87747955322266,
              85.69124603271484,
              93.27571868896484,
              93.27806091308594,
              88.02570343017578,
              86.44705200195312,
              89.98426818847656,
              88.35554504394531,
              88.345703125,
              83.85032653808594,
              78.3934326171875,
              71.69287109375,
              71.67008209228516,
              71.42745971679688,
              71.36511993408203,
              63.49890899658203,
              71.80675506591797,
              62.32525634765625,
              62.205322265625,
              71.72999572753906,
              78.13703918457031,
              91.15676879882812,
              98.10228729248047,
              98.09700012207031,
              97.48051452636719,
              96.46109008789062,
              97.40741729736328,
              96.40802764892578,
              92.6632308959961,
              94.6298599243164,
              96.14384460449219,
              95.97727966308594,
              96.95611572265625,
              97.78636932373047,
              99.07952117919922,
              99.19750213623047,
              98.5800552368164,
              99.20207977294922,
              99.20989227294922,
              99.44277954101562,
              99.58320617675781,
              99.47351837158203,
              99.0963363647461,
              99.20094299316406,
              99.20203399658203,
              99.11595153808594,
              99.18025207519531,
              99.36189270019531,
              99.11530303955078,
              99.10816192626953,
              98.87173461914062,
              99.36547088623047,
              99.36378479003906,
              99.3371353149414,
              99.33291625976562,
              97.6785888671875,
              89.21681213378906,
              86.32078552246094,
              89.20092010498047,
              89.13470458984375,
              91.0777359008789,
              92.75650024414062,
              92.38166046142578,
              92.11654663085938,
              92.11712646484375,
              87.14620208740234,
              79.65301513671875,
              79.55106353759766,
              79.19396209716797,
              80.01617431640625,
              77.25577545166016,
              76.09613800048828,
              66.32343292236328,
              71.41739654541016,
              70.87115478515625,
              73.96154022216797,
              79.59296417236328,
              87.04093170166016,
              86.01000213623047,
              86.4770736694336,
              95.88514709472656,
              94.94389343261719,
              96.25824737548828,
              96.7158203125,
              97.97469329833984,
              97.93241119384766,
              97.75715637207031,
              98.13253021240234,
              98.53356170654297,
              97.33836364746094,
              96.76055145263672,
              96.4574966430664,
              92.9732894897461,
              88.81331634521484,
              88.84750366210938,
              85.9411392211914,
              90.59871673583984,
              91.52427673339844,
              84.71598052978516,
              80.71388244628906,
              75.59210205078125,
              79.36190795898438,
              88.18195343017578,
              83.79176330566406,
              88.99723052978516,
              85.95893096923828,
              78.71656036376953,
              81.9475326538086,
              74.12103271484375,
              74.92877197265625,
              73.44915008544922,
              79.91414642333984,
              0.3135368525981903,
              0.8118537068367004,
              2.9768505096435547,
              4.88331413269043,
              1.8589656352996826,
              0.16483023762702942,
              0.011074964888393879,
              0.027661480009555817,
              63.08015060424805,
              34.955650329589844,
              35.275211334228516,
              16.032236099243164,
              52.92698669433594,
              40.737060546875,
              42.14948272705078,
              43.1975212097168,
              66.2136001586914,
              73.99251556396484,
              66.8918685913086,
              67.87601470947266,
              63.05503845214844,
              81.49105834960938,
              77.48780059814453,
              81.34681701660156,
              81.48493957519531,
              81.75655364990234,
              84.63599395751953,
              79.5960693359375,
              79.71764373779297,
              81.7442626953125,
              81.72508239746094,
              82.78653717041016,
              82.77474975585938,
              82.74256134033203,
              76.63633728027344,
              76.6134033203125,
              86.88520050048828,
              86.55843353271484,
              93.40971374511719,
              96.7450942993164,
              92.989013671875,
              90.04959106445312,
              87.4171371459961,
              90.9286117553711,
              90.16856384277344,
              91.20246887207031,
              91.186279296875,
              93.65938568115234,
              90.80498504638672,
              90.72218322753906,
              87.01922607421875,
              90.10906982421875,
              93.32257843017578,
              90.36552429199219,
              90.61986541748047,
              90.61314392089844,
              93.97315979003906,
              95.1871566772461,
              94.10501861572266,
              93.34274291992188,
              93.1655044555664,
              94.7576904296875,
              90.77745056152344,
              87.2711181640625,
              82.82616424560547,
              82.94931030273438,
              93.23062133789062,
              94.3687515258789,
              85.16658782958984,
              88.39713287353516,
              88.40779876708984,
              88.41635131835938,
              79.83757019042969,
              70.89651489257812,
              90.00248718261719,
              90.00349426269531,
              88.29911041259766,
              82.88406372070312,
              72.97138214111328,
              63.328529357910156,
              63.06895446777344,
              71.5434341430664,
              71.44962310791016,
              63.58811950683594,
              63.9989128112793,
              63.86146545410156,
              52.76411819458008,
              71.3260498046875,
              71.22488403320312,
              84.51090240478516,
              84.57830810546875,
              96.54742431640625,
              93.1144027709961,
              93.08790588378906,
              92.97250366210938,
              92.94401550292969,
              92.53597259521484,
              92.50262451171875,
              96.10328674316406,
              96.0926742553711,
              97.3563232421875,
              98.43750762939453,
              98.81888580322266,
              98.92829895019531,
              99.20327758789062,
              99.18230438232422,
              99.4524154663086,
              99.52308654785156,
              99.61268615722656,
              99.56061553955078,
              99.5078125,
              99.27450561523438,
              99.00300598144531,
              99.15674591064453,
              99.00585174560547,
              98.99236297607422,
              97.93645477294922,
              97.48648071289062,
              99.11634826660156,
              99.1642837524414,
              99.15790557861328,
              98.58938598632812,
              96.06385040283203,
              93.00236511230469,
              93.42375183105469,
              93.38398742675781,
              91.69192504882812,
              91.26387023925781,
              84.86082458496094,
              80.64359283447266,
              80.72259521484375,
              79.57015991210938,
              81.17835998535156,
              77.97362518310547,
              78.62411499023438,
              77.9444580078125,
              79.22840118408203,
              75.93238067626953,
              79.48027038574219,
              77.11246490478516,
              77.43513488769531,
              71.4217300415039,
              83.5287094116211,
              74.10520935058594,
              81.76878356933594,
              81.6316146850586,
              87.84066772460938,
              85.00525665283203,
              94.4566879272461,
              96.45153045654297,
              96.55667114257812,
              97.9466552734375,
              96.91253662109375,
              97.8577880859375,
              97.8423080444336,
              97.87476348876953,
              98.26446533203125,
              96.95781707763672,
              96.30992126464844,
              93.30355834960938,
              81.90203094482422,
              79.31753540039062,
              74.93009185791016,
              87.67544555664062,
              96.75448608398438,
              95.05017852783203,
              71.55415344238281,
              80.31534576416016,
              79.90809631347656,
              79.17298889160156,
              84.22808837890625,
              94.7852783203125,
              95.87325286865234,
              92.96221160888672,
              90.7261734008789,
              86.88656616210938,
              83.29166412353516,
              84.69906616210938,
              87.46862030029297,
              91.23094940185547,
              0.407407283782959,
              1.392792820930481,
              4.591310977935791,
              2.095001459121704,
              0.8903540372848511,
              0.4990355670452118,
              0.18830224871635437,
              0.5394718647003174,
              39.30812072753906,
              2.0655641492339782e-05,
              22.486120223999023,
              16.94277000427246,
              37.69834899902344,
              30.843612670898438,
              22.227205276489258,
              22.07101058959961,
              44.55945587158203,
              44.533233642578125,
              45.90796661376953,
              34.326438903808594,
              50.99500274658203,
              63.67610168457031,
              55.66357421875,
              55.395530700683594,
              74.5691909790039,
              75.02479553222656,
              76.01665496826172,
              79.41988372802734,
              79.54265594482422,
              84.78326416015625,
              86.28398895263672,
              86.5809097290039,
              81.38215637207031,
              81.49400329589844,
              82.6949691772461,
              81.31425476074219,
              79.76795959472656,
              86.45287322998047,
              86.5245590209961,
              95.42453002929688,
              92.98128509521484,
              86.56218719482422,
              86.22269439697266,
              86.40214538574219,
              91.00079345703125,
              91.15333557128906,
              91.19479370117188,
              90.81946563720703,
              90.67459869384766,
              82.86404418945312,
              87.40855407714844,
              90.83377075195312,
              87.47432708740234,
              87.55036926269531,
              86.27904510498047,
              90.7314453125,
              93.13712310791016,
              95.70480346679688,
              94.3039321899414,
              91.0519790649414,
              91.29219818115234,
              93.13311004638672,
              93.9222183227539,
              86.21126556396484,
              71.72501373291016,
              76.83981323242188,
              93.46699523925781,
              83.68111419677734,
              85.76573944091797,
              88.32335662841797,
              88.33206176757812,
              87.17344665527344,
              70.90299224853516,
              70.94694519042969,
              71.48883056640625,
              81.96123504638672,
              87.55036926269531,
              86.35395812988281,
              86.34821319580078,
              86.27185821533203,
              79.44110870361328,
              76.29454040527344,
              71.3038558959961,
              71.19046783447266,
              63.49281692504883,
              63.63176727294922,
              71.4542465209961,
              71.34465026855469,
              71.23762512207031,
              71.6153793334961,
              96.22034454345703,
              90.20536804199219,
              90.66861724853516,
              90.62999725341797,
              90.50466918945312,
              94.90339660644531,
              91.89759826660156,
              94.30110931396484,
              94.23682403564453,
              96.20594024658203,
              97.77366638183594,
              98.2366714477539,
              98.6347885131836,
              98.63587188720703,
              98.96654510498047,
              99.03682708740234,
              99.47601318359375,
              99.58629608154297,
              99.58641815185547,
              99.537353515625,
              99.32666015625,
              99.0009994506836,
              98.97457122802734,
              99.1158218383789,
              99.28804779052734,
              99.0775146484375,
              97.81971740722656,
              97.36488342285156,
              97.65023040771484,
              97.66753387451172,
              98.13721466064453,
              95.81632995605469,
              93.36542510986328,
              91.06722259521484,
              91.0074462890625,
              91.01544952392578,
              88.19097900390625,
              85.35377502441406,
              80.3886947631836,
              79.93427276611328,
              79.77967834472656,
              84.05738830566406,
              90.1746826171875,
              86.43132781982422,
              86.34446716308594,
              78.80953216552734,
              82.71894073486328,
              83.09933471679688,
              83.11431121826172,
              83.11107635498047,
              80.09723663330078,
              76.05465698242188,
              83.80950927734375,
              78.51838684082031,
              78.50127410888672,
              81.6199722290039,
              92.58151245117188,
              89.78923797607422,
              92.525634765625,
              92.34137725830078,
              92.33438110351562,
              96.57472229003906,
              96.96543884277344,
              92.71430969238281,
              90.09673309326172,
              97.3719482421875,
              98.29956817626953,
              96.4934310913086,
              94.78970336914062,
              81.87024688720703,
              81.296875,
              73.78884887695312,
              82.32281494140625,
              87.59707641601562,
              97.64566040039062,
              97.8787841796875,
              93.42642974853516,
              94.12763977050781,
              96.34465789794922,
              93.35049438476562,
              88.50943756103516,
              94.31584167480469,
              96.55682373046875,
              97.99405670166016,
              92.08882141113281,
              87.74303436279297,
              87.05345153808594,
              86.11742401123047,
              90.00310516357422,
              93.1484603881836,
              0.2557065784931183,
              0.306321918964386,
              1.173967719078064,
              0.903009831905365,
              0.6615177392959595,
              4.74351692199707,
              3.77344012260437,
              11.962292671203613,
              64.79015350341797,
              31.235307693481445,
              11.989259719848633,
              12.852804183959961,
              14.031121253967285,
              21.806642532348633,
              14.029312133789062,
              22.120624542236328,
              29.864788055419922,
              42.57423400878906,
              24.47983741760254,
              24.870803833007812,
              50.66360092163086,
              65.55741119384766,
              63.67191696166992,
              63.144290924072266,
              73.98944854736328,
              77.99019622802734,
              81.81598663330078,
              81.93995666503906,
              84.88587951660156,
              84.9793930053711,
              79.30375671386719,
              79.29631805419922,
              79.26912689208984,
              86.43263244628906,
              82.5501708984375,
              93.49147033691406,
              93.36402130126953,
              93.35618591308594,
              81.96821594238281,
              86.48445892333984,
              90.1531982421875,
              86.44819641113281,
              86.53133392333984,
              86.19172668457031,
              87.41749572753906,
              87.40349578857422,
              87.37606048583984,
              87.27592468261719,
              82.53929901123047,
              87.3904800415039,
              91.07964324951172,
              86.73477935791016,
              86.82565307617188,
              87.12271118164062,
              86.28096771240234,
              93.0089340209961,
              94.79930877685547,
              94.7264175415039,
              94.72518920898438,
              92.13633728027344,
              90.39311981201172,
              90.35736083984375,
              86.80653381347656,
              82.61636352539062,
              76.958984375,
              76.96703338623047,
              86.26142883300781,
              93.1163101196289,
              93.2734146118164,
              90.58590698242188,
              81.32537078857422,
              79.54631805419922,
              74.45510864257812,
              70.78445434570312,
              76.03742980957031,
              76.39418029785156,
              76.43547058105469,
              76.49165344238281,
              76.06741333007812,
              84.79560089111328,
              79.45426940917969,
              71.6283187866211,
              71.3152084350586,
              71.20049285888672,
              63.52533721923828,
              53.2698974609375,
              62.279109954833984,
              62.14923858642578,
              62.010860443115234,
              79.52986145019531,
              94.66632080078125,
              86.72466278076172,
              86.67062377929688,
              90.03760528564453,
              92.99029541015625,
              95.05780029296875,
              92.67440795898438,
              92.58501434326172,
              94.225341796875,
              98.78630828857422,
              98.63563537597656,
              98.96358489990234,
              98.96315002441406,
              98.96358489990234,
              99.08354187011719,
              99.26435089111328,
              99.39094543457031,
              99.3935775756836,
              99.4866943359375,
              99.19525146484375,
              99.19440460205078,
              99.07014465332031,
              99.08052825927734,
              99.15255737304688,
              99.28984832763672,
              98.55669403076172,
              97.31065368652344,
              97.33038330078125,
              94.84747314453125,
              94.4937973022461,
              94.79541015625,
              91.27091979980469,
              80.63208770751953,
              87.50852966308594,
              84.5066146850586,
              80.6772232055664,
              80.53511047363281,
              83.33927154541016,
              82.65338134765625,
              78.10424041748047,
              79.51533508300781,
              87.61089324951172,
              73.74729919433594,
              84.05680084228516,
              90.4903564453125,
              83.84375762939453,
              73.83399963378906,
              74.04381561279297,
              82.60397338867188,
              82.32426452636719,
              83.66228485107422,
              89.7936019897461,
              89.80154418945312,
              92.15117645263672,
              92.0878677368164,
              93.52027893066406,
              92.93048095703125,
              92.93235778808594,
              95.68325805664062,
              95.51074981689453,
              93.84883117675781,
              96.10687255859375,
              96.04570770263672,
              96.38384246826172,
              95.47079467773438,
              96.50386810302734,
              97.671875,
              96.67548370361328,
              93.25859069824219,
              92.68267822265625,
              94.68694305419922,
              94.49932098388672,
              94.63819122314453,
              97.13607788085938,
              97.81253051757812,
              97.43733215332031,
              97.62334442138672,
              97.98986053466797,
              99.00379180908203,
              98.54277038574219,
              96.8001937866211,
              97.35118103027344,
              97.50848388671875,
              97.41555786132812,
              98.41780090332031,
              94.5159912109375,
              85.1578140258789,
              88.09397888183594,
              95.96319580078125,
              96.81462860107422,
              0.05958660691976547,
              0.08729210495948792,
              0.2197461724281311,
              0.5662251710891724,
              0.8994582891464233,
              7.228542804718018,
              28.350818634033203,
              39.17356872558594,
              31.77121925354004,
              11.07666301727295,
              11.957306861877441,
              3.349449396133423,
              13.50676441192627,
              14.23803424835205,
              7.18980598449707,
              6.412176609039307,
              26.086307525634766,
              39.50428771972656,
              32.25636291503906,
              45.28459167480469,
              39.5354118347168,
              40.70262145996094,
              53.12916564941406,
              51.845340728759766,
              73.22760009765625,
              62.38959503173828,
              69.17894744873047,
              71.70194244384766,
              72.6830825805664,
              78.21302795410156,
              81.47421264648438,
              84.47789764404297,
              81.96575927734375,
              84.68029022216797,
              75.28888702392578,
              75.60818481445312,
              90.62559509277344,
              90.60881805419922,
              75.30738830566406,
              86.2829818725586,
              86.3580093383789,
              86.64854431152344,
              81.47369384765625,
              86.61266326904297,
              86.27976989746094,
              86.37149047851562,
              81.64397430419922,
              79.57503509521484,
              82.32308197021484,
              86.9677505493164,
              86.87165069580078,
              87.22088623046875,
              86.89208984375,
              87.34322357177734,
              87.02721405029297,
              86.92027282714844,
              90.4650650024414,
              92.85819244384766,
              94.89306640625,
              93.8398208618164,
              93.88008880615234,
              91.71720886230469,
              72.83607482910156,
              75.23249053955078,
              75.19570922851562,
              75.43387603759766,
              57.28654098510742,
              90.1574935913086,
              95.20279693603516,
              85.12236785888672,
              87.26846313476562,
              82.3637466430664,
              70.74423217773438,
              70.78166961669922,
              76.32123565673828,
              86.36382293701172,
              79.50323486328125,
              79.52760314941406,
              82.34979248046875,
              82.2986831665039,
              82.2463607788086,
              78.5774917602539,
              64.28570556640625,
              63.62479782104492,
              64.29075622558594,
              63.90264129638672,
              72.13906860351562,
              62.1382942199707,
              61.7225456237793,
              96.32362365722656,
              96.30958557128906,
              92.20478057861328,
              92.38866424560547,
              92.84820556640625,
              96.3504409790039,
              96.33390045166016,
              94.88152313232422,
              92.47372436523438,
              97.84799194335938,
              98.60588836669922,
              98.6033706665039,
              98.60142517089844,
              99.10997772216797,
              98.76173400878906,
              99.26313018798828,
              99.26446533203125,
              99.26546478271484,
              99.4402084350586,
              99.39252471923828,
              99.19203186035156,
              99.19364166259766,
              99.21222686767578,
              99.11421203613281,
              99.11898040771484,
              98.18500518798828,
              96.11376190185547,
              96.1451416015625,
              94.79759216308594,
              91.29865264892578,
              90.95481872558594,
              84.53343200683594,
              84.28026580810547,
              79.52283477783203,
              83.02409362792969,
              86.68057250976562,
              83.04088592529297,
              82.91130828857422,
              83.53866577148438,
              83.42286682128906,
              83.29534912109375,
              74.31548309326172,
              82.93458557128906,
              68.62940979003906,
              61.236061096191406,
              83.2833023071289,
              86.6612319946289,
              88.40996551513672,
              83.14405059814453,
              82.0450210571289,
              81.76029205322266,
              77.14509582519531,
              77.1413803100586,
              89.36851501464844,
              95.26042175292969,
              93.25577545166016,
              97.64971160888672,
              97.68341064453125,
              95.64947509765625,
              94.09315490722656,
              95.09703063964844,
              97.45027923583984,
              97.43202209472656,
              97.45130157470703,
              96.45355224609375,
              94.13613891601562,
              96.5833740234375,
              96.3985595703125,
              95.92298126220703,
              96.8035888671875,
              93.82499694824219,
              87.83120727539062,
              95.84796142578125,
              98.40054321289062,
              97.75706481933594,
              94.62859344482422,
              93.98340606689453,
              93.98513793945312,
              97.14212036132812,
              99.1111068725586,
              96.44184112548828,
              92.98922729492188,
              95.8687973022461,
              93.09478759765625,
              91.0344467163086,
              91.42659759521484,
              95.01131439208984,
              92.54258728027344,
              87.63717651367188,
              87.45738220214844,
              83.13795471191406,
              0.019528396427631378,
              0.03556961938738823,
              0.052032195031642914,
              0.05611278489232063,
              0.5217328667640686,
              12.496418952941895,
              65.00775146484375,
              31.017135620117188,
              15.803459167480469,
              16.601797103881836,
              5.335557460784912,
              3.5106849670410156,
              2.198162317276001,
              2.1842148303985596,
              1.8904961347579956,
              6.721545696258545,
              12.907171249389648,
              20.244983673095703,
              20.536651611328125,
              23.721721649169922,
              25.426450729370117,
              29.866527557373047,
              41.8583984375,
              51.19145965576172,
              51.478172302246094,
              67.90560150146484,
              75.72917938232422,
              69.01580810546875,
              72.21864318847656,
              77.4147720336914,
              70.29837036132812,
              78.00691986083984,
              77.65193939208984,
              78.61905670166016,
              83.94148254394531,
              78.24707794189453,
              74.83264923095703,
              74.98278045654297,
              67.59225463867188,
              67.5730209350586,
              76.39033508300781,
              86.90318298339844,
              84.7996597290039,
              85.11279296875,
              85.0936279296875,
              84.74081420898438,
              79.43170166015625,
              79.41220092773438,
              76.11305236816406,
              76.10540771484375,
              82.31196594238281,
              87.21202850341797,
              81.8898696899414,
              82.009765625,
              82.12445831298828,
              87.02375793457031,
              90.97456359863281,
              90.11346435546875,
              84.62974548339844,
              84.62879943847656,
              87.01197052001953,
              78.88683319091797,
              71.19717407226562,
              75.23240661621094,
              75.42267608642578,
              63.85847854614258,
              82.64278411865234,
              84.97740936279297,
              90.58012390136719,
              90.56510925292969,
              95.03361511230469,
              83.63773345947266,
              70.73194122314453,
              77.79003143310547,
              77.82437133789062,
              71.67595672607422,
              76.81748962402344,
              71.73545837402344,
              71.05753326416016,
              70.97489929199219,
              78.32365417480469,
              64.55319213867188,
              64.45685577392578,
              63.822174072265625,
              72.06051635742188,
              71.7574691772461,
              71.42973327636719,
              65.55269622802734,
              75.2425765991211,
              94.90616607666016,
              97.30134582519531,
              96.177001953125,
              96.16294860839844,
              99.2301254272461,
              99.22835540771484,
              99.1571044921875,
              98.8047103881836,
              98.86290740966797,
              97.67109680175781,
              97.64961242675781,
              98.00727081298828,
              98.42901611328125,
              98.72026062011719,
              96.5488510131836,
              96.55368041992188,
              98.1329345703125,
              98.9371566772461,
              98.43348693847656,
              98.89189910888672,
              98.89429473876953,
              98.89691162109375,
              99.20614624023438,
              99.10945129394531,
              98.77119445800781,
              98.7348403930664,
              94.5600814819336,
              90.726318359375,
              90.4126968383789,
              87.37509155273438,
              87.28521728515625,
              87.29411315917969,
              87.08512878417969,
              87.09439849853516,
              87.50375366210938,
              87.40828704833984,
              89.8787612915039,
              89.3724365234375,
              86.8281478881836,
              83.83790588378906,
              83.72460174560547,
              83.45954895019531,
              83.08768463134766,
              82.81468200683594,
              72.25702667236328,
              76.15270233154297,
              86.24717712402344,
              90.46055603027344,
              90.50990295410156,
              77.65550231933594,
              77.4908218383789,
              76.94403839111328,
              81.6205825805664,
              89.02994537353516,
              93.4754867553711,
              93.14556121826172,
              97.25877380371094,
              99.1160659790039,
              98.4234848022461,
              96.3397445678711,
              98.11605834960938,
              96.83170318603516,
              96.92691040039062,
              94.70093536376953,
              92.979248046875,
              94.88199615478516,
              95.78422546386719,
              97.50577545166016,
              96.51383209228516,
              95.77670288085938,
              95.8847885131836,
              97.05010223388672,
              97.36112213134766,
              98.49654388427734,
              97.51160430908203,
              94.4501724243164,
              89.76431274414062,
              81.3381576538086,
              91.08158111572266,
              79.0904769897461,
              75.72777557373047,
              52.251590728759766,
              79.26809692382812,
              92.6438217163086,
              79.79560852050781,
              73.4703598022461,
              74.2873764038086,
              84.48176574707031,
              89.6830062866211,
              89.20943450927734,
              75.52339172363281,
              0.009381267242133617,
              0.010259550996124744,
              0.012150858528912067,
              0.01947930082678795,
              0.29163995385169983,
              29.759164810180664,
              50.283729553222656,
              51.24658203125,
              23.438892364501953,
              11.437518119812012,
              3.2479498386383057,
              1.9451476335525513,
              1.8894364833831787,
              1.9280344247817993,
              1.1981209516525269,
              1.2766863107681274,
              2.2023229598999023,
              2.395411729812622,
              7.446969509124756,
              12.531081199645996,
              17.309988021850586,
              40.592735290527344,
              40.511558532714844,
              41.75690460205078,
              61.33688735961914,
              60.97658157348633,
              75.68148040771484,
              75.67864990234375,
              75.31854248046875,
              75.48927307128906,
              79.55348205566406,
              76.31806945800781,
              76.48786926269531,
              79.98487091064453,
              73.38239288330078,
              80.65644836425781,
              72.20458221435547,
              72.34972381591797,
              87.2429428100586,
              74.60137176513672,
              75.91386413574219,
              76.3271713256836,
              60.580814361572266,
              72.9096450805664,
              82.28394317626953,
              82.26029205322266,
              79.4180908203125,
              84.58338165283203,
              81.32279968261719,
              82.29408264160156,
              87.52346801757812,
              87.03758239746094,
              87.03067016601562,
              82.6205062866211,
              87.18347930908203,
              86.9295883178711,
              84.86494445800781,
              84.96803283691406,
              78.28912353515625,
              75.76412200927734,
              86.05844116210938,
              76.047607421875,
              73.13700103759766,
              76.11893463134766,
              74.89981079101562,
              90.00272369384766,
              92.01019287109375,
              91.9546890258789,
              64.82759094238281,
              72.96556091308594,
              94.89630889892578,
              74.2580337524414,
              74.27613067626953,
              70.55274963378906,
              64.61394500732422,
              71.59188079833984,
              64.69798278808594,
              64.73069763183594,
              64.72238159179688,
              64.17723083496094,
              72.58820343017578,
              72.51885223388672,
              72.62969970703125,
              72.34111785888672,
              71.79447174072266,
              62.58028030395508,
              65.0450210571289,
              64.9635009765625,
              83.16983795166016,
              97.85034942626953,
              98.4483871459961,
              98.63843536376953,
              98.62681579589844,
              99.52445983886719,
              99.53157043457031,
              99.4437484741211,
              99.05590057373047,
              96.76673889160156,
              94.6344985961914,
              88.94976043701172,
              90.98738861083984,
              92.88904571533203,
              87.53024291992188,
              90.84376525878906,
              96.5216064453125,
              97.22846984863281,
              97.73284912109375,
              95.91104125976562,
              96.16202545166016,
              98.37996673583984,
              98.64352416992188,
              99.28010559082031,
              99.28621673583984,
              99.1408920288086,
              96.89324188232422,
              94.64701843261719,
              87.25013732910156,
              84.73283386230469,
              84.37366485595703,
              84.38838958740234,
              90.65355682373047,
              84.41651916503906,
              84.29741668701172,
              84.30725860595703,
              87.71244812011719,
              84.19184875488281,
              87.05709075927734,
              79.96086120605469,
              79.80490112304688,
              79.15557098388672,
              83.32794952392578,
              83.19868469238281,
              86.01095581054688,
              83.76041412353516,
              80.5116195678711,
              80.94403076171875,
              92.0765151977539,
              92.3265609741211,
              92.74317932128906,
              77.9061050415039,
              73.26886749267578,
              86.00519561767578,
              88.95435333251953,
              88.94966125488281,
              88.48651123046875,
              97.22198486328125,
              98.27137756347656,
              98.34228515625,
              99.22053527832031,
              98.922607421875,
              95.03912353515625,
              91.41636657714844,
              89.48712158203125,
              89.35357666015625,
              92.7625961303711,
              94.33036041259766,
              95.81448364257812,
              96.60657501220703,
              94.15452575683594,
              93.72467041015625,
              92.17658233642578,
              94.40825653076172,
              95.66676330566406,
              92.93824768066406,
              91.01915740966797,
              84.0308837890625,
              77.79912567138672,
              82.33411407470703,
              77.30661010742188,
              82.49850463867188,
              78.89298248291016,
              77.45172882080078,
              70.386474609375,
              74.11358642578125,
              68.51055145263672,
              81.47388458251953,
              92.06973266601562,
              96.52503204345703,
              98.47762298583984,
              95.97600555419922,
              0.0053447880782186985,
              0.004119350574910641,
              0.004631987307220697,
              0.01268653105944395,
              0.3997063636779785,
              31.28803062438965,
              64.5918960571289,
              41.1063117980957,
              15.61136531829834,
              10.771626472473145,
              6.841688632965088,
              6.8304853439331055,
              1.816396951675415,
              3.0382466316223145,
              2.112842082977295,
              2.3073008060455322,
              2.4394032955169678,
              1.5802181959152222,
              7.627562999725342,
              4.9880690574646,
              5.148289203643799,
              5.069935321807861,
              48.49609375,
              58.40431594848633,
              67.02754974365234,
              67.13251495361328,
              67.5559310913086,
              79.11334991455078,
              84.64119720458984,
              84.75713348388672,
              86.80445861816406,
              89.5771713256836,
              86.8615951538086,
              80.59103393554688,
              77.10525512695312,
              77.70711517333984,
              78.7610855102539,
              88.52233123779297,
              94.80033111572266,
              81.23589324951172,
              79.2644271850586,
              79.24381256103516,
              63.60029602050781,
              69.50672149658203,
              76.66404724121094,
              82.13292694091797,
              82.10152435302734,
              95.7422103881836,
              86.97093200683594,
              82.6443099975586,
              81.38285827636719,
              80.80931091308594,
              86.00052642822266,
              82.3818359375,
              87.10164642333984,
              86.06869506835938,
              86.16523742675781,
              84.63497161865234,
              76.06343078613281,
              70.85601043701172,
              79.15495300292969,
              79.1583251953125,
              76.20468139648438,
              72.49247741699219,
              82.86311340332031,
              78.59536743164062,
              72.93856048583984,
              79.65821838378906,
              72.95567321777344,
              82.51854705810547,
              78.16356658935547,
              78.17708587646484,
              64.90049743652344,
              65.4838638305664,
              54.60116195678711,
              64.58505249023438,
              64.61185455322266,
              64.63362884521484,
              64.615234375,
              64.55996704101562,
              72.7018814086914,
              72.62142181396484,
              63.050113677978516,
              53.29741287231445,
              63.81700134277344,
              62.511802673339844,
              54.38408279418945,
              43.816749572753906,
              92.86785125732422,
              98.44335174560547,
              98.59737396240234,
              98.58551788330078,
              99.56673431396484,
              99.53800201416016,
              99.39312744140625,
              98.7915267944336,
              98.7818603515625,
              90.45111083984375,
              90.36258697509766,
              87.57051086425781,
              84.69596099853516,
              84.46705627441406,
              87.505126953125,
              90.44803619384766,
              96.5418930053711,
              96.60477447509766,
              92.45450592041016,
              96.6202621459961,
              95.69863891601562,
              96.99185180664062,
              99.19662475585938,
              99.3573989868164,
              99.28673553466797,
              98.53803253173828,
              93.07115936279297,
              94.08971405029297,
              94.06614685058594,
              90.3136978149414,
              92.25053405761719,
              92.63957977294922,
              90.27281188964844,
              90.28504180908203,
              87.42806243896484,
              80.38944244384766,
              84.4648208618164,
              80.27577209472656,
              80.11993408203125,
              80.29132843017578,
              79.97643280029297,
              79.6749496459961,
              79.34703063964844,
              78.8528823852539,
              82.45764923095703,
              85.21034240722656,
              84.31856536865234,
              81.34750366210938,
              82.29912567138672,
              86.5018539428711,
              86.39714050292969,
              83.03658294677734,
              83.44420623779297,
              83.18387603759766,
              78.01911163330078,
              81.8600845336914,
              73.33704376220703,
              85.92707061767578,
              84.61078643798828,
              88.17155456542969,
              96.53015899658203,
              96.33912658691406,
              93.7330551147461,
              94.12684631347656,
              92.18843841552734,
              89.54842376708984,
              91.20435333251953,
              93.62630462646484,
              93.7015380859375,
              94.79596710205078,
              88.55277252197266,
              92.7890396118164,
              92.48944854736328,
              92.73323059082031,
              88.4832763671875,
              85.5063705444336,
              78.59083557128906,
              80.46231079101562,
              77.07557678222656,
              76.48111724853516,
              73.31053924560547,
              79.40031433105469,
              78.21416473388672,
              70.67475891113281,
              62.129478454589844,
              70.59150695800781,
              77.98332214355469,
              91.6150131225586,
              96.9539794921875,
              95.47283935546875,
              98.25994110107422,
              99.4310531616211,
              0.003995731472969055,
              0.0037520381156355143,
              0.0025059988256543875,
              0.006840412970632315,
              0.11802085489034653,
              3.0371601581573486,
              63.365745544433594,
              29.626794815063477,
              14.546257019042969,
              14.784310340881348,
              10.30299186706543,
              6.659237384796143,
              7.137393951416016,
              3.127305269241333,
              1.9885724782943726,
              2.17533540725708,
              1.349340558052063,
              2.286372184753418,
              2.3143646717071533,
              5.216734886169434,
              16.623315811157227,
              17.081390380859375,
              17.490827560424805,
              17.354551315307617,
              11.979522705078125,
              61.08575439453125,
              67.09564971923828,
              78.76268005371094,
              67.40843963623047,
              67.86164855957031,
              84.9887466430664,
              87.95121002197266,
              84.72642517089844,
              87.80773162841797,
              90.27648162841797,
              87.02632141113281,
              80.58470153808594,
              86.07540893554688,
              85.9551773071289,
              85.94064331054688,
              87.00218963623047,
              68.43110656738281,
              76.38265228271484,
              63.08086395263672,
              63.046180725097656,
              68.52874755859375,
              68.89494323730469,
              96.56309509277344,
              94.8163833618164,
              94.74267578125,
              80.78272247314453,
              82.15406036376953,
              76.50495910644531,
              75.55966186523438,
              75.87347412109375,
              80.74146270751953,
              89.8598403930664,
              91.82915496826172,
              90.41305541992188,
              94.20191955566406,
              93.11068725585938,
              79.30342102050781,
              72.84403228759766,
              81.37674713134766,
              89.99449157714844,
              91.52616119384766,
              85.7552490234375,
              79.65266418457031,
              79.0126724243164,
              54.863590240478516,
              70.474365234375,
              64.85688781738281,
              56.74892044067383,
              35.78590393066406,
              35.80342102050781,
              46.891510009765625,
              56.823997497558594,
              56.81939697265625,
              54.28933334350586,
              54.25214767456055,
              63.00597381591797,
              62.85965347290039,
              63.96757888793945,
              63.84315490722656,
              56.15008544921875,
              44.53513717651367,
              44.463539123535156,
              93.07504272460938,
              98.01966857910156,
              98.00238037109375,
              98.37655639648438,
              99.18939208984375,
              99.51636505126953,
              99.39533996582031,
              99.39280700683594,
              98.06780242919922,
              87.7387924194336,
              83.8673095703125,
              80.07195281982422,
              79.72452545166016,
              80.16818237304688,
              75.7230224609375,
              87.40460205078125,
              87.64791107177734,
              87.64058685302734,
              90.57520294189453,
              95.810546875,
              96.76834869384766,
              95.84065246582031,
              95.92830657958984,
              98.61087036132812,
              99.17218017578125,
              98.45849609375,
              98.50042724609375,
              96.86073303222656,
              98.38331604003906,
              97.44532012939453,
              90.3302993774414,
              92.25952911376953,
              92.61717987060547,
              92.66668701171875,
              92.66503143310547,
              88.00992584228516,
              83.90428161621094,
              83.83464813232422,
              83.71318054199219,
              83.7237319946289,
              80.3055191040039,
              79.66986846923828,
              79.33631896972656,
              78.85086822509766,
              78.86621856689453,
              82.09988403320312,
              81.3569107055664,
              78.05259704589844,
              78.75752258300781,
              86.82952880859375,
              82.92053985595703,
              80.83993530273438,
              84.26771545410156,
              84.06266784667969,
              82.90409851074219,
              81.91830444335938,
              78.80422973632812,
              77.68901824951172,
              77.51405334472656,
              75.71969604492188,
              79.8718032836914,
              77.75457763671875,
              78.6153335571289,
              79.1334228515625,
              86.6863784790039,
              81.84577178955078,
              87.40170288085938,
              92.08503723144531,
              91.91385650634766,
              88.69902801513672,
              72.78758239746094,
              76.55854034423828,
              80.02315521240234,
              80.19283294677734,
              84.8030776977539,
              83.51911163330078,
              80.31588745117188,
              71.12076568603516,
              71.49940490722656,
              73.0066146850586,
              77.50741577148438,
              70.39411926269531,
              79.26280212402344,
              78.71015930175781,
              72.7907485961914,
              80.42130279541016,
              87.0384292602539,
              85.5502700805664,
              77.80877685546875,
              76.7435531616211,
              95.08300018310547,
              89.1212387084961,
              97.36092376708984,
              0.0026069546584039927,
              0.0028534140437841415,
              0.0017337417230010033,
              0.0019182723481208086,
              0.010156062431633472,
              0.12767525017261505,
              2.9273672103881836,
              36.75433349609375,
              38.16830825805664,
              29.842174530029297,
              15.08532428741455,
              10.521227836608887,
              1.76548171043396,
              5.258354187011719,
              3.150266408920288,
              1.9386539459228516,
              1.1226227283477783,
              2.5184993743896484,
              1.1259723901748657,
              4.792726039886475,
              15.97125244140625,
              12.259495735168457,
              8.323902130126953,
              17.63567543029785,
              28.85000991821289,
              59.14925765991211,
              79.97539520263672,
              75.20982360839844,
              75.55622100830078,
              81.53271484375,
              84.75115203857422,
              88.50105285644531,
              89.56256866455078,
              89.63624572753906,
              89.61766815185547,
              86.59355926513672,
              83.81522369384766,
              78.37183380126953,
              78.35147094726562,
              74.27669525146484,
              68.40628051757812,
              45.43680191040039,
              68.38081359863281,
              68.55054473876953,
              68.3333969116211,
              68.50665283203125,
              64.07263946533203,
              89.88689422607422,
              89.81541442871094,
              91.790771484375,
              85.89329528808594,
              78.92501068115234,
              84.22097778320312,
              84.21566772460938,
              92.9267349243164,
              91.77925872802734,
              93.99200439453125,
              91.82846069335938,
              91.82794952392578,
              88.6715087890625,
              90.40843200683594,
              90.17566680908203,
              90.62234497070312,
              88.55047607421875,
              0.0005559336277656257,
              0.000557231018319726,
              87.51322174072266,
              75.80486297607422,
              56.68048095703125,
              57.222511291503906,
              57.58561325073242,
              56.84923553466797,
              45.576847076416016,
              45.59063720703125,
              56.744056701660156,
              46.22286605834961,
              56.76456832885742,
              56.770484924316406,
              56.7672119140625,
              45.624515533447266,
              54.13965606689453,
              53.96488952636719,
              56.95249557495117,
              56.7615966796875,
              44.565589904785156,
              44.4849739074707,
              53.67631149291992,
              97.85871887207031,
              97.85496520996094,
              98.9655990600586,
              99.22586059570312,
              99.35098266601562,
              98.47998809814453,
              98.46833038330078,
              96.77536010742188,
              88.5389175415039,
              84.82869720458984,
              79.9719009399414,
              79.27407836914062,
              83.07817840576172,
              73.84062194824219,
              75.36985778808594,
              79.90018463134766,
              80.3183364868164,
              86.99854278564453,
              94.85797882080078,
              97.34247589111328,
              98.20358276367188,
              98.21693420410156,
              98.43742370605469,
              98.79837036132812,
              98.98640441894531,
              97.6953125,
              97.69806671142578,
              98.14042663574219,
              97.90335083007812,
              98.08480834960938,
              95.89376831054688,
              95.89929962158203,
              97.67048645019531,
              94.73339080810547,
              90.39006042480469,
              87.9429931640625,
              88.03962707519531,
              87.46620178222656,
              92.72371673583984,
              87.29621887207031,
              80.15525817871094,
              79.8512191772461,
              79.53186798095703,
              79.04129791259766,
              78.53533935546875,
              82.77595520019531,
              77.80714416503906,
              78.710693359375,
              83.56144714355469,
              79.86734771728516,
              72.02996063232422,
              73.42459869384766,
              78.07232666015625,
              76.93798065185547,
              79.3998794555664,
              80.25767517089844,
              80.42225646972656,
              74.02259826660156,
              78.24465942382812,
              72.92979431152344,
              78.420166015625,
              77.72588348388672,
              74.69947814941406,
              69.52974700927734,
              77.08020782470703,
              77.55232238769531,
              76.95893859863281,
              79.73865509033203,
              78.74777221679688,
              77.96182250976562,
              77.53005981445312,
              77.51995086669922,
              81.30840301513672,
              82.66822814941406,
              77.22669982910156,
              72.57747650146484,
              77.37064361572266,
              77.22305297851562,
              72.68399810791016,
              77.38038635253906,
              66.41415405273438,
              76.76123046875,
              77.05880737304688,
              81.48605346679688,
              80.44462585449219,
              83.50444793701172,
              84.956787109375,
              84.56619262695312,
              87.780517578125,
              82.08744812011719,
              87.1535873413086,
              78.14514923095703,
              80.001953125,
              0.0018029784550890326,
              0.001266311970539391,
              0.0009097618167288601,
              0.0010088762501254678,
              0.003601233009248972,
              0.013342230580747128,
              0.12021943926811218,
              6.048544883728027,
              21.787755966186523,
              53.274940490722656,
              34.771522521972656,
              36.56513214111328,
              10.463647842407227,
              10.670941352844238,
              1.6720317602157593,
              2.048476219177246,
              2.8449535369873047,
              7.4464616775512695,
              1.5515130758285522,
              4.212291717529297,
              6.792850971221924,
              6.934571266174316,
              4.815502166748047,
              15.59128475189209,
              11.650063514709473,
              48.88936996459961,
              49.76423645019531,
              75.61075592041016,
              65.29183959960938,
              81.54771423339844,
              89.51966857910156,
              88.29732513427734,
              86.11324310302734,
              85.36911010742188,
              84.84722900390625,
              86.21551513671875,
              86.41478729248047,
              81.45542907714844,
              71.8366470336914,
              53.14765548706055,
              17.014745712280273,
              17.0120849609375,
              25.56568717956543,
              67.89788818359375,
              68.30734252929688,
              72.04667663574219,
              72.21903991699219,
              67.92570495605469,
              90.05433654785156,
              91.56251525878906,
              88.53660583496094,
              88.46199798583984,
              75.43572998046875,
              91.12909698486328,
              90.28870391845703,
              91.18252563476562,
              91.18724822998047,
              93.0202865600586,
              94.16000366210938,
              91.81806182861328,
              84.60907745361328,
              84.50753021240234,
              89.77376556396484,
              71.31412506103516,
              70.82990264892578,
              78.83988952636719,
              78.8453369140625,
              63.53548812866211,
              54.15648651123047,
              71.82171630859375,
              53.41045379638672,
              53.192256927490234,
              27.43351173400879,
              38.88047409057617,
              70.83270263671875,
              76.93771362304688,
              75.07015228271484,
              64.86322784423828,
              56.489532470703125,
              45.285667419433594,
              46.163021087646484,
              45.53957748413086,
              45.28845977783203,
              45.03798294067383,
              44.81829071044922,
              30.089387893676758,
              30.54146385192871,
              77.7113037109375,
              98.45525360107422,
              99.17582702636719,
              99.35932922363281,
              99.43241882324219,
              98.18092346191406,
              91.14144897460938,
              92.80345153808594,
              85.0748519897461,
              84.60858154296875,
              84.8389892578125,
              74.63274383544922,
              77.80870819091797,
              79.781494140625,
              80.77470397949219,
              84.0438461303711,
              84.1727066040039,
              97.59976196289062,
              98.10787200927734,
              98.13398742675781,
              97.47364807128906,
              97.75951385498047,
              97.40809631347656,
              98.93736267089844,
              98.94866943359375,
              98.97081756591797,
              97.77272033691406,
              97.96803283691406,
              98.06707763671875,
              98.79556274414062,
              98.79669189453125,
              98.35157012939453,
              98.17076110839844,
              97.48396301269531,
              93.32884979248047,
              93.33224487304688,
              92.61538696289062,
              92.33395385742188,
              92.7241439819336,
              87.61116790771484,
              87.5126953125,
              84.09843444824219,
              80.52619934082031,
              80.5374755859375,
              83.66195678710938,
              79.54222869873047,
              79.2212905883789,
              75.03077697753906,
              83.57120513916016,
              80.75418853759766,
              81.10892486572266,
              78.78097534179688,
              82.44597625732422,
              82.4528579711914,
              73.3107681274414,
              89.57878112792969,
              72.82954406738281,
              71.57010650634766,
              70.329833984375,
              76.32078552246094,
              81.63427734375,
              70.90625762939453,
              77.1402587890625,
              77.13880920410156,
              73.8164291381836,
              72.8095474243164,
              72.20353698730469,
              69.54673767089844,
              75.18220520019531,
              76.51970672607422,
              76.35529327392578,
              76.21219635009766,
              76.20257568359375,
              82.23151397705078,
              81.45729064941406,
              81.45940399169922,
              88.12670135498047,
              82.3004150390625,
              72.31279754638672,
              67.4383773803711,
              67.03857421875,
              67.01451873779297,
              71.74960327148438,
              76.71476745605469,
              79.72187042236328,
              79.5873031616211,
              83.61053466796875,
              82.42365264892578,
              75.59742736816406,
              76.41636657714844,
              75.82604217529297,
              82.12290954589844,
              82.27058410644531,
              0.001125119044445455,
              0.0009496826096437871,
              0.0007158877560868859,
              0.002042461885139346,
              0.010605758987367153,
              0.12283923476934433,
              2.473068952560425,
              20.03873062133789,
              53.55884552001953,
              35.28932189941406,
              18.083269119262695,
              2.584246873855591,
              3.072105646133423,
              1.3231209516525269,
              4.610366344451904,
              4.645632743835449,
              1.5079882144927979,
              1.368151068687439,
              2.224860668182373,
              0.5462813377380371,
              1.5560212135314941,
              4.702028274536133,
              5.22609806060791,
              5.497573375701904,
              5.722888946533203,
              38.17060852050781,
              66.86140441894531,
              67.07911682128906,
              87.28575897216797,
              86.02195739746094,
              89.10748291015625,
              81.9485092163086,
              85.20893096923828,
              90.09503173828125,
              89.29488372802734,
              83.7896728515625,
              78.9056396484375,
              44.58110046386719,
              71.29771423339844,
              53.43210220336914,
              67.88994598388672,
              81.74095153808594,
              83.9253921508789,
              84.02032470703125,
              78.64429473876953,
              78.78799438476562,
              94.09354400634766,
              84.32614135742188,
              84.20809936523438,
              80.89461517333984,
              67.24958038330078,
              77.5539779663086,
              87.78650665283203,
              87.78449249267578,
              86.5571517944336,
              86.63615417480469,
              89.8537368774414,
              91.59902954101562,
              91.59844970703125,
              88.51091003417969,
              67.58177185058594,
              78.54873657226562,
              68.08972930908203,
              68.70660400390625,
              44.978450775146484,
              23.841447830200195,
              26.93953514099121,
              44.961814880371094,
              44.97428894042969,
              32.15167236328125,
              32.15559005737305,
              32.17343521118164,
              53.808677673339844,
              53.81355285644531,
              41.57295227050781,
              38.783660888671875,
              49.32431411743164,
              46.26972198486328,
              45.23208236694336,
              31.693193435668945,
              46.007789611816406,
              31.263824462890625,
              44.90742492675781,
              31.148635864257812,
              43.727882385253906,
              96.3985595703125,
              98.66873168945312,
              99.35316467285156,
              98.9482650756836,
              99.4522476196289,
              98.6220474243164,
              94.49877166748047,
              93.08995819091797,
              88.50540161132812,
              81.69354248046875,
              71.13890838623047,
              75.83782196044922,
              81.22978210449219,
              81.08234405517578,
              84.99052429199219,
              84.0773696899414,
              87.81459045410156,
              97.031494140625,
              97.05432891845703,
              97.03043365478516,
              96.0218734741211,
              97.41043090820312,
              96.3121566772461,
              96.31890869140625,
              97.37833404541016,
              98.99494934082031,
              98.85887145996094,
              98.84315490722656,
              98.82691192626953,
              97.78227233886719,
              97.9010238647461,
              98.44908142089844,
              98.17276000976562,
              98.1734848022461,
              97.47479248046875,
              95.99329376220703,
              95.68297576904297,
              94.23737335205078,
              94.19943237304688,
              90.49830627441406,
              87.30572509765625,
              87.01666259765625,
              84.78092193603516,
              85.09678649902344,
              77.20872497558594,
              80.91261291503906,
              83.84242248535156,
              79.96688079833984,
              79.46415710449219,
              79.49015808105469,
              72.64430236816406,
              73.66592407226562,
              78.84515380859375,
              79.25543975830078,
              96.14397430419922,
              98.90011596679688,
              96.10554504394531,
              91.34896087646484,
              91.34685516357422,
              96.74588775634766,
              93.0855712890625,
              82.15475463867188,
              73.35104370117188,
              74.00105285644531,
              90.91709899902344,
              82.81832885742188,
              73.33438110351562,
              73.32007598876953,
              92.9451675415039,
              98.87913513183594,
              96.8605728149414,
              86.06937408447266,
              88.75213623046875,
              73.07093811035156,
              72.73536682128906,
              0.00031581922667101026,
              73.36895751953125,
              77.09085845947266,
              65.72859191894531,
              65.48220825195312,
              75.62208557128906,
              69.84017944335938,
              75.4522933959961,
              74.43746948242188,
              74.27323150634766,
              79.1075439453125,
              78.46708679199219,
              73.27759552001953,
              75.5900650024414,
              76.06177520751953,
              71.80177307128906,
              76.73975372314453,
              65.30435180664062,
              0.0006483710603788495,
              2.1430548713397e-06,
              0.0029159581754356623,
              0.020040636882185936,
              0.18942205607891083,
              3.276779890060425,
              58.96090316772461,
              33.488216400146484,
              16.686080932617188,
              19.013683319091797,
              7.3587646484375,
              3.6171345710754395,
              6.717628479003906,
              4.446727752685547,
              3.7953455448150635,
              0.7014634013175964,
              2.0450100898742676,
              0.8096322417259216,
              1.4288008213043213,
              1.5617048740386963,
              4.483392715454102,
              0.5205456614494324,
              1.815089225769043,
              3.4866154193878174,
              3.639709234237671,
              47.915428161621094,
              79.32534790039062,
              88.7004165649414,
              86.11431121826172,
              86.3150863647461,
              86.41451263427734,
              85.0509262084961,
              79.28756713867188,
              82.61548614501953,
              82.8423080444336,
              85.37091064453125,
              81.48409271240234,
              86.245361328125,
              86.50334167480469,
              86.49475860595703,
              89.75653839111328,
              86.673583984375,
              80.52129364013672,
              81.17816925048828,
              75.44530487060547,
              86.3709945678711,
              90.33116149902344,
              86.06069946289062,
              78.46919250488281,
              78.74300384521484,
              83.4038314819336,
              83.4466552734375,
              81.76728820800781,
              84.30484008789062,
              84.39369201660156,
              84.04071044921875,
              86.5251693725586,
              81.22773742675781,
              80.8429183959961,
              80.58991241455078,
              78.40798950195312,
              62.73883056640625,
              31.34507179260254,
              35.31020736694336,
              35.3016242980957,
              26.651609420776367,
              35.80081558227539,
              23.82048797607422,
              31.828290939331055,
              31.83486557006836,
              18.319719314575195,
              31.84474754333496,
              18.32916259765625,
              54.061866760253906,
              54.06592559814453,
              54.05252456665039,
              38.08015060424805,
              33.613548278808594,
              31.66387176513672,
              31.54386329650879,
              31.361156463623047,
              27.283674240112305,
              87.72407531738281,
              98.67738342285156,
              98.66848754882812,
              99.15416717529297,
              99.37175750732422,
              99.50286865234375,
              98.83175659179688,
              98.81885528564453,
              90.5267562866211,
              88.53922271728516,
              76.51567077636719,
              72.7265396118164,
              72.01324462890625,
              88.25439453125,
              90.83355712890625,
              92.88380432128906,
              94.85639190673828,
              96.62493896484375,
              96.45223999023438,
              97.28665161132812,
              97.39807891845703,
              96.4321517944336,
              94.3184814453125,
              96.32164764404297,
              97.20878601074219,
              96.6290512084961,
              96.69568634033203,
              92.75294494628906,
              94.91585540771484,
              98.72579956054688,
              97.52426147460938,
              97.41484832763672,
              98.11321258544922,
              98.1142578125,
              97.97586059570312,
              95.92643737792969,
              95.68048095703125,
              92.27941131591797,
              92.28718566894531,
              90.42744445800781,
              90.27508544921875,
              84.17288970947266,
              84.70259857177734,
              85.1188735961914,
              78.46703338623047,
              86.25263214111328,
              85.58290100097656,
              80.61276245117188,
              80.78511047363281,
              84.0872802734375,
              81.52140045166016,
              82.71681213378906,
              83.28319549560547,
              83.18011474609375,
              87.09815979003906,
              83.50218200683594,
              89.489501953125,
              97.76139068603516,
              97.74800109863281,
              82.82594299316406,
              78.82833862304688,
              85.5821304321289,
              91.16424560546875,
              91.15585327148438,
              91.58368682861328,
              94.8360595703125,
              95.11248779296875,
              91.50019073486328,
              91.49940490722656,
              93.53128814697266,
              99.38548278808594,
              99.38404846191406,
              98.0965576171875,
              98.07484436035156,
              77.56793975830078,
              73.22014617919922,
              71.85731506347656,
              75.6528549194336,
              69.32389068603516,
              68.521484375,
              74.3050537109375,
              82.8414306640625,
              83.25029754638672,
              79.39736938476562,
              75.92276000976562,
              76.07467651367188,
              75.75674438476562,
              73.93658447265625,
              69.42900848388672,
              70.19207000732422,
              72.32040405273438,
              72.53038787841797,
              72.0197982788086,
              73.5167236328125,
              2.0795043838006677e-06,
              0.005556412506848574,
              0.03861229866743088,
              0.29109227657318115,
              3.771486759185791,
              27.90578269958496,
              53.972084045410156,
              21.735942840576172,
              15.699559211730957,
              11.430027961730957,
              6.1338791847229,
              13.782560348510742,
              3.6270830631256104,
              3.009488344192505,
              2.928740978240967,
              0.675654411315918,
              0.7982836961746216,
              0.8682591915130615,
              0.26044049859046936,
              0.6257969737052917,
              0.4727082848548889,
              0.5212185382843018,
              0.7612163424491882,
              0.8061125874519348,
              1.287559986114502,
              27.744382858276367,
              20.558589935302734,
              84.17675018310547,
              86.1114730834961,
              84.61279296875,
              82.78570556640625,
              79.15904998779297,
              79.2868423461914,
              81.58656311035156,
              82.95381164550781,
              86.15660095214844,
              85.9493408203125,
              81.0240707397461,
              85.69143676757812,
              90.1808090209961,
              86.14688873291016,
              86.33757019042969,
              83.89876556396484,
              92.82974243164062,
              86.58271789550781,
              86.2679214477539,
              86.2839126586914,
              84.33867645263672,
              78.87428283691406,
              83.29539489746094,
              87.69194793701172,
              87.68888092041016,
              81.64392852783203,
              84.2895736694336,
              86.44012451171875,
              81.62687683105469,
              61.74567794799805,
              61.73676300048828,
              62.263153076171875,
              54.09580612182617,
              22.899864196777344,
              33.21050262451172,
              32.90427780151367,
              23.523326873779297,
              26.330692291259766,
              12.961295127868652,
              5.559034824371338,
              5.664088249206543,
              8.126175880432129,
              18.57651710510254,
              18.583158493041992,
              32.27528762817383,
              32.279029846191406,
              31.785139083862305,
              54.5680046081543,
              41.19676208496094,
              40.653480529785156,
              40.641700744628906,
              33.857078552246094,
              18.33266258239746,
              8.718680381774902,
              87.94480895996094,
              87.89849853515625,
              97.4402847290039,
              97.41915893554688,
              98.67574310302734,
              99.41378784179688,
              99.41194152832031,
              97.49967193603516,
              92.19236755371094,
              88.719970703125,
              85.20474243164062,
              85.78775787353516,
              94.46680450439453,
              92.61286163330078,
              96.55626678466797,
              97.7269287109375,
              97.72215270996094,
              95.9539566040039,
              96.19650268554688,
              96.21807098388672,
              96.08780670166016,
              89.17805480957031,
              92.55387115478516,
              96.10304260253906,
              95.76529693603516,
              93.60955047607422,
              93.40592956542969,
              96.28520965576172,
              94.68390655517578,
              98.53632354736328,
              98.41565704345703,
              97.80247497558594,
              96.75817108154297,
              96.89136505126953,
              96.81035614013672,
              97.61768341064453,
              97.60446166992188,
              96.74626922607422,
              94.4516372680664,
              90.43898010253906,
              84.6927490234375,
              84.32633972167969,
              84.92084503173828,
              82.30867004394531,
              78.5112533569336,
              86.46949768066406,
              86.47400665283203,
              89.1567611694336,
              88.99044036865234,
              83.06144714355469,
              82.96601867675781,
              83.39300537109375,
              97.73841094970703,
              96.1751708984375,
              79.26244354248047,
              79.63521575927734,
              79.38481140136719,
              72.96328735351562,
              82.18023681640625,
              77.26454162597656,
              82.17691802978516,
              82.0682373046875,
              73.73530578613281,
              81.90621185302734,
              74.24471282958984,
              86.49320983886719,
              86.2072525024414,
              82.84880065917969,
              78.43513488769531,
              89.38436889648438,
              99.37313079833984,
              96.95669555664062,
              96.91504669189453,
              77.56707763671875,
              76.96684265136719,
              75.74703979492188,
              75.34486389160156,
              75.33919525146484,
              75.33723449707031,
              74.63735961914062,
              74.62388610839844,
              79.40325164794922,
              71.29520416259766,
              70.39830780029297,
              80.81411743164062,
              77.19761657714844,
              65.20198059082031,
              71.2498779296875,
              65.63026428222656,
              72.47019958496094,
              72.86772155761719,
              72.86956787109375,
              85.55110931396484,
              78.35430145263672,
              1.926464619828039e-06,
              0.002587738446891308,
              0.04971843957901001,
              0.8388093709945679,
              21.005996704101562,
              54.701568603515625,
              39.21894836425781,
              21.598102569580078,
              37.42811584472656,
              17.648475646972656,
              42.1075553894043,
              20.879945755004883,
              12.777929306030273,
              18.9432315826416,
              6.743640422821045,
              11.91454792022705,
              3.4282467365264893,
              1.3273513317108154,
              1.1405709981918335,
              2.2401604652404785,
              2.5007474422454834,
              1.6215864419937134,
              3.01546573638916,
              0.31199267506599426,
              0.7396643757820129,
              0.7554706931114197,
              7.050404071807861,
              71.98697662353516,
              79.17571258544922,
              78.57217407226562,
              82.55668640136719,
              79.7477798461914,
              82.66966247558594,
              83.28970336914062,
              82.29389953613281,
              82.4052963256836,
              75.32870483398438,
              83.32425689697266,
              76.93161010742188,
              83.68843078613281,
              83.33595275878906,
              86.23050689697266,
              92.41526794433594,
              93.92745971679688,
              86.50047302246094,
              86.49339294433594,
              86.26092529296875,
              82.70063781738281,
              84.4407730102539,
              69.93616485595703,
              69.49166107177734,
              69.07086181640625,
              84.73461151123047,
              84.27542114257812,
              87.67200469970703,
              87.6707534790039,
              63.6024055480957,
              44.04530715942383,
              43.492919921875,
              53.485755920410156,
              31.496095657348633,
              16.623172760009766,
              13.19884204864502,
              16.824247360229492,
              16.812042236328125,
              12.942390441894531,
              5.548866271972656,
              5.546090602874756,
              8.271748542785645,
              8.123751640319824,
              18.64222526550293,
              12.953617095947266,
              12.957072257995605,
              31.47417640686035,
              18.005945205688477,
              18.016746520996094,
              25.035873413085938,
              40.59750747680664,
              17.971858978271484,
              5.653261184692383,
              8.138031005859375,
              4.812936305999756,
              14.995903015136719,
              6.254300594329834,
              82.6417236328125,
              82.49954223632812,
              98.67584991455078,
              99.08729553222656,
              97.78117370605469,
              94.412841796875,
              94.3265151977539,
              87.79466247558594,
              93.20140075683594,
              95.82706451416016,
              96.25605010986328,
              96.24700927734375,
              97.05207061767578,
              94.57127380371094,
              96.27330017089844,
              96.08708953857422,
              96.11617279052734,
              93.6331787109375,
              90.85102844238281,
              91.8582992553711,
              90.77440643310547,
              90.72553253173828,
              87.24710083007812,
              89.77114868164062,
              96.00067138671875,
              95.52421569824219,
              97.04853820800781,
              96.20843505859375,
              98.46190643310547,
              95.92046356201172,
              97.03738403320312,
              97.98018646240234,
              97.57664489746094,
              97.61270141601562,
              97.52052307128906,
              94.06267547607422,
              84.44893646240234,
              84.45818328857422,
              87.74974060058594,
              81.98023223876953,
              86.16140747070312,
              86.13632202148438,
              85.9633560180664,
              79.5801010131836,
              89.35155487060547,
              91.74473571777344,
              83.42002868652344,
              83.84678649902344,
              0.0005346168181858957,
              0.0005026140715926886,
              86.31022644042969,
              73.79507446289062,
              73.14897918701172,
              82.20211791992188,
              76.94403839111328,
              83.75580596923828,
              80.76750183105469,
              80.65541076660156,
              76.0584487915039,
              77.27020263671875,
              82.31563568115234,
              74.12409973144531,
              74.2796630859375,
              82.62532043457031,
              77.48937225341797,
              81.80130767822266,
              89.1399917602539,
              89.49283599853516,
              98.55834197998047,
              99.27816772460938,
              97.67765045166016,
              82.55287170410156,
              82.32666015625,
              73.09166717529297,
              91.37326049804688,
              82.89334869384766,
              81.82144927978516,
              81.69119262695312,
              77.19281768798828,
              78.25281524658203,
              82.27676391601562,
              82.03302001953125,
              82.25012969970703,
              78.16160583496094,
              72.7637710571289,
              72.290771484375,
              72.64534759521484,
              73.3416748046875,
              78.46043395996094,
              86.05541229248047,
              91.40389251708984,
              0.0003350339538883418,
              2.793833118630573e-06,
              0.007563316263258457,
              0.22641104459762573,
              3.5741541385650635,
              44.961971282958984,
              63.35305404663086,
              54.96388244628906,
              45.37119674682617,
              47.11992645263672,
              40.0291862487793,
              38.900657653808594,
              26.680269241333008,
              25.343053817749023,
              25.681241989135742,
              26.494464874267578,
              9.98171615600586,
              15.834299087524414,
              7.097157955169678,
              7.407578945159912,
              8.05117130279541,
              1.08759343624115,
              1.2262452840805054,
              3.021357774734497,
              0.9498504996299744,
              1.0182629823684692,
              1.874840259552002,
              3.9377007484436035,
              56.22271728515625,
              29.900375366210938,
              79.16429901123047,
              76.21453094482422,
              76.55401611328125,
              72.63383483886719,
              68.81411743164062,
              81.45036315917969,
              87.83402252197266,
              82.93354034423828,
              73.3483657836914,
              73.33983612060547,
              69.46992492675781,
              83.453857421875,
              85.91181182861328,
              92.80778503417969,
              92.84982299804688,
              85.76419067382812,
              69.79583740234375,
              80.93193817138672,
              67.57022857666016,
              67.5540771484375,
              73.71500396728516,
              60.60943603515625,
              68.11832427978516,
              84.71955108642578,
              84.50431060791016,
              70.70441436767578,
              44.05283737182617,
              63.39234161376953,
              63.388824462890625,
              43.482810974121094,
              43.48179244995117,
              23.242454528808594,
              23.60907554626465,
              8.566778182983398,
              16.569093704223633,
              12.733294486999512,
              12.959800720214844,
              12.95147705078125,
              5.422262191772461,
              2.572840690612793,
              7.979129791259766,
              5.441387176513672,
              5.446215629577637,
              5.431329727172852,
              12.757555961608887,
              5.436491966247559,
              8.276620864868164,
              11.673736572265625,
              25.014686584472656,
              5.640132904052734,
              5.608628273010254,
              1.8100453615188599,
              1.7663166522979736,
              5.722626686096191,
              3.579857587814331,
              4.054755687713623,
              16.145248413085938,
              97.44327545166016,
              97.25166320800781,
              97.30461120605469,
              97.26964569091797,
              96.06098175048828,
              94.41877746582031,
              94.22200775146484,
              95.99946594238281,
              95.99720001220703,
              95.86019134521484,
              94.707275390625,
              93.7732925415039,
              93.59603118896484,
              93.6376724243164,
              91.09587097167969,
              92.50077819824219,
              92.5772705078125,
              87.5787582397461,
              87.6698226928711,
              90.94576263427734,
              88.33596801757812,
              90.9601058959961,
              94.54776000976562,
              94.55377197265625,
              94.81976318359375,
              96.68030548095703,
              97.39140319824219,
              94.02411651611328,
              94.0295639038086,
              93.58580017089844,
              94.78550720214844,
              92.37596893310547,
              94.4021987915039,
              94.36383056640625,
              90.5345230102539,
              87.83428955078125,
              91.1086654663086,
              86.00250244140625,
              85.84156799316406,
              86.65904998779297,
              86.49442291259766,
              86.62647247314453,
              86.8625259399414,
              87.21176147460938,
              89.81417083740234,
              87.22905731201172,
              87.06642150878906,
              74.28490447998047,
              69.10918426513672,
              73.01982879638672,
              84.16770935058594,
              85.10297393798828,
              84.40789031982422,
              87.47107696533203,
              83.62545013427734,
              80.41299438476562,
              80.78328704833984,
              85.89021301269531,
              86.1408920288086,
              86.06092071533203,
              82.56166076660156,
              82.41571044921875,
              77.22026824951172,
              81.69914245605469,
              82.04917907714844,
              79.12107849121094,
              96.14995574951172,
              96.15805053710938,
              98.9372787475586,
              98.93731689453125,
              99.14125061035156,
              97.1083984375,
              99.10009765625,
              97.11487579345703,
              97.0968017578125,
              86.96379852294922,
              86.83650207519531,
              79.46058654785156,
              83.4045181274414,
              83.40007781982422,
              83.16201782226562,
              78.777587890625,
              77.83929443359375,
              72.59274291992188,
              72.99392700195312,
              74.18986511230469,
              78.609130859375,
              86.15150451660156,
              91.52742004394531,
              0.00041887201950885355,
              3.1395898076880258e-06,
              0.006658654659986496,
              0.09341514855623245,
              3.971046209335327,
              33.98588943481445,
              63.90937042236328,
              44.28355026245117,
              44.29340744018555,
              46.10047912597656,
              45.788543701171875,
              35.83127212524414,
              45.11170959472656,
              44.09642791748047,
              33.47628402709961,
              44.46675109863281,
              34.40403747558594,
              24.506980895996094,
              24.79633331298828,
              24.897153854370117,
              15.413152694702148,
              1.4767569303512573,
              0.6198888421058655,
              0.7557521462440491,
              0.11630509048700333,
              0.49253132939338684,
              2.8112833499908447,
              3.085338592529297,
              0.7745405435562134,
              20.486515045166016,
              72.157470703125,
              68.52582550048828,
              76.24274444580078,
              67.0969009399414,
              75.8284683227539,
              75.65777587890625,
              86.668701171875,
              81.93225860595703,
              82.05998229980469,
              75.80187225341797,
              73.33949279785156,
              76.92252349853516,
              92.25898742675781,
              92.3061752319336,
              92.30797576904297,
              85.38346862792969,
              81.51237487792969,
              81.15316772460938,
              80.53553009033203,
              56.32758712768555,
              72.05708312988281,
              84.08021545410156,
              72.67242431640625,
              75.22908020019531,
              70.52539825439453,
              42.155975341796875,
              43.751163482666016,
              54.332035064697266,
              54.324825286865234,
              53.77956008911133,
              43.67909240722656,
              44.706687927246094,
              53.44932556152344,
              53.42284393310547,
              12.506524085998535,
              12.55217170715332,
              3.585866928100586,
              8.691387176513672,
              8.69041633605957,
              12.475688934326172,
              12.712947845458984,
              3.651205062866211,
              1.2326598167419434,
              1.233186960220337,
              0.3596799075603485,
              1.2336610555648804,
              1.7846077680587769,
              8.114354133605957,
              8.11137580871582,
              5.436957836151123,
              0.3530973494052887,
              0.2664150595664978,
              0.26572054624557495,
              0.611129641532898,
              2.3875162601470947,
              2.3338749408721924,
              5.518669128417969,
              82.87199401855469,
              30.701711654663086,
              77.55245971679688,
              92.62326049804688,
              93.74671936035156,
              87.76383972167969,
              87.67788696289062,
              92.0624008178711,
              92.06397247314453,
              94.8379898071289,
              82.17912292480469,
              82.18037414550781,
              81.79234313964844,
              89.4954833984375,
              89.23552703857422,
              94.67170715332031,
              94.6736068725586,
              94.36265563964844,
              89.57122802734375,
              93.67575073242188,
              94.3741226196289,
              94.411376953125,
              94.73149108886719,
              96.28939819335938,
              97.26425170898438,
              96.91068267822266,
              92.76791381835938,
              92.62985229492188,
              92.9809341430664,
              91.37190246582031,
              94.48505401611328,
              92.29035186767578,
              92.22464752197266,
              90.7573013305664,
              91.13041687011719,
              86.38511657714844,
              89.51637268066406,
              89.45659637451172,
              78.90696716308594,
              86.51380157470703,
              83.3279037475586,
              83.44993591308594,
              83.87864685058594,
              87.63701629638672,
              87.0738754272461,
              83.68383026123047,
              79.24724578857422,
              79.48483276367188,
              74.43358612060547,
              77.52075958251953,
              88.26922607421875,
              88.0699691772461,
              84.77381134033203,
              87.37337493896484,
              79.94683074951172,
              79.79096984863281,
              85.09918212890625,
              88.69535064697266,
              82.22540283203125,
              78.51441955566406,
              83.12194061279297,
              81.83277893066406,
              84.83499145507812,
              81.50872802734375,
              82.05061340332031,
              83.18883514404297,
              86.47531127929688,
              86.50889587402344,
              93.56965637207031,
              98.27255249023438,
              97.7853012084961,
              91.99571228027344,
              92.0447998046875,
              98.30008697509766,
              99.4552993774414,
              96.21046447753906,
              96.24113464355469,
              96.24113464355469,
              91.84479522705078,
              87.07565307617188,
              93.66268157958984,
              86.83995819091797,
              86.75140380859375,
              80.45775604248047,
              79.50696563720703,
              91.73576354980469,
              97.81513214111328,
              97.82881927490234,
              95.15897369384766,
              3.1838560516916914e-06,
              2.5408521651115734e-06,
              0.008429511450231075,
              0.07945135980844498,
              3.059835433959961,
              53.33819580078125,
              36.598880767822266,
              62.77676773071289,
              54.00366973876953,
              63.96735382080078,
              54.38468551635742,
              54.402915954589844,
              41.92903518676758,
              36.7860221862793,
              47.38859176635742,
              37.939552307128906,
              37.927513122558594,
              54.45705032348633,
              54.41392135620117,
              44.69608688354492,
              34.95580291748047,
              35.982120513916016,
              4.869474411010742,
              0.683368980884552,
              0.23237159848213196,
              0.2517060935497284,
              0.3019092381000519,
              0.6917101144790649,
              0.7612469792366028,
              17.97401237487793,
              66.36691284179688,
              60.481990814208984,
              62.51154708862305,
              76.07418060302734,
              72.242919921875,
              75.32646179199219,
              75.8297348022461,
              87.08759307861328,
              81.9400405883789,
              77.07325744628906,
              75.80643463134766,
              75.80461120605469,
              85.40582275390625,
              85.39833068847656,
              73.30390167236328,
              75.91691589355469,
              73.96954345703125,
              77.34429168701172,
              68.76229858398438,
              81.28546142578125,
              86.17918395996094,
              93.95663452148438,
              86.06970977783203,
              80.96316528320312,
              60.722225189208984,
              50.36933517456055,
              54.077919006347656,
              43.20684051513672,
              34.1141357421875,
              34.80485534667969,
              35.07331466674805,
              35.08091735839844,
              44.69020462036133,
              53.17137145996094,
              34.337158203125,
              12.534065246582031,
              3.5703725814819336,
              3.5715625286102295,
              5.3124847412109375,
              23.53160858154297,
              3.5831868648529053,
              5.520384788513184,
              5.524941444396973,
              1.234113097190857,
              0.2666373550891876,
              0.27169185876846313,
              1.2374664545059204,
              1.267274022102356,
              5.540512561798096,
              1.2350223064422607,
              0.27292972803115845,
              0.27026569843292236,
              0.2737470865249634,
              0.43684709072113037,
              0.5901769399642944,
              1.5248301029205322,
              8.479523658752441,
              3.497685194015503,
              39.11480712890625,
              87.06739807128906,
              68.94218444824219,
              77.39653778076172,
              69.00956726074219,
              70.56432342529297,
              69.18083953857422,
              60.52803421020508,
              69.55219268798828,
              4.664816379547119,
              29.001802444458008,
              60.547691345214844,
              90.73101043701172,
              90.73302459716797,
              90.80216217041016,
              86.97332000732422,
              93.22099304199219,
              92.53617858886719,
              92.28125762939453,
              92.28570556640625,
              95.52919006347656,
              94.58517456054688,
              96.36123657226562,
              97.58187866210938,
              0.00045217369915917516,
              95.67848205566406,
              94.65089416503906,
              94.83972930908203,
              91.90267944335938,
              91.80037689208984,
              91.18385314941406,
              87.55965423583984,
              93.56168365478516,
              89.24614715576172,
              89.52305603027344,
              0.0004818990419153124,
              84.09394836425781,
              78.93909454345703,
              0.0004613573255483061,
              80.05773162841797,
              80.19029998779297,
              0.00047250359784811735,
              84.2168960571289,
              84.12493133544922,
              79.17013549804688,
              82.70780944824219,
              74.34100341796875,
              85.25382232666016,
              85.02714538574219,
              87.49819946289062,
              84.58708190917969,
              87.40203094482422,
              80.03870391845703,
              80.5180435180664,
              87.86309051513672,
              85.20928955078125,
              81.16773986816406,
              77.6222915649414,
              82.2212142944336,
              85.03812408447266,
              84.89705657958984,
              84.7746810913086,
              84.94599914550781,
              86.12887573242188,
              82.6294174194336,
              91.08062744140625,
              97.61466217041016,
              91.49940490722656,
              79.69847106933594,
              79.6927719116211,
              87.06311798095703,
              93.48382568359375,
              99.14411163330078,
              98.31407928466797,
              98.31294250488281,
              95.34417724609375,
              96.44746398925781,
              97.89836883544922,
              98.63815307617188,
              98.63069915771484,
              98.27678680419922,
              95.12655639648438,
              83.58879089355469,
              95.51325225830078,
              95.57401275634766,
              95.38416290283203,
              98.38289642333984,
              0.0007944380631670356,
              0.000537375919520855,
              0.004514616448432207,
              0.03744596242904663,
              0.3507749140262604,
              3.9928901195526123,
              27.760007858276367,
              63.093631744384766,
              53.33787155151367,
              63.21013641357422,
              12.486980438232422,
              10.162885665893555,
              14.49605655670166,
              6.176889896392822,
              12.338873863220215,
              25.96160125732422,
              36.81086349487305,
              63.79485321044922,
              63.43010711669922,
              63.94973373413086,
              55.89443588256836,
              16.13603401184082,
              8.184708595275879,
              1.136947751045227,
              1.2082833051681519,
              0.3673224151134491,
              0.6810179352760315,
              1.8750509023666382,
              10.999711990356445,
              7.217096328735352,
              48.48986053466797,
              72.67835235595703,
              78.14945220947266,
              76.24105072021484,
              72.08272552490234,
              75.31349182128906,
              81.81584167480469,
              81.8238754272461,
              75.48876953125,
              79.652587890625,
              81.94097137451172,
              75.63719177246094,
              83.7764663696289,
              73.9011459350586,
              75.75556945800781,
              77.63931274414062,
              76.36823272705078,
              67.56671142578125,
              85.99642944335938,
              93.91987609863281,
              91.3048324584961,
              85.72710418701172,
              74.31413269042969,
              45.435516357421875,
              36.98746109008789,
              54.216949462890625,
              33.31180953979492,
              15.659515380859375,
              15.94874095916748,
              16.18318748474121,
              18.241544723510742,
              34.136085510253906,
              34.13335037231445,
              34.60292053222656,
              34.57338333129883,
              8.547284126281738,
              3.4979441165924072,
              12.496187210083008,
              3.5727052688598633,
              3.6508889198303223,
              1.2310880422592163,
              3.6578361988067627,
              0.3597293198108673,
              0.3597205877304077,
              0.35934433341026306,
              0.2750535011291504,
              0.2830367982387543,
              0.3595508933067322,
              0.27328670024871826,
              0.2728515863418579,
              0.8561422228813171,
              0.2056676596403122,
              0.5973378419876099,
              0.5899143815040588,
              0.58580082654953,
              2.294428825378418,
              0.7804122567176819,
              60.856689453125,
              94.8000259399414,
              94.79679107666016,
              87.27925872802734,
              47.731815338134766,
              23.059329986572266,
              4.782222747802734,
              4.780483722686768,
              1.0436131954193115,
              3.1801960468292236,
              7.78906774520874,
              37.88337326049805,
              37.887760162353516,
              51.4707145690918,
              82.81153106689453,
              90.57291412353516,
              93.23099517822266,
              87.00598907470703,
              94.69871520996094,
              97.2103042602539,
              96.05601501464844,
              94.42998504638672,
              94.7960433959961,
              96.34828186035156,
              97.16292572021484,
              97.15592956542969,
              94.05199432373047,
              96.5133285522461,
              96.535400390625,
              93.56756591796875,
              88.90950012207031,
              93.22775268554688,
              89.30308532714844,
              89.45207214355469,
              83.58403778076172,
              89.7232437133789,
              0.0004988805740140378,
              80.12274169921875,
              0.0005189743242226541,
              0.0005076582310721278,
              0.0005218087462708354,
              87.51750946044922,
              75.45709991455078,
              74.9549331665039,
              86.720458984375,
              83.14322662353516,
              82.82125854492188,
              85.09818267822266,
              84.2196044921875,
              87.3152084350586,
              87.11382293701172,
              87.317138671875,
              84.0295639038086,
              80.98709869384766,
              84.15811157226562,
              80.9482192993164,
              81.15795135498047,
              85.07376098632812,
              75.78106689453125,
              80.51832580566406,
              84.8097915649414,
              85.05125427246094,
              85.53065490722656,
              82.58065795898438,
              91.50969696044922,
              85.8304672241211,
              85.73287200927734,
              78.93426513671875,
              78.13141632080078,
              79.54793548583984,
              83.65132141113281,
              83.7388687133789,
              82.7456283569336,
              86.46769714355469,
              83.28785705566406,
              89.42193603515625,
              91.57528686523438,
              79.50397491455078,
              82.95234680175781,
              89.22480773925781,
              96.26470184326172,
              91.44586181640625,
              97.727294921875,
              97.07325744628906,
              87.14582824707031,
              96.38959503173828,
              0.0010448065586388111,
              0.0008110300987027586,
              2.9457798973453464e-06,
              0.003577534109354019,
              0.029204057529568672,
              0.6899691820144653,
              5.954155921936035,
              7.053356647491455,
              9.413469314575195,
              2.582143545150757,
              0.36565902829170227,
              0.2389858216047287,
              0.3220381438732147,
              0.1776142716407776,
              0.4857306480407715,
              1.6802308559417725,
              14.830066680908203,
              20.60519027709961,
              30.53251838684082,
              62.2639045715332,
              62.279964447021484,
              52.99565887451172,
              54.90688705444336,
              46.261085510253906,
              4.281767845153809,
              1.548160433769226,
              5.442698001861572,
              6.859707832336426,
              2.7783889770507812,
              5.404638290405273,
              11.531405448913574,
              40.78358840942383,
              49.38221740722656,
              76.55310821533203,
              78.81412506103516,
              82.69223022460938,
              87.50679779052734,
              89.19599151611328,
              90.15766143798828,
              87.5153579711914,
              82.93020629882812,
              82.22645568847656,
              85.40037536621094,
              80.36854553222656,
              77.62128448486328,
              84.50935363769531,
              73.26820373535156,
              73.83232116699219,
              85.14437866210938,
              80.05773162841797,
              86.25227355957031,
              78.24403381347656,
              78.09346008300781,
              54.80680465698242,
              45.97148132324219,
              36.15217208862305,
              15.440072059631348,
              15.447309494018555,
              25.640886306762695,
              10.907158851623535,
              15.970222473144531,
              52.716827392578125,
              30.417922973632812,
              33.8850212097168,
              22.785234451293945,
              12.393678665161133,
              8.426607131958008,
              5.603050708770752,
              2.3921115398406982,
              0.2667967677116394,
              0.27513423562049866,
              0.09092644602060318,
              0.08812077343463898,
              0.08814533054828644,
              0.07664578408002853,
              0.07867085188627243,
              0.07890956103801727,
              0.09032518416643143,
              0.09029141813516617,
              0.2727843225002289,
              0.8700209856033325,
              0.20914806425571442,
              0.20564350485801697,
              0.20448105037212372,
              0.2539632022380829,
              0.2513563632965088,
              1.1431955099105835,
              83.57273864746094,
              83.55088806152344,
              87.00050354003906,
              87.29850006103516,
              23.3868350982666,
              4.905076503753662,
              4.813187599182129,
              1.0345791578292847,
              3.2038893699645996,
              7.9788818359375,
              3.1971030235290527,
              3.2015647888183594,
              2.085486650466919,
              11.600288391113281,
              70.6722640991211,
              82.94902801513672,
              82.94698333740234,
              82.85319519042969,
              87.10226440429688,
              95.45226287841797,
              95.93486785888672,
              96.3165054321289,
              94.9228744506836,
              94.92601013183594,
              93.09132385253906,
              92.54705810546875,
              96.38663482666016,
              97.2062759399414,
              94.73922729492188,
              95.98499298095703,
              89.22164154052734,
              91.83847045898438,
              82.8519515991211,
              82.24787902832031,
              83.21170806884766,
              83.63872528076172,
              0.0005058355745859444,
              79.78988647460938,
              79.26737213134766,
              80.16790771484375,
              0.0004729379725176841,
              79.95361328125,
              79.69476318359375,
              74.57723999023438,
              78.72053527832031,
              78.61231231689453,
              86.67549133300781,
              87.11932373046875,
              85.95109558105469,
              80.52336120605469,
              79.88235473632812,
              83.32376098632812,
              90.11354064941406,
              89.77548217773438,
              84.54335021972656,
              84.54460144042969,
              84.85831451416016,
              81.08528900146484,
              81.32959747314453,
              80.02723693847656,
              84.12149810791016,
              84.64082336425781,
              80.9937744140625,
              82.18921661376953,
              85.57107543945312,
              95.9127197265625,
              95.88532257080078,
              78.5113525390625,
              73.3053970336914,
              77.09626007080078,
              77.98204040527344,
              78.08757781982422,
              78.23590087890625,
              78.22242736816406,
              73.56549072265625,
              85.93086242675781,
              86.38006591796875,
              91.5256576538086,
              79.10954284667969,
              85.87763214111328,
              83.0653305053711,
              78.98373413085938,
              88.98429107666016,
              95.18739318847656,
              95.32295227050781,
              90.31346893310547,
              84.10826110839844,
              0.0006403811858035624,
              2.02926844394824e-06,
              1.1486628181955894e-06,
              0.0007326271152123809,
              0.0019130834843963385,
              0.007220282219350338,
              0.05904782935976982,
              1.529389500617981,
              0.5513349771499634,
              0.23789314925670624,
              0.045395612716674805,
              0.008877523243427277,
              0.015275941230356693,
              0.014891373924911022,
              0.023483939468860626,
              0.058262430131435394,
              0.2656744122505188,
              1.3813201189041138,
              2.438214063644409,
              6.755580902099609,
              20.281625747680664,
              22.179655075073242,
              40.353763580322266,
              64.06806945800781,
              63.942081451416016,
              43.125953674316406,
              20.527748107910156,
              21.084537506103516,
              4.815418720245361,
              2.464975357055664,
              1.7616596221923828,
              3.172095537185669,
              3.41445255279541,
              28.088420867919922,
              71.61744689941406,
              81.68254852294922,
              88.1075210571289,
              88.26727294921875,
              88.48783874511719,
              94.67672729492188,
              83.15705871582031,
              83.56568908691406,
              83.6628646850586,
              80.84484100341797,
              85.39187622070312,
              81.90923309326172,
              86.2698745727539,
              86.26179504394531,
              85.97702026367188,
              81.0926284790039,
              74.99571228027344,
              75.11563873291016,
              74.94563293457031,
              55.3558235168457,
              54.129173278808594,
              64.18782806396484,
              45.6407356262207,
              48.212154388427734,
              24.51769256591797,
              17.726272583007812,
              7.952925682067871,
              15.9760160446167,
              16.01018524169922,
              22.589134216308594,
              39.351890563964844,
              30.52848243713379,
              15.782830238342285,
              25.399429321289062,
              2.3679864406585693,
              0.5841892957687378,
              0.583442747592926,
              0.26788681745529175,
              0.5967247486114502,
              0.20773860812187195,
              0.06752840429544449,
              0.0676407590508461,
              0.00044277397682890296,
              0.8624169826507568,
              0.00042422639671713114,
              0.07865358144044876,
              0.20537427067756653,
              0.20492610335350037,
              0.2040860950946808,
              0.5834980607032776,
              0.5821693539619446,
              0.198898047208786,
              0.19709807634353638,
              0.19247335195541382,
              5.158387184143066,
              87.59050750732422,
              77.6175765991211,
              77.62439727783203,
              77.6187744140625,
              16.935546875,
              4.82793664932251,
              1.0405193567276,
              3.2166690826416016,
              3.217254638671875,
              5.194885730743408,
              1.860075831413269,
              1.6990450620651245,
              7.871189594268799,
              7.8634843826293945,
              29.506805419921875,
              29.037172317504883,
              69.15889739990234,
              81.9371566772461,
              81.82222747802734,
              94.71475982666016,
              93.61197662353516,
              96.42002868652344,
              92.72637939453125,
              94.81988525390625,
              96.31295776367188,
              97.4355239868164,
              97.99198150634766,
              97.1717529296875,
              97.08824920654297,
              97.17084503173828,
              95.93372344970703,
              91.66657257080078,
              0.00042596826096996665,
              79.76597595214844,
              83.25123596191406,
              0.0004740765143651515,
              83.7845687866211,
              83.62164306640625,
              83.7378158569336,
              83.93354797363281,
              79.76516723632812,
              78.88525390625,
              74.89136505126953,
              91.32463073730469,
              91.28050231933594,
              88.48040771484375,
              89.12349700927734,
              89.24188232421875,
              91.22611236572266,
              91.06092834472656,
              87.56434631347656,
              87.24556732177734,
              87.63197326660156,
              89.87739562988281,
              89.70447540283203,
              83.89695739746094,
              83.85262298583984,
              80.86968994140625,
              84.9416732788086,
              84.43633270263672,
              84.25460052490234,
              83.78746795654297,
              80.64325714111328,
              81.97612762451172,
              82.47637939453125,
              85.64720916748047,
              85.4548568725586,
              77.42539978027344,
              81.00518035888672,
              80.99188232421875,
              81.1090087890625,
              81.21050262451172,
              72.31785583496094,
              71.961669921875,
              71.40946197509766,
              72.6521224975586,
              82.70037078857422,
              74.02391815185547,
              79.13636779785156,
              79.39202117919922,
              78.69731140136719,
              82.4374771118164,
              82.67018127441406,
              89.4764404296875,
              89.78612518310547,
              89.503662109375,
              83.30384826660156,
              3.7240372421365464e-06,
              2.0799207050004043e-06,
              3.12762654175458e-06,
              0.0016459551407024264,
              0.0027269506826996803,
              0.006059350911527872,
              0.009312435984611511,
              0.014283347874879837,
              0.01217162236571312,
              0.012957791797816753,
              0.012662991881370544,
              0.020762205123901367,
              0.009152214042842388,
              0.012992697767913342,
              4.5521624087996315e-06,
              0.10294479131698608,
              0.32703104615211487,
              0.5186840891838074,
              1.6316102743148804,
              10.910789489746094,
              14.012120246887207,
              21.395671844482422,
              61.10368347167969,
              70.59161376953125,
              72.28101348876953,
              71.52848815917969,
              41.64742660522461,
              9.937060356140137,
              1.3241454362869263,
              0.9864256978034973,
              1.0862720012664795,
              0.7359035015106201,
              3.171008348464966,
              47.397003173828125,
              17.413026809692383,
              60.82416915893555,
              91.67048645019531,
              94.70130920410156,
              89.6361312866211,
              89.76838684082031,
              82.60424041748047,
              82.30343627929688,
              85.96771240234375,
              85.68247985839844,
              82.9135513305664,
              83.53425598144531,
              86.26495361328125,
              85.7674560546875,
              86.33318328857422,
              86.34996795654297,
              86.50640869140625,
              80.12987518310547,
              77.91587829589844,
              54.05291748046875,
              53.79652404785156,
              61.695491790771484,
              43.47682189941406,
              21.887813568115234,
              17.690662384033203,
              17.719493865966797,
              10.748603820800781,
              8.209772109985352,
              56.780548095703125,
              76.60295104980469,
              76.64677429199219,
              30.425012588500977,
              30.627418518066406,
              16.134136199951172,
              3.6613059043884277,
              3.7267963886260986,
              2.3648343086242676,
              0.417946457862854,
              0.2684490978717804,
              0.20766502618789673,
              0.16190695762634277,
              2.3994946479797363,
              3.6501526832580566,
              0.07881572097539902,
              0.07652796804904938,
              0.20516414940357208,
              0.20519135892391205,
              0.20484891533851624,
              0.5864832997322083,
              0.4135955572128296,
              0.19905008375644684,
              0.19897499680519104,
              0.19766031205654144,
              23.477582931518555,
              90.80673217773438,
              69.59264373779297,
              69.55440521240234,
              77.0468978881836,
              38.613548278808594,
              17.269458770751953,
              1.5806658267974854,
              1.5795085430145264,
              3.2944283485412598,
              3.356295108795166,
              2.078242778778076,
              2.078962802886963,
              2.0773048400878906,
              2.6766610145568848,
              10.017521858215332,
              10.989251136779785,
              47.10484313964844,
              47.12171173095703,
              76.2109375,
              82.64942169189453,
              92.83726501464844,
              95.00436401367188,
              95.00843048095703,
              94.94341278076172,
              94.47322082519531,
              96.39680480957031,
              98.39781951904297,
              98.39862823486328,
              98.63414001464844,
              96.1063003540039,
              94.22023010253906,
              92.87818908691406,
              93.01129913330078,
              0.00046125942026264966,
              0.0003905605408363044,
              91.12133026123047,
              88.9437026977539,
              89.08533477783203,
              95.76325225830078,
              91.83963012695312,
              86.85208892822266,
              86.49158477783203,
              86.26527404785156,
              93.26603698730469,
              91.24730682373047,
              92.82289123535156,
              88.13727569580078,
              87.56439971923828,
              84.49381256103516,
              87.8554916381836,
              94.166015625,
              92.63014221191406,
              92.10843658447266,
              91.83480834960938,
              86.47940826416016,
              87.4243392944336,
              83.86863708496094,
              86.97370910644531,
              86.95639038085938,
              87.5595474243164,
              87.02484130859375,
              75.18540954589844,
              76.86576080322266,
              77.67283630371094,
              88.70661163330078,
              88.70002746582031,
              77.44937133789062,
              84.08656311035156,
              83.86954498291016,
              87.24404907226562,
              83.73513793945312,
              93.67486572265625,
              89.23834228515625,
              89.23927307128906,
              75.72603607177734,
              88.0137710571289,
              81.25376892089844,
              71.58007049560547,
              71.76775360107422,
              77.55242919921875,
              77.94725036621094,
              82.14006042480469,
              78.06671905517578,
              77.9155502319336,
              82.2593994140625,
              86.36788940429688,
              79.00881958007812,
              0.0005394952022470534,
              0.0010536399204283953,
              0.00305235106498003,
              0.0018810327164828777,
              0.001708109979517758,
              0.0022341585718095303,
              0.0025163288228213787,
              0.0033364843111485243,
              0.0037322945427149534,
              0.004623375367373228,
              2.114228891514358e-06,
              0.002310562413185835,
              0.0035976578947156668,
              0.0048789591528475285,
              0.013609178364276886,
              0.03813992813229561,
              0.07319395989179611,
              0.5591986775398254,
              1.8896088600158691,
              2.5670011043548584,
              10.742754936218262,
              47.35520935058594,
              60.74386215209961,
              61.296546936035156,
              71.0383071899414,
              42.98712158203125,
              15.168608665466309,
              18.187524795532227,
              0.9161757230758667,
              0.31453895568847656,
              0.6902803182601929,
              1.9089685678482056,
              2.017313241958618,
              11.693882942199707,
              41.43336486816406,
              86.36738586425781,
              94.39161682128906,
              92.2674331665039,
              89.64231872558594,
              87.2791976928711,
              82.49855041503906,
              82.95760345458984,
              85.97887420654297,
              87.56147003173828,
              83.25016021728516,
              86.08673095703125,
              86.1591796875,
              86.3192138671875,
              86.41658782958984,
              86.31294250488281,
              85.72980499267578,
              81.52652740478516,
              81.64167022705078,
              60.20402145385742,
              71.15436553955078,
              59.70307540893555,
              17.114891052246094,
              21.071056365966797,
              42.795570373535156,
              10.702380180358887,
              5.051927089691162,
              31.586158752441406,
              31.6854248046875,
              30.389636993408203,
              52.76690673828125,
              52.75258255004883,
              34.11907958984375,
              34.0388069152832,
              23.97455596923828,
              2.3647568225860596,
              0.5770297050476074,
              12.588781356811523,
              12.587218284606934,
              0.8440912961959839,
              0.8421005010604858,
              0.5946687459945679,
              0.07631705701351166,
              0.0760977491736412,
              0.06686071306467056,
              0.07594449073076248,
              0.20493127405643463,
              0.16006064414978027,
              0.20313775539398193,
              0.5774766206741333,
              0.583808183670044,
              0.8091369867324829,
              47.75297164916992,
              81.8165054321289,
              83.23920440673828,
              69.09893798828125,
              82.80481719970703,
              87.33293151855469,
              92.66413116455078,
              38.64377975463867,
              3.245059013366699,
              12.079436302185059,
              3.1515750885009766,
              3.153683662414551,
              2.0882065296173096,
              0.705336332321167,
              0.714978814125061,
              1.0321341753005981,
              1.032212734222412,
              3.1581554412841797,
              38.47837829589844,
              77.40802001953125,
              82.62025451660156,
              82.63288879394531,
              82.65402221679688,
              89.77601623535156,
              87.94840240478516,
              89.20824432373047,
              96.32494354248047,
              96.33080291748047,
              98.53863525390625,
              98.40499877929688,
              97.10066223144531,
              94.95659637451172,
              94.96188354492188,
              93.31295776367188,
              89.53020477294922,
              92.84017181396484,
              92.8137435913086,
              92.82506561279297,
              96.31852722167969,
              95.7501449584961,
              91.81281280517578,
              89.45136260986328,
              89.35601806640625,
              93.28227233886719,
              93.2952651977539,
              93.19026184082031,
              90.8836898803711,
              90.79902648925781,
              90.17200469970703,
              87.56562805175781,
              83.24188232421875,
              86.8277587890625,
              93.87012481689453,
              95.23301696777344,
              93.5296630859375,
              93.42268371582031,
              93.42158508300781,
              96.4387435913086,
              96.19144439697266,
              92.09815979003906,
              89.45092010498047,
              86.92855072021484,
              83.55144500732422,
              77.16169738769531,
              82.17993927001953,
              82.14518737792969,
              77.47062683105469,
              77.02812194824219,
              75.45743560791016,
              85.93976593017578,
              87.06449890136719,
              94.28303527832031,
              95.09961700439453,
              97.10086822509766,
              96.1755599975586,
              89.78398895263672,
              95.48251342773438,
              95.45232391357422,
              88.09524536132812,
              80.8011703491211,
              72.21739196777344,
              90.60521697998047,
              85.39664459228516,
              85.38414001464844,
              76.88237762451172,
              85.28765106201172,
              85.91779327392578,
              85.29439544677734,
              0.0012400138657540083,
              3.5883517739421222e-06,
              2.551068064349238e-06,
              1.8669893506739754e-06,
              1.4039039797353325e-06,
              2.903165523093776e-06,
              0.0013735335087403655,
              0.003626948921009898,
              0.0037668002769351006,
              0.001694135251455009,
              1.7444833702029428e-06,
              1.2957452781847678e-06,
              1.5445497183463885e-06,
              0.0031463266350328922,
              0.003907658625394106,
              0.005857902113348246,
              0.007544501684606075,
              0.015123789198696613,
              0.0644553005695343,
              0.3013339042663574,
              0.9527499675750732,
              2.4279026985168457,
              12.8602876663208,
              47.673500061035156,
              61.1834716796875,
              69.99779510498047,
              79.65141296386719,
              79.81217193603516,
              57.08363723754883,
              2.617284059524536,
              0.20362776517868042,
              0.1642223745584488,
              0.1910402774810791,
              0.21318010985851288,
              1.0802453756332397,
              11.144335746765137,
              50.010650634765625,
              57.587825775146484,
              67.35660552978516,
              85.06937408447266,
              85.3016586303711,
              84.36756896972656,
              82.4109115600586,
              80.87437438964844,
              85.6490249633789,
              87.9836196899414,
              83.15755462646484,
              86.09153747558594,
              86.4920425415039,
              80.69080352783203,
              92.7896728515625,
              89.89892578125,
              85.28269958496094,
              89.10374450683594,
              89.78897094726562,
              72.96566772460938,
              49.37887954711914,
              49.37145233154297,
              43.18070602416992,
              25.19477653503418,
              25.728910446166992,
              25.1856689453125,
              25.50282859802246,
              4.960834503173828,
              8.0897216796875,
              15.689082145690918,
              42.888877868652344,
              43.16489028930664,
              70.9368667602539,
              42.82249069213867,
              10.98391342163086,
              3.638394594192505,
              3.7090468406677246,
              3.700176954269409,
              2.350961208343506,
              0.2590258717536926,
              0.8545681834220886,
              0.06742452085018158,
              0.06490765511989594,
              0.06693222373723984,
              0.16148945689201355,
              0.1617964506149292,
              0.20507997274398804,
              0.20469366014003754,
              0.5949793457984924,
              0.5839343070983887,
              17.88266944885254,
              65.92379760742188,
              65.8420639038086,
              82.90724182128906,
              77.2494888305664,
              82.83179473876953,
              82.83230590820312,
              93.39227294921875,
              97.88758850097656,
              87.5167007446289,
              11.883522987365723,
              2.2124273777008057,
              3.2269277572631836,
              1.062259316444397,
              2.0927200317382812,
              2.1438989639282227,
              0.2296665608882904,
              0.2229873389005661,
              0.2934706509113312,
              0.7194656729698181,
              3.1741843223571777,
              53.230613708496094,
              53.21833038330078,
              80.55308532714844,
              85.95068359375,
              85.87214660644531,
              90.15245056152344,
              90.1725082397461,
              89.23430633544922,
              96.44941711425781,
              97.81204986572266,
              98.00637817382812,
              98.01016998291016,
              97.22808837890625,
              96.01526641845703,
              92.07490539550781,
              90.11555480957031,
              89.9114761352539,
              91.11251068115234,
              95.63567352294922,
              96.88924407958984,
              95.30158233642578,
              95.33251953125,
              93.50914001464844,
              95.85883331298828,
              93.33740234375,
              92.97061157226562,
              92.85294342041016,
              87.63663482666016,
              87.31568908691406,
              89.93692779541016,
              83.853759765625,
              83.56370544433594,
              86.50442504882812,
              97.95242309570312,
              98.42758178710938,
              96.32434844970703,
              96.2711181640625,
              96.44605255126953,
              96.2393798828125,
              96.21607208251953,
              91.9771728515625,
              87.35105895996094,
              92.30370330810547,
              92.42388916015625,
              88.45952606201172,
              81.95586395263672,
              82.0340576171875,
              90.49349975585938,
              86.64209747314453,
              91.62932586669922,
              88.77059173583984,
              79.95516967773438,
              80.15584564208984,
              89.05060577392578,
              95.8818130493164,
              96.23870086669922,
              97.69017028808594,
              97.64750671386719,
              96.78839874267578,
              96.24869537353516,
              95.37149810791016,
              98.40078735351562,
              98.43838500976562,
              97.39048767089844,
              92.53597259521484,
              88.09760284423828,
              98.49369812011719,
              98.49541473388672,
              97.52934265136719,
              0.0019037872552871704,
              0.0015642232028767467,
              0.0009411182254552841,
              0.0007499376079067588,
              0.0006858442211523652,
              2.9158643428672804e-06,
              4.303071364120115e-06,
              0.00221796496771276,
              0.0038945127744227648,
              0.003208613721653819,
              0.0018499833531677723,
              0.0009035354014486074,
              1.5978182545950403e-06,
              0.00235865730792284,
              0.004453994333744049,
              0.008490893058478832,
              0.010608662851154804,
              0.023673756048083305,
              0.033556535840034485,
              0.07616743445396423,
              0.27028974890708923,
              0.7437914609909058,
              1.4878873825073242,
              7.778442859649658,
              34.64790725708008,
              70.39759063720703,
              78.2513427734375,
              78.58466339111328,
              80.63056945800781,
              66.04181671142578,
              34.767086029052734,
              6.002543926239014,
              6.883568286895752,
              0.4325580298900604,
              0.03978405147790909,
              0.04896416887640953,
              0.23735205829143524,
              3.237760066986084,
              3.498326539993286,
              48.85755157470703,
              62.759124755859375,
              75.527099609375,
              88.45268249511719,
              88.4510269165039,
              78.30426025390625,
              86.08824157714844,
              83.01509857177734,
              85.7718505859375,
              82.9052505493164,
              83.5407943725586,
              85.88660430908203,
              89.5777816772461,
              89.76128387451172,
              89.47032928466797,
              88.86932373046875,
              88.3222427368164,
              90.0388412475586,
              63.741451263427734,
              59.72365188598633,
              42.761756896972656,
              34.34304428100586,
              33.28553009033203,
              32.84321975708008,
              32.96678161621094,
              33.10948944091797,
              33.16108322143555,
              21.9703369140625,
              52.21397399902344,
              52.28589630126953,
              38.52707290649414,
              71.36904907226562,
              15.562515258789062,
              8.06479549407959,
              8.18299388885498,
              12.231828689575195,
              3.448634624481201,
              5.146429538726807,
              0.19890016317367554,
              0.19852931797504425,
              0.2602646052837372,
              0.06493142247200012,
              0.06476165354251862,
              0.06443150341510773,
              0.06446406990289688,
              0.1612820029258728,
              0.20442229509353638,
              0.5814628005027771,
              31.17715072631836,
              31.034894943237305,
              91.0428695678711,
              69.30804443359375,
              76.54698181152344,
              78.13896179199219,
              78.12855529785156,
              90.81958770751953,
              93.49053192138672,
              98.43165588378906,
              98.48213958740234,
              98.47388458251953,
              69.61408233642578,
              4.84940767288208,
              1.0475505590438843,
              0.7397977709770203,
              0.7407333850860596,
              0.7501292824745178,
              0.17685304582118988,
              0.7208446264266968,
              0.7221716642379761,
              2.0701558589935303,
              7.651062965393066,
              53.81652069091797,
              85.94896697998047,
              85.96153259277344,
              87.65514373779297,
              87.66666412353516,
              89.22844696044922,
              89.23927307128906,
              94.9468994140625,
              98.2052993774414,
              98.19756317138672,
              96.70520782470703,
              96.05552673339844,
              88.955322265625,
              89.35737609863281,
              89.6170883178711,
              89.63453674316406,
              86.3548812866211,
              94.80606842041016,
              95.66993713378906,
              95.69977569580078,
              95.10386657714844,
              96.1631851196289,
              93.54265594482422,
              93.3492660522461,
              93.31138610839844,
              93.2716293334961,
              90.39128875732422,
              84.0572509765625,
              83.61243438720703,
              83.02189636230469,
              83.45223236083984,
              94.01979064941406,
              96.29459381103516,
              97.9622802734375,
              97.96182250976562,
              96.29834747314453,
              96.36468505859375,
              97.04422760009766,
              97.78318786621094,
              97.81541442871094,
              95.4160385131836,
              97.11647033691406,
              97.10713195800781,
              93.72224426269531,
              93.74323272705078,
              96.4251937866211,
              96.25065612792969,
              94.80301666259766,
              98.23560333251953,
              98.2120590209961,
              97.51319885253906,
              92.58004760742188,
              88.05938720703125,
              91.82225799560547,
              98.26506805419922,
              98.26201629638672,
              98.88648986816406,
              98.83932495117188,
              98.6749267578125,
              98.68595886230469,
              98.69348907470703,
              99.00933074951172,
              98.3725814819336,
              98.38236236572266,
              99.21763610839844,
              99.22437286376953,
              99.25150299072266,
              99.24467468261719,
              0.0015855006640776992,
              0.0014051607577130198,
              0.001590693718753755,
              0.0012756240321323276,
              0.0012804197613149881,
              0.0013366735074669123,
              0.0018412463832646608,
              0.005956048611551523,
              0.006101960316300392,
              0.004611811600625515,
              0.003278130665421486,
              0.002187777543440461,
              2.3410359517583856e-06,
              0.002525677904486656,
              0.0022134652826935053,
              0.0022254108916968107,
              2.325644345546607e-06,
              0.010097291320562363,
              0.021970396861433983,
              0.14345790445804596,
              0.863551139831543,
              0.25738081336021423,
              0.3567417860031128,
              4.215409755706787,
              15.082968711853027,
              10.425603866577148,
              57.4934196472168,
              75.09740447998047,
              85.28837585449219,
              78.12065887451172,
              72.01811981201172,
              55.59214782714844,
              24.887048721313477,
              25.524330139160156,
              6.294208526611328,
              0.22283534705638885,
              0.034171611070632935,
              0.04198925569653511,
              0.05144186317920685,
              0.23664236068725586,
              2.0118587017059326,
              27.955537796020508,
              66.95353698730469,
              67.39091491699219,
              79.27128601074219,
              78.97920227050781,
              78.93455505371094,
              86.21199035644531,
              86.29947662353516,
              90.10118865966797,
              83.21110534667969,
              85.74366760253906,
              85.01533508300781,
              85.06299591064453,
              89.2957534790039,
              88.42662811279297,
              89.49916076660156,
              85.9343032836914,
              86.02334594726562,
              78.8698501586914,
              58.98949432373047,
              52.98261642456055,
              50.004150390625,
              58.10708236694336,
              33.2609748840332,
              23.29774284362793,
              32.69624710083008,
              16.892871856689453,
              31.729585647583008,
              10.191008567810059,
              33.75577926635742,
              29.403894424438477,
              52.18513107299805,
              24.622314453125,
              22.246906280517578,
              21.858434677124023,
              22.616334915161133,
              17.197267532348633,
              10.881294250488281,
              3.435042142868042,
              0.199850395321846,
              0.06506560742855072,
              0.06494342535734177,
              0.06265769153833389,
              0.06459251791238785,
              0.06452861428260803,
              0.19952715933322906,
              0.16051293909549713,
              3.476947069168091,
              3.537100076675415,
              69.96768951416016,
              91.04660034179688,
              30.540061950683594,
              39.25338363647461,
              39.094505310058594,
              3.339681386947632,
              1.1046433448791504,
              90.978271484375,
              98.37925720214844,
              98.37925720214844,
              98.59184265136719,
              87.61973571777344,
              7.199838161468506,
              3.2380383014678955,
              3.24141001701355,
              0.7321270108222961,
              0.7417036890983582,
              0.5210329294204712,
              0.5009791254997253,
              0.5023252367973328,
              7.648890495300293,
              33.26027297973633,
              69.73978424072266,
              86.27993774414062,
              86.1993408203125,
              89.212890625,
              84.75453186035156,
              83.109375,
              89.18643188476562,
              90.40576171875,
              96.12687683105469,
              97.89627075195312,
              96.23086547851562,
              85.80195617675781,
              88.66295623779297,
              86.7078857421875,
              89.6839828491211,
              93.40550231933594,
              86.84000396728516,
              89.45158386230469,
              86.42208862304688,
              94.83425903320312,
              95.00281524658203,
              95.2568130493164,
              95.25883483886719,
              93.81512451171875,
              93.32752227783203,
              92.87857055664062,
              87.46338653564453,
              87.00545501708984,
              78.29198455810547,
              83.31382751464844,
              91.82465362548828,
              89.71761322021484,
              89.95230102539062,
              89.7762451171875,
              91.69212341308594,
              93.86131286621094,
              96.38236236572266,
              97.30477905273438,
              97.3038330078125,
              97.24152374267578,
              97.71904754638672,
              96.8817138671875,
              96.59224700927734,
              96.69677734375,
              96.04862213134766,
              98.38862609863281,
              98.22339630126953,
              96.84601593017578,
              96.79923248291016,
              98.35489654541016,
              98.56184387207031,
              97.7897720336914,
              98.28390502929688,
              99.01546478271484,
              95.93771362304688,
              98.22923278808594,
              98.54440307617188,
              97.25056457519531,
              97.59347534179688,
              96.38065338134766,
              98.46722412109375,
              99.14815521240234,
              98.9503173828125,
              98.9678726196289,
              99.19573211669922,
              99.23170471191406,
              99.3597640991211,
              99.06255340576172,
              0.0021089569199830294,
              0.0019705677404999733,
              0.0019428065279498696,
              0.0015857714461162686,
              0.0017000942025333643,
              0.0026233652606606483,
              0.006324366200715303,
              0.014883981086313725,
              0.022410418838262558,
              0.020834680646657944,
              0.007999171502888203,
              0.003828898072242737,
              0.004628296010196209,
              0.006735123228281736,
              0.005729653872549534,
              0.003917303401976824,
              0.004581043031066656,
              0.006329740397632122,
              0.021976757794618607,
              0.3160032629966736,
              2.0055174827575684,
              52.988182067871094,
              84.47662353515625,
              84.82536315917969,
              85.45767974853516,
              79.40591430664062,
              79.25377655029297,
              79.10968017578125,
              85.58641052246094,
              80.06855010986328,
              72.06610870361328,
              53.94662094116211,
              34.89020919799805,
              17.725845336914062,
              1.514628291130066,
              0.3389956057071686,
              0.6460405588150024,
              0.17799317836761475,
              0.13711872696876526,
              0.442111074924469,
              4.280566215515137,
              4.7761640548706055,
              39.58911895751953,
              57.48657989501953,
              67.43238830566406,
              83.96600341796875,
              82.37255096435547,
              85.4224624633789,
              85.9285659790039,
              89.89315795898438,
              87.8692626953125,
              92.45193481445312,
              92.52009582519531,
              89.31998443603516,
              84.4773178100586,
              88.68447875976562,
              86.08568572998047,
              86.07685852050781,
              0.00040623522363603115,
              0.0003986689553130418,
              48.88825225830078,
              48.699649810791016,
              47.92146301269531,
              23.82386016845703,
              32.9720458984375,
              23.843154907226562,
              33.016178131103516,
              24.942916870117188,
              16.886295318603516,
              21.985605239868164,
              32.91593933105469,
              24.438594818115234,
              33.71738815307617,
              25.152257919311523,
              24.315380096435547,
              42.60833740234375,
              33.982704162597656,
              32.73335266113281,
              5.400156021118164,
              1.0054713487625122,
              0.5610677599906921,
              0.06469191610813141,
              0.15663166344165802,
              0.15180927515029907,
              0.15156814455986023,
              0.1515115201473236,
              0.062145672738552094,
              0.062042295932769775,
              0.5709555745124817,
              0.5554054379463196,
              5.266726970672607,
              3.5171608924865723,
              3.491725444793701,
              0.8104936480522156,
              0.2539965510368347,
              0.248668372631073,
              0.3194758892059326,
              0.3199721872806549,
              57.3458137512207,
              97.3822021484375,
              30.200756072998047,
              29.99614143371582,
              30.00131607055664,
              11.698366165161133,
              7.9180097579956055,
              5.239675521850586,
              8.065616607666016,
              8.060840606689453,
              3.248161792755127,
              7.79640531539917,
              44.137840270996094,
              53.32513427734375,
              53.35267639160156,
              74.09152221679688,
              86.78036499023438,
              92.5125503540039,
              85.11470794677734,
              85.13426971435547,
              85.06132507324219,
              92.87844848632812,
              96.97657775878906,
              97.50675964355469,
              91.69302368164062,
              95.99561309814453,
              91.62599182128906,
              91.47908020019531,
              88.69779205322266,
              94.8938217163086,
              85.87129974365234,
              89.61820983886719,
              86.47239685058594,
              91.90617370605469,
              96.27592468261719,
              93.2872085571289,
              95.02182006835938,
              93.53302001953125,
              94.70661163330078,
              93.23674011230469,
              92.9389877319336,
              83.91788482666016,
              83.77030944824219,
              80.5209732055664,
              74.54801940917969,
              79.88739013671875,
              88.21509552001953,
              81.28668975830078,
              86.99005889892578,
              91.86955261230469,
              92.18827819824219,
              95.48706817626953,
              96.30050659179688,
              97.3451156616211,
              97.7044677734375,
              97.633544921875,
              96.93827819824219,
              97.33747863769531,
              97.56571197509766,
              98.67759704589844,
              98.66219329833984,
              98.12541961669922,
              96.04280853271484,
              96.12863159179688,
              93.33037567138672,
              88.3818359375,
              95.21163940429688,
              98.3421630859375,
              98.95764923095703,
              99.15795135498047,
              98.37879943847656,
              98.08367156982422,
              98.42533111572266,
              98.42792510986328,
              98.7277603149414,
              98.99813842773438,
              98.55449676513672,
              98.86071014404297,
              98.81304168701172,
              98.81836700439453,
              98.37676239013672,
              98.69404602050781,
              0.0032085110433399677,
              0.00354248215444386,
              0.0022727742325514555,
              0.0017235750565305352,
              0.002943161642178893,
              0.0024220612831413746,
              0.008471911773085594,
              0.0499996654689312,
              0.14043033123016357,
              0.13999691605567932,
              0.09282377362251282,
              0.050634291023015976,
              0.03833147510886192,
              0.024952609091997147,
              0.015395013615489006,
              0.010581159964203835,
              0.01037523802369833,
              0.02229907549917698,
              0.06723508983850479,
              0.9348284602165222,
              11.21819019317627,
              42.58119583129883,
              89.43643951416016,
              85.3358154296875,
              90.06947326660156,
              90.241943359375,
              86.09367370605469,
              80.4755859375,
              73.53172302246094,
              65.47721862792969,
              65.72468566894531,
              56.69101333618164,
              35.28016662597656,
              9.676445007324219,
              1.6537894010543823,
              1.074781060218811,
              0.8343346118927002,
              0.268311083316803,
              0.6377419829368591,
              0.7359398007392883,
              2.0721707344055176,
              7.602666854858398,
              38.70687484741211,
              57.847618103027344,
              79.30412292480469,
              81.21769714355469,
              84.46078491210938,
              85.92071533203125,
              85.93533325195312,
              85.92036437988281,
              86.04808807373047,
              87.57489013671875,
              87.08906555175781,
              90.00109100341797,
              92.6500473022461,
              92.632080078125,
              89.3299789428711,
              86.00814056396484,
              85.64057922363281,
              69.99313354492188,
              63.9005012512207,
              69.23822021484375,
              41.87858200073242,
              21.081789016723633,
              23.80047607421875,
              23.808019638061523,
              42.62556076049805,
              16.774349212646484,
              24.853717803955078,
              25.127565383911133,
              30.47298812866211,
              32.88551712036133,
              21.678590774536133,
              33.199928283691406,
              33.890167236328125,
              33.915016174316406,
              44.083839416503906,
              25.08757972717285,
              5.37930965423584,
              1.4845795631408691,
              1.5181058645248413,
              0.5596755146980286,
              0.1507328450679779,
              0.151654452085495,
              0.15611115097999573,
              0.15487876534461975,
              0.15470744669437408,
              0.1568082720041275,
              0.20408515632152557,
              0.5878930687904358,
              0.24892407655715942,
              0.25481486320495605,
              0.19443750381469727,
              0.19622717797756195,
              0.192580908536911,
              0.19266587495803833,
              0.1870759129524231,
              0.7682645916938782,
              1.606170892715454,
              5.005810260772705,
              0.5653867721557617,
              0.32184091210365295,
              3.2617828845977783,
              3.2645604610443115,
              10.485391616821289,
              17.069366455078125,
              19.079408645629883,
              43.83216094970703,
              9.700590133666992,
              9.71407699584961,
              43.62590026855469,
              43.6213264465332,
              67.1155776977539,
              81.12381744384766,
              80.6114501953125,
              89.60519409179688,
              89.61679077148438,
              86.05049133300781,
              84.97871398925781,
              94.55158996582031,
              97.54637145996094,
              97.52426147460938,
              98.10565185546875,
              93.14725494384766,
              93.45381927490234,
              93.27430725097656,
              93.3213119506836,
              83.02222442626953,
              83.04566955566406,
              83.07209014892578,
              86.71880340576172,
              86.79116821289062,
              89.45968627929688,
              93.17984008789062,
              94.89817810058594,
              93.54447174072266,
              93.50616455078125,
              93.18511199951172,
              92.70064544677734,
              84.21087646484375,
              79.80264282226562,
              79.00215148925781,
              71.16515350341797,
              69.55314636230469,
              79.56707763671875,
              82.96884155273438,
              88.84568786621094,
              88.25509643554688,
              83.60308074951172,
              92.1261978149414,
              96.4476318359375,
              94.0604248046875,
              93.86109161376953,
              96.39068603515625,
              97.04400634765625,
              97.43773651123047,
              98.19729614257812,
              98.21045684814453,
              98.89742279052734,
              98.86748504638672,
              99.17375183105469,
              97.99107360839844,
              89.38787078857422,
              91.0168685913086,
              95.63004302978516,
              99.41563415527344,
              99.19779205322266,
              99.2123031616211,
              98.99394226074219,
              98.2793960571289,
              98.69255828857422,
              98.6671371459961,
              98.34806060791016,
              96.96088409423828,
              91.04300689697266,
              96.92662811279297,
              96.24276733398438,
              98.93872833251953,
              92.48469543457031,
              94.02506256103516,
              0.005750379525125027,
              0.007048670668154955,
              0.004375890363007784,
              0.015445741824805737,
              0.01870163530111313,
              0.010239197872579098,
              0.015684155747294426,
              0.4683613181114197,
              2.3243935108184814,
              6.754842281341553,
              22.790788650512695,
              10.218916893005371,
              0.7869985699653625,
              0.20913532376289368,
              0.04941463842988014,
              0.036888815462589264,
              0.04657845199108124,
              0.0504179522395134,
              0.16285349428653717,
              2.253448009490967,
              29.500850677490234,
              88.9326171875,
              89.61309051513672,
              89.72239685058594,
              90.07376861572266,
              81.43763732910156,
              82.35101318359375,
              76.2490234375,
              74.65345001220703,
              66.092529296875,
              66.78825378417969,
              46.48357391357422,
              24.399328231811523,
              26.615882873535156,
              6.068335056304932,
              1.3960726261138916,
              4.4940690994262695,
              1.7044874429702759,
              3.2059485912323,
              5.304247856140137,
              7.513642311096191,
              19.929420471191406,
              41.146549224853516,
              49.00865936279297,
              55.56898880004883,
              72.75011444091797,
              79.79961395263672,
              84.68901824951172,
              85.51521301269531,
              85.97901153564453,
              85.58335876464844,
              87.14080810546875,
              89.28531646728516,
              89.71826934814453,
              89.66571807861328,
              89.77583312988281,
              89.98016357421875,
              85.59685516357422,
              79.79808044433594,
              79.74207305908203,
              60.1817626953125,
              52.74916458129883,
              33.691375732421875,
              21.0450382232666,
              21.060230255126953,
              23.797361373901367,
              32.97412872314453,
              32.32051086425781,
              34.64613723754883,
              34.73402786254883,
              32.92183303833008,
              18.90350914001465,
              33.36250305175781,
              51.822471618652344,
              51.81431198120117,
              43.22117614746094,
              25.057024002075195,
              15.474043846130371,
              22.516061782836914,
              22.530296325683594,
              30.449146270751953,
              62.113868713378906,
              3.4104161262512207,
              0.5577358603477478,
              0.5728310346603394,
              3.481417179107666,
              0.4094085097312927,
              0.062287960201501846,
              0.15092606842517853,
              0.15069271624088287,
              0.19111472368240356,
              0.2534773647785187,
              0.25153282284736633,
              0.7961159348487854,
              0.19289831817150116,
              0.19061772525310516,
              0.5431426763534546,
              0.7704269886016846,
              1.1101948022842407,
              3.351207733154297,
              3.413939952850342,
              1.6396290063858032,
              4.5478692054748535,
              9.954965591430664,
              10.497254371643066,
              6.1462626457214355,
              44.09784698486328,
              67.44976043701172,
              57.837337493896484,
              57.85301208496094,
              43.633201599121094,
              52.00059509277344,
              71.00619506835938,
              86.43067169189453,
              86.43123626708984,
              81.03990936279297,
              80.94761657714844,
              79.77764129638672,
              76.90860748291016,
              95.27007293701172,
              95.2486343383789,
              96.19575500488281,
              85.91674041748047,
              91.10089111328125,
              89.45188903808594,
              89.47313690185547,
              89.80670928955078,
              87.22303771972656,
              86.71742248535156,
              79.19004821777344,
              79.25220489501953,
              83.2001953125,
              89.57950592041016,
              87.87254333496094,
              93.34071350097656,
              93.27297973632812,
              86.48735809326172,
              88.57547760009766,
              90.55828094482422,
              84.47493743896484,
              83.49605560302734,
              81.86053466796875,
              65.99108123779297,
              74.80177307128906,
              83.44327545166016,
              83.44654846191406,
              83.71687316894531,
              87.2613525390625,
              83.72615814208984,
              83.84281921386719,
              89.6572036743164,
              94.29714965820312,
              91.8866958618164,
              94.76153564453125,
              97.22000885009766,
              97.26969146728516,
              97.90199279785156,
              98.96434783935547,
              98.86071014404297,
              98.95977783203125,
              98.2519302368164,
              99.17070007324219,
              98.96245574951172,
              97.88265228271484,
              96.44692993164062,
              98.99049377441406,
              99.47953796386719,
              98.9965591430664,
              98.23979949951172,
              97.18051147460938,
              94.645751953125,
              89.8575439453125,
              92.47028350830078,
              87.89392852783203,
              81.13178253173828,
              86.46107482910156,
              86.8984375,
              94.65740203857422,
              87.24312591552734,
              74.95610809326172,
              0.00782670360058546,
              0.018350869417190552,
              0.08403189480304718,
              0.2887154519557953,
              0.8256778120994568,
              1.939827561378479,
              3.3073503971099854,
              9.461121559143066,
              11.922689437866211,
              15.12909984588623,
              1.332935094833374,
              0.050318945199251175,
              0.03155800700187683,
              0.15530230104923248,
              0.16166597604751587,
              0.12295220792293549,
              0.1960289478302002,
              0.08134603500366211,
              0.24278727173805237,
              3.4979467391967773,
              50.06267547607422,
              89.02249145507812,
              89.3133316040039,
              92.62181091308594,
              80.49807739257812,
              75.31359100341797,
              68.89627838134766,
              68.67241668701172,
              62.026206970214844,
              61.394901275634766,
              63.627464294433594,
              53.654659271240234,
              53.91122055053711,
              39.44231033325195,
              11.403514862060547,
              7.474689960479736,
              6.946415424346924,
              6.617605686187744,
              14.561849594116211,
              17.653060913085938,
              11.577088356018066,
              31.58497428894043,
              39.602352142333984,
              52.15182876586914,
              58.04412841796875,
              72.5415267944336,
              82.8103256225586,
              83.0628662109375,
              85.84687042236328,
              85.54419708251953,
              85.50382232666016,
              87.53797912597656,
              84.68852233886719,
              85.89903259277344,
              86.2613754272461,
              86.11771392822266,
              85.34349822998047,
              85.77276611328125,
              74.72949981689453,
              77.0697250366211,
              77.55499267578125,
              65.9006576538086,
              59.43716812133789,
              33.24513244628906,
              33.911895751953125,
              10.592185974121094,
              9.632190704345703,
              9.655299186706543,
              34.14105224609375,
              56.80427551269531,
              47.398155212402344,
              25.647085189819336,
              29.90816879272461,
              52.94483184814453,
              69.49186706542969,
              16.92719078063965,
              34.35601043701172,
              34.359230041503906,
              62.390071868896484,
              83.1023941040039,
              70.72146606445312,
              69.6441650390625,
              69.64175415039062,
              76.540771484375,
              57.00715637207031,
              72.48394775390625,
              3.4107825756073,
              0.7981431484222412,
              0.7979500889778137,
              48.62694549560547,
              0.14940010011196136,
              0.2451208233833313,
              0.2547740638256073,
              0.25332969427108765,
              0.5621153116226196,
              0.5552767515182495,
              0.7609662413597107,
              1.1137794256210327,
              1.0998327732086182,
              1.1178311109542847,
              3.3713440895080566,
              8.1568021774292,
              0.9963858723640442,
              3.2422568798065186,
              6.165899753570557,
              6.162204742431641,
              34.27892303466797,
              66.96383666992188,
              71.1943588256836,
              67.33174133300781,
              67.29812622070312,
              73.53994750976562,
              86.37316131591797,
              86.38375854492188,
              81.5400390625,
              79.8554458618164,
              80.16979217529297,
              69.87169647216797,
              69.72401428222656,
              80.12293243408203,
              95.91267395019531,
              92.76097869873047,
              81.47730255126953,
              81.80868530273438,
              85.64849853515625,
              85.76097869873047,
              86.0438003540039,
              86.06489562988281,
              85.9273910522461,
              86.69772338867188,
              79.23280334472656,
              86.27244567871094,
              93.42192077636719,
              93.36686706542969,
              88.71764373779297,
              86.5344009399414,
              86.73463439941406,
              91.18698120117188,
              90.93376159667969,
              87.1334228515625,
              87.26600646972656,
              83.33543395996094,
              83.46057891845703,
              80.17581176757812,
              80.66780853271484,
              86.4519271850586,
              87.19383239746094,
              89.9260025024414,
              90.2302017211914,
              89.52954864501953,
              91.23487091064453,
              93.65753936767578,
              87.40979766845703,
              79.61922454833984,
              94.05325317382812,
              97.22936248779297,
              96.3608627319336,
              98.74541473388672,
              97.70218658447266,
              96.30602264404297,
              97.80722045898438,
              98.3342056274414,
              98.94625854492188,
              98.99308776855469,
              96.08536529541016,
              95.60595703125,
              93.6512222290039,
              95.70956420898438,
              99.30455017089844,
              97.09236145019531,
              91.10648345947266,
              91.63362884521484,
              96.17185974121094,
              92.88687133789062,
              93.13916778564453,
              93.50173950195312,
              94.14581298828125,
              97.34831237792969,
              95.6492691040039,
              90.60286712646484,
              0.022668205201625824,
              0.22734768688678741,
              1.3390374183654785,
              2.906627893447876,
              1.2061240673065186,
              0.07769762724637985,
              15.50554084777832,
              25.558609008789062,
              13.479718208312988,
              16.123062133789062,
              0.13491056859493256,
              0.13614602386951447,
              0.1086435317993164,
              0.1529918909072876,
              1.2540030479431152,
              2.7966690063476562,
              2.5355606079101562,
              0.5744651556015015,
              0.28144317865371704,
              0.9268697500228882,
              28.078960418701172,
              78.41991424560547,
              86.02922821044922,
              86.6390380859375,
              76.17304229736328,
              82.50431060791016,
              76.62999725341797,
              60.568092346191406,
              52.02309036254883,
              42.52768325805664,
              40.8888053894043,
              40.46867752075195,
              31.914764404296875,
              27.992156982421875,
              12.510943412780762,
              11.757791519165039,
              13.396820068359375,
              6.884218692779541,
              25.11020851135254,
              10.299631118774414,
              11.595701217651367,
              11.750508308410645,
              31.317752838134766,
              60.833900451660156,
              60.85692596435547,
              67.21503448486328,
              72.87977600097656,
              82.64221954345703,
              85.76079559326172,
              80.20088958740234,
              80.03443908691406,
              81.7020034790039,
              89.89311218261719,
              85.29926300048828,
              85.35846710205078,
              89.2436294555664,
              89.31041717529297,
              72.48419189453125,
              79.2618179321289,
              77.13836669921875,
              77.16107177734375,
              72.72435760498047,
              48.7891960144043,
              42.603878021240234,
              42.655738830566406,
              24.750093460083008,
              34.67354965209961,
              24.825542449951172,
              57.08578109741211,
              69.55980682373047,
              23.403518676757812,
              25.326404571533203,
              17.354812622070312,
              69.78923797607422,
              74.93052673339844,
              21.133556365966797,
              21.157873153686523,
              8.541979789733887,
              61.809200286865234,
              3.339545488357544,
              0.781669020652771,
              0.8006716370582581,
              1.5117566585540771,
              69.63426208496094,
              2.305176019668579,
              53.8395881652832,
              53.52699279785156,
              67.818359375,
              90.28629302978516,
              7.6187357902526855,
              0.8162460327148438,
              0.8144203424453735,
              0.780356764793396,
              0.7658080458641052,
              2.274797201156616,
              1.1282943487167358,
              1.111149787902832,
              5.111310005187988,
              3.370230197906494,
              2.24470591545105,
              5.418941020965576,
              5.419597625732422,
              5.411459922790527,
              0.9976539611816406,
              5.112297534942627,
              11.517056465148926,
              9.991839408874512,
              58.47536849975586,
              78.15493774414062,
              57.942996978759766,
              65.87120056152344,
              65.63921356201172,
              81.64698791503906,
              84.66971588134766,
              89.19586181640625,
              80.63627624511719,
              86.3252182006836,
              86.25665283203125,
              84.8749008178711,
              94.9100341796875,
              96.6206283569336,
              81.28045654296875,
              80.66355895996094,
              81.33781433105469,
              87.65107727050781,
              88.18052673339844,
              81.58160400390625,
              81.90153503417969,
              85.92887878417969,
              83.29151153564453,
              83.44147491455078,
              86.81885528564453,
              86.7646713256836,
              86.71186828613281,
              87.10395050048828,
              83.53034210205078,
              89.47899627685547,
              89.34102630615234,
              90.9994888305664,
              88.11006164550781,
              87.69418334960938,
              80.5287857055664,
              80.85113525390625,
              76.1317367553711,
              87.40994262695312,
              90.21722412109375,
              89.83895111083984,
              89.40174865722656,
              90.05870056152344,
              84.66106414794922,
              86.11351013183594,
              91.34281158447266,
              91.34689331054688,
              90.12307739257812,
              86.29759216308594,
              92.191162109375,
              93.80848693847656,
              94.10375213623047,
              97.38441467285156,
              95.2401351928711,
              93.53279113769531,
              91.81854248046875,
              95.06954193115234,
              82.53614807128906,
              88.07535552978516,
              91.2875747680664,
              91.52114868164062,
              94.62969207763672,
              84.98919677734375,
              75.26031494140625,
              69.86499786376953,
              87.4493408203125,
              89.94375610351562,
              88.64073181152344,
              94.18737030029297,
              95.44691467285156,
              96.80882263183594,
              95.65093231201172,
              95.761962890625,
              98.80879211425781,
              0.45441296696662903,
              5.67289400100708,
              19.83694076538086,
              30.141380310058594,
              11.106873512268066,
              0.10656027495861053,
              12.802898406982422,
              31.214216232299805,
              23.529109954833984,
              45.76513671875,
              41.68126678466797,
              23.813932418823242,
              1.9399102926254272,
              1.6654752492904663,
              1.96644127368927,
              1.1765905618667603,
              4.180258750915527,
              0.9613690972328186,
              0.24586857855319977,
              0.08618904650211334,
              0.8831942677497864,
              33.447513580322266,
              79.51220703125,
              80.39930725097656,
              81.4966812133789,
              82.13126373291016,
              68.83798217773438,
              58.92430114746094,
              50.8798828125,
              49.04724884033203,
              29.015743255615234,
              27.707740783691406,
              28.166845321655273,
              2.9084596633911133,
              2.9691803455352783,
              3.2994673252105713,
              3.9400224685668945,
              7.030712127685547,
              10.092592239379883,
              10.66320514678955,
              3.3596031665802,
              13.922052383422852,
              21.7889404296875,
              55.135536193847656,
              51.678192138671875,
              58.240509033203125,
              73.3219223022461,
              73.01575469970703,
              79.8011703491211,
              79.91779327392578,
              79.02320861816406,
              85.16645812988281,
              89.55245971679688,
              88.81936645507812,
              88.86722564697266,
              85.35761260986328,
              72.45508575439453,
              73.08914184570312,
              85.66902160644531,
              85.75231170654297,
              84.8239974975586,
              70.19734954833984,
              61.68795394897461,
              46.329681396484375,
              42.7667350769043,
              53.67264175415039,
              32.6098518371582,
              43.47551727294922,
              80.51628112792969,
              80.5136947631836,
              60.52621078491211,
              24.962553024291992,
              50.69786834716797,
              49.949066162109375,
              66.74858093261719,
              41.063026428222656,
              52.125,
              16.724092483520508,
              4.433072566986084,
              14.979741096496582,
              6.0907769203186035,
              0.2409970462322235,
              0.1900399923324585,
              0.15068365633487701,
              0.14623670279979706,
              0.15056069195270538,
              0.06201057881116867,
              0.8183315396308899,
              0.2563319206237793,
              0.2534238398075104,
              0.2532873749732971,
              1.1524858474731445,
              0.8009483814239502,
              2.2462146282196045,
              2.2392895221710205,
              2.2225234508514404,
              1.1138644218444824,
              4.427330017089844,
              1.3213952779769897,
              0.9945876002311707,
              2.208893299102783,
              5.415322780609131,
              5.419486999511719,
              5.3252034187316895,
              10.584532737731934,
              10.292679786682129,
              21.6796932220459,
              80.60328674316406,
              89.3569564819336,
              73.73094177246094,
              73.74674224853516,
              86.14463806152344,
              86.63060760498047,
              83.8427734375,
              84.95983123779297,
              84.87215423583984,
              81.84822082519531,
              89.78510284423828,
              94.50791931152344,
              96.66535949707031,
              96.3147201538086,
              91.11959075927734,
              87.87511444091797,
              86.67507934570312,
              85.31198120117188,
              83.73950958251953,
              84.83435821533203,
              84.70600891113281,
              82.11494445800781,
              83.28199005126953,
              83.59246063232422,
              86.26805877685547,
              89.3638916015625,
              83.15131378173828,
              82.87252044677734,
              82.77986145019531,
              89.0291976928711,
              89.14547729492188,
              88.09840393066406,
              88.19661712646484,
              87.8801498413086,
              87.88639068603516,
              88.08826446533203,
              88.12516021728516,
              90.52693939208984,
              90.25695037841797,
              89.488525390625,
              83.03324890136719,
              86.79762268066406,
              79.61986541748047,
              83.45360565185547,
              84.27455139160156,
              90.29827117919922,
              89.24435424804688,
              83.71003723144531,
              88.07402038574219,
              87.78252410888672,
              90.24417877197266,
              94.04447937011719,
              93.77593231201172,
              89.83001708984375,
              89.75257873535156,
              83.77913665771484,
              86.33854675292969,
              86.74358367919922,
              86.6418685913086,
              84.32534790039062,
              79.52547454833984,
              85.12279510498047,
              81.22257232666016,
              80.92963409423828,
              81.5324935913086,
              85.37760162353516,
              76.79611206054688,
              74.56228637695312,
              83.61296844482422,
              83.30810546875,
              84.19781494140625,
              87.1500473022461,
              95.83213806152344,
              6.148980140686035,
              37.722267150878906,
              75.45062255859375,
              50.20501708984375,
              6.939295768737793,
              1.8868714570999146,
              21.624507904052734,
              3.879789437633008e-05,
              46.72781753540039,
              45.501441955566406,
              46.19618225097656,
              30.72923469543457,
              3.7906672954559326,
              3.0804364681243896,
              2.1527092456817627,
              1.6951167583465576,
              2.818817377090454,
              0.6227285861968994,
              0.03852592408657074,
              0.019689423963427544,
              0.14700745046138763,
              33.015472412109375,
              77.2586669921875,
              70.58585357666016,
              63.3340950012207,
              66.46712493896484,
              57.33717727661133,
              57.04098892211914,
              34.82431411743164,
              36.1373405456543,
              27.152610778808594,
              16.218482971191406,
              16.437807083129883,
              5.035699844360352,
              7.831639289855957,
              3.472342014312744,
              6.437618255615234,
              7.176783561706543,
              0.9113025665283203,
              5.439266204833984,
              5.549328804016113,
              14.318633079528809,
              20.84296226501465,
              41.952796936035156,
              41.63173294067383,
              51.54497146606445,
              64.70531463623047,
              64.92668151855469,
              72.83214569091797,
              82.79942321777344,
              82.55005645751953,
              87.8419189453125,
              89.96729278564453,
              88.90729522705078,
              80.3797607421875,
              81.42472839355469,
              74.90304565429688,
              74.88752746582031,
              72.67694854736328,
              78.97710418701172,
              72.6767578125,
              64.77932739257812,
              79.96257019042969,
              79.9622802734375,
              77.42963409423828,
              77.12409973144531,
              58.0698127746582,
              33.22336196899414,
              32.99241638183594,
              52.3764533996582,
              25.55140495300293,
              23.24651527404785,
              57.57190704345703,
              57.57971954345703,
              79.71754455566406,
              57.83120346069336,
              62.28266906738281,
              51.55069351196289,
              62.48447799682617,
              51.78130340576172,
              17.27430534362793,
              2.876223087310791,
              0.766549825668335,
              5.268853187561035,
              1.4738565683364868,
              0.5396367907524109,
              0.18537478148937225,
              0.7857283353805542,
              0.8047259449958801,
              0.8047400116920471,
              2.305332899093628,
              3.4561448097229004,
              3.751887083053589,
              3.4793667793273926,
              3.9134521484375,
              3.4128520488739014,
              7.98198938369751,
              6.043729305267334,
              10.502115249633789,
              8.836268424987793,
              5.41605281829834,
              5.418941020965576,
              10.581925392150879,
              10.586658477783203,
              15.572439193725586,
              24.790958404541016,
              42.35795593261719,
              81.76341247558594,
              81.77135467529297,
              85.2352294921875,
              86.56344604492188,
              88.70645904541016,
              86.90960693359375,
              86.91876220703125,
              80.8397445678711,
              80.23345184326172,
              80.2562026977539,
              92.77723693847656,
              95.38016510009766,
              95.35387420654297,
              96.02946472167969,
              88.14225769042969,
              87.76696014404297,
              82.84632873535156,
              75.19149780273438,
              83.02529907226562,
              80.42718505859375,
              81.2699966430664,
              78.1126937866211,
              83.7719955444336,
              82.42998504638672,
              91.03931427001953,
              89.30078125,
              77.69354248046875,
              78.28440856933594,
              77.32420349121094,
              82.65240478515625,
              86.4229736328125,
              91.48945617675781,
              82.64655303955078,
              82.15777587890625,
              85.44632720947266,
              91.06391906738281,
              90.61521911621094,
              90.27328491210938,
              90.24349975585938,
              86.89456176757812,
              83.58634948730469,
              80.19346618652344,
              79.69538116455078,
              74.53915405273438,
              83.02467346191406,
              92.08549499511719,
              86.64708709716797,
              86.22711181640625,
              82.6162338256836,
              86.84652709960938,
              78.73443603515625,
              87.19064331054688,
              87.51734161376953,
              89.57398986816406,
              86.30138397216797,
              86.42158508300781,
              91.25286865234375,
              89.06376647949219,
              88.88976287841797,
              86.93904876708984,
              89.77313232421875,
              87.57979583740234,
              90.50782775878906,
              0.00015917664859443903,
              90.19566345214844,
              85.77978515625,
              70.79664611816406,
              62.76045608520508,
              53.024147033691406,
              63.52496337890625,
              80.65841674804688,
              85.12142181396484,
              82.3647689819336,
              85.89537811279297,
              93.87940216064453,
              93.48824310302734,
              93.53583526611328,
              73.22113037109375,
              27.615886688232422,
              47.525997161865234,
              60.9022216796875,
              72.15737915039062,
              50.922489166259766,
              46.07860565185547,
              6.734080791473389,
              1.284353494644165,
              0.07579647749662399,
              0.06614605337381363,
              0.5571256875991821,
              2.5167930126190186,
              0.5856367945671082,
              0.05031329393386841,
              0.03246903792023659,
              0.05745934322476387,
              16.926462173461914,
              69.19526672363281,
              61.80447769165039,
              52.86586380004883,
              53.9003791809082,
              44.603546142578125,
              44.33868408203125,
              46.090538024902344,
              27.09744644165039,
              27.065336227416992,
              27.724945068359375,
              11.18195629119873,
              12.056781768798828,
              12.77925968170166,
              8.670289993286133,
              9.009291648864746,
              2.743393659591675,
              3.11330509185791,
              2.974313735961914,
              13.215348243713379,
              17.853620529174805,
              21.813505172729492,
              42.21694564819336,
              58.34066390991211,
              51.13994598388672,
              64.90154266357422,
              73.14842224121094,
              79.2667236328125,
              89.75940704345703,
              89.81321716308594,
              89.80670928955078,
              89.41414642333984,
              85.45731353759766,
              81.05884552001953,
              81.0613784790039,
              81.15583801269531,
              81.14065551757812,
              74.94559478759766,
              81.18953704833984,
              72.7553939819336,
              72.89878845214844,
              92.61465454101562,
              88.72550964355469,
              79.5694808959961,
              94.37973022460938,
              94.38426971435547,
              87.74272155761719,
              34.9615592956543,
              60.554115295410156,
              32.806884765625,
              34.11829376220703,
              47.490047454833984,
              92.66585540771484,
              90.04329681396484,
              73.56166076660156,
              73.70951843261719,
              65.03269958496094,
              74.56101989746094,
              57.810123443603516,
              38.55497360229492,
              39.1986198425293,
              24.916488647460938,
              4.539097309112549,
              2.8785998821258545,
              0.7856566309928894,
              0.78547203540802,
              0.7539107203483582,
              2.2560431957244873,
              2.809849262237549,
              6.479825973510742,
              2.808142900466919,
              6.336258411407471,
              2.85709810256958,
              2.9582316875457764,
              3.3524227142333984,
              5.001834392547607,
              2.7193877696990967,
              10.712054252624512,
              10.722105979919434,
              10.934313774108887,
              1.1659897565841675,
              2.1995160579681396,
              8.043675422668457,
              24.77370262145996,
              51.95882797241211,
              71.48641967773438,
              71.67440032958984,
              85.22392272949219,
              80.22042846679688,
              85.09107971191406,
              82.27716064453125,
              82.2887954711914,
              80.31856536865234,
              81.32074737548828,
              82.75415802001953,
              89.33425903320312,
              89.24281311035156,
              92.89195251464844,
              88.60453796386719,
              90.81459045410156,
              84.72021484375,
              84.21915435791016,
              89.79168701171875,
              86.9766845703125,
              84.25660705566406,
              76.9533462524414,
              77.74592590332031,
              82.65807342529297,
              82.14973449707031,
              88.6095962524414,
              94.72276306152344,
              94.69951629638672,
              85.33092498779297,
              82.1899642944336,
              85.24287414550781,
              89.36872863769531,
              89.37092590332031,
              89.29592895507812,
              86.46699523925781,
              83.1335220336914,
              86.36188507080078,
              85.78368377685547,
              88.8227767944336,
              90.96405029296875,
              88.06742095947266,
              81.04405975341797,
              84.6703109741211,
              83.99984741210938,
              79.04874420166016,
              83.31460571289062,
              86.63456726074219,
              86.76432037353516,
              86.99530792236328,
              86.66936492919922,
              79.3926010131836,
              83.74520874023438,
              79.39649200439453,
              79.2591781616211,
              83.41780090332031,
              84.91249084472656,
              83.96744537353516,
              83.43773651123047,
              83.58993530273438,
              83.82212829589844,
              86.98040771484375,
              90.09773254394531,
              89.93587493896484,
              90.10552215576172,
              92.47895050048828,
              92.47676849365234,
              87.77481842041016,
              85.0053939819336,
              76.1070556640625,
              65.2515640258789,
              50.2474250793457,
              64.93633270263672,
              71.88937377929688,
              79.50713348388672,
              72.57015228271484,
              93.4887466430664,
              93.7399673461914,
              93.59342193603516,
              90.42532348632812,
              90.47313690185547,
              78.05067443847656,
              87.14241790771484,
              86.2330322265625,
              80.9128646850586,
              10.545238494873047,
              1.101227045059204,
              0.0585612952709198,
              0.006584251765161753,
              0.0021755334455519915,
              0.003335363697260618,
              0.007948026061058044,
              0.493576318025589,
              3.728013515472412,
              3.1114776134490967,
              1.237776279449463,
              6.888332366943359,
              60.1491813659668,
              61.3487548828125,
              52.455543518066406,
              51.47480392456055,
              62.26875305175781,
              54.508113861083984,
              45.53721618652344,
              14.470587730407715,
              14.495393753051758,
              15.340812683105469,
              15.582601547241211,
              4.40070104598999,
              4.995784759521484,
              5.781175136566162,
              3.7658185958862305,
              2.5535888671875,
              1.6978943347930908,
              1.881873607635498,
              1.3290458917617798,
              3.306283712387085,
              12.300427436828613,
              29.25904083251953,
              42.465599060058594,
              42.767459869384766,
              52.0423698425293,
              76.49280548095703,
              85.17527770996094,
              84.90866088867188,
              85.00337219238281,
              89.43864440917969,
              85.73495483398438,
              85.72421264648438,
              80.6776351928711,
              86.3043212890625,
              85.85761260986328,
              86.10197448730469,
              85.60115051269531,
              85.51195526123047,
              88.71895599365234,
              86.42094421386719,
              79.521240234375,
              92.58934783935547,
              80.71025848388672,
              74.30034637451172,
              74.30118560791016,
              69.84190368652344,
              77.94149780273438,
              80.02429962158203,
              77.05213165283203,
              77.04487609863281,
              79.6000747680664,
              72.91517639160156,
              73.94078063964844,
              73.92298889160156,
              74.09388732910156,
              74.57649230957031,
              80.91304016113281,
              74.07453918457031,
              64.65467071533203,
              64.6828384399414,
              67.44712829589844,
              43.57630157470703,
              17.276601791381836,
              10.001407623291016,
              9.987512588500977,
              35.168209075927734,
              25.331989288330078,
              10.045069694519043,
              9.97498893737793,
              9.971734046936035,
              17.791770935058594,
              11.512364387512207,
              11.686872482299805,
              1.6504483222961426,
              2.1926798820495605,
              10.11806869506836,
              17.566049575805664,
              6.123648643493652,
              1.65424644947052,
              18.04793930053711,
              3.475592613220215,
              5.323992729187012,
              22.042461395263672,
              52.521697998046875,
              67.08607482910156,
              77.99783325195312,
              85.8852310180664,
              79.41669464111328,
              86.23008728027344,
              86.2049560546875,
              85.20460510253906,
              88.54090881347656,
              85.07124328613281,
              87.93331146240234,
              87.94403839111328,
              85.06615447998047,
              85.1445083618164,
              88.39913940429688,
              87.96220397949219,
              84.4143295288086,
              84.2989273071289,
              86.90196228027344,
              86.34974670410156,
              84.63812255859375,
              85.40242004394531,
              85.41991424560547,
              82.95291900634766,
              86.31537628173828,
              84.69110107421875,
              87.878173828125,
              87.95649719238281,
              95.9291000366211,
              88.61702728271484,
              77.48204803466797,
              82.9819564819336,
              82.9917221069336,
              83.32962799072266,
              86.69419860839844,
              86.61581420898438,
              86.8771743774414,
              86.79840850830078,
              90.92082214355469,
              90.7229232788086,
              87.9991226196289,
              86.89186096191406,
              87.00428771972656,
              83.15656280517578,
              83.0286636352539,
              80.37769317626953,
              83.85017395019531,
              83.99793243408203,
              84.14739227294922,
              86.63876342773438,
              79.30213928222656,
              84.0345230102539,
              85.13411712646484,
              80.66429901123047,
              80.84831237792969,
              79.37409973144531,
              81.00918579101562,
              85.55372619628906,
              85.56307983398438,
              88.31363677978516,
              80.2623062133789,
              83.46104431152344,
              82.86742401123047,
              83.01053619384766,
              86.28662872314453,
              87.46611785888672,
              82.2336654663086,
              79.34201049804688,
              74.3199462890625,
              63.49858474731445,
              70.48775482177734,
              70.07808685302734,
              71.09829711914062,
              77.9139175415039,
              67.4682388305664,
              72.99706268310547,
              95.43537139892578,
              95.24231719970703,
              95.3233871459961,
              93.64311981201172,
              95.48490142822266,
              88.83476257324219,
              90.1532211303711,
              90.73104858398438,
              86.41030883789062,
              6.54059362411499,
              0.12875457108020782,
              0.006725052837282419,
              0.000930626061744988,
              9.689421176517499e-07,
              0.0020524223800748587,
              0.04740222543478012,
              2.5965003967285156,
              77.87452697753906,
              78.4326171875,
              71.79736328125,
              63.64794921875,
              38.90937423706055,
              39.348655700683594,
              54.768733978271484,
              65.7291030883789,
              43.36935043334961,
              34.79310607910156,
              35.90142059326172,
              16.094404220581055,
              16.947246551513672,
              3.0305371284484863,
              3.2010576725006104,
              3.3724427223205566,
              2.10477876663208,
              2.3407094478607178,
              4.133279323577881,
              2.8385684490203857,
              3.159214973449707,
              1.290136456489563,
              7.762513160705566,
              14.634454727172852,
              32.006587982177734,
              32.56805419921875,
              52.909690856933594,
              51.15790939331055,
              71.14757537841797,
              84.91969299316406,
              0.0003350093902554363,
              89.67064666748047,
              89.7328109741211,
              89.7995376586914,
              89.79010009765625,
              89.790283203125,
              85.72924041748047,
              90.17493438720703,
              89.89769744873047,
              89.48747253417969,
              89.61249542236328,
              89.7619400024414,
              80.2085952758789,
              80.52729034423828,
              81.2762222290039,
              85.5955810546875,
              85.94285583496094,
              81.1719741821289,
              73.85376739501953,
              74.96326446533203,
              74.95575714111328,
              74.49629211425781,
              74.45596313476562,
              74.44676208496094,
              81.2525405883789,
              81.24584197998047,
              81.24160766601562,
              80.81134033203125,
              86.29419708251953,
              86.21012878417969,
              86.19673919677734,
              85.92195129394531,
              74.6981430053711,
              79.40460205078125,
              62.44352340698242,
              62.449954986572266,
              32.76524353027344,
              34.886207580566406,
              66.86341857910156,
              58.512901306152344,
              60.501365661621094,
              44.98430252075195,
              48.29265594482422,
              25.703378677368164,
              18.129980087280273,
              17.638418197631836,
              17.623615264892578,
              39.0576171875,
              35.066585540771484,
              38.723777770996094,
              24.12079429626465,
              17.400930404663086,
              25.37952995300293,
              25.16826057434082,
              43.60853576660156,
              61.912357330322266,
              70.98365783691406,
              77.8506851196289,
              86.44766235351562,
              89.99141693115234,
              81.07270812988281,
              81.74412536621094,
              84.55612182617188,
              80.45221710205078,
              83.90801239013672,
              87.94465637207031,
              76.66039276123047,
              84.0559310913086,
              83.71128845214844,
              83.9896469116211,
              83.55152130126953,
              83.57752227783203,
              83.00932312011719,
              79.02389526367188,
              83.50125885009766,
              84.09891510009766,
              84.90148162841797,
              85.38860321044922,
              81.87136840820312,
              83.03009033203125,
              79.00753784179688,
              79.0902099609375,
              91.2781982421875,
              91.09733581542969,
              88.85150909423828,
              89.18869018554688,
              89.1915512084961,
              84.80819702148438,
              78.36560821533203,
              83.82805633544922,
              86.84464263916016,
              89.11065673828125,
              89.0365219116211,
              89.19768524169922,
              90.9253921508789,
              90.72382354736328,
              90.39537811279297,
              89.80480194091797,
              89.49283599853516,
              83.85262298583984,
              87.00468444824219,
              86.89595031738281,
              87.44026184082031,
              87.7755126953125,
              84.42489624023438,
              80.42929077148438,
              79.78546905517578,
              80.60591888427734,
              77.25788116455078,
              73.10096740722656,
              77.23949432373047,
              81.89013671875,
              82.17799377441406,
              82.25469970703125,
              82.63787078857422,
              85.21361541748047,
              80.57156372070312,
              80.41313934326172,
              76.29147338867188,
              74.40958404541016,
              73.1517105102539,
              71.2990951538086,
              78.87562561035156,
              83.79747009277344,
              80.92194366455078,
              81.8483657836914,
              81.86721801757812,
              85.88825225830078,
              85.64630126953125,
              88.6017074584961,
              77.68521118164062,
              85.52562713623047,
              7.277731492649764e-05,
              95.55055236816406,
              6.515182030852884e-05,
              6.17897167103365e-05,
              95.55586242675781,
              95.55831909179688,
              95.52288818359375,
              95.44578552246094,
              90.67256164550781,
              9.701982498168945,
              0.24779729545116425,
              0.010043984279036522,
              0.000851557357236743,
              0.00020461338863242418,
              6.841764275122841e-07,
              0.001008139457553625,
              0.017388036474585533,
              1.209350824356079,
              71.2637710571289,
              65.0360107421875,
              55.556339263916016,
              31.390026092529297,
              30.838180541992188,
              30.50699234008789,
              30.19839859008789,
              36.111305236816406,
              14.338191986083984,
              13.833850860595703,
              15.134207725524902,
              10.401251792907715,
              4.96372652053833,
              3.0994529724121094,
              2.0272741317749023,
              5.080713748931885,
              5.082890510559082,
              1.37186598777771,
              1.5490976572036743,
              1.6994999647140503,
              2.0364534854888916,
              1.371750831604004,
              7.902105808258057,
              8.190770149230957,
              21.17461395263672,
              40.97489547729492,
              30.981054306030273,
              51.443450927734375,
              51.76227569580078,
              80.23237609863281,
              92.53535461425781,
              88.0465316772461,
              84.85626220703125,
              84.85626220703125,
              86.61121368408203,
              88.38727569580078,
              92.70667266845703,
              92.9549789428711,
              92.91181182861328,
              92.90943908691406,
              92.78448486328125,
              92.8205337524414,
              84.78968048095703,
              84.69390869140625,
              89.83431243896484,
              85.18778228759766,
              84.66372680664062,
              85.53338623046875,
              80.63289642333984,
              80.6273193359375,
              73.00372314453125,
              74.3369140625,
              75.14165496826172,
              81.13682556152344,
              81.12413024902344,
              80.69339752197266,
              85.5594482421875,
              85.6375961303711,
              85.63728332519531,
              85.62879180908203,
              85.62089538574219,
              86.1087417602539,
              86.28252410888672,
              80.47119140625,
              80.5840072631836,
              64.84011840820312,
              62.407249450683594,
              85.05904388427734,
              77.68111419677734,
              77.68020629882812,
              73.86915588378906,
              74.5081558227539,
              62.33550262451172,
              24.165496826171875,
              24.406539916992188,
              24.3948917388916,
              25.234477996826172,
              17.572063446044922,
              58.497154235839844,
              58.42034149169922,
              75.10908508300781,
              75.09745025634766,
              53.339202880859375,
              58.709983825683594,
              58.72809982299805,
              66.34663391113281,
              81.72407531738281,
              86.43889617919922,
              89.28817749023438,
              89.2171630859375,
              94.96708679199219,
              84.22550964355469,
              79.64964294433594,
              76.09494018554688,
              75.92174530029297,
              80.13532257080078,
              87.40144348144531,
              87.12216186523438,
              83.89676666259766,
              79.4014892578125,
              80.8869857788086,
              80.354736328125,
              83.89842987060547,
              87.23817443847656,
              84.0255126953125,
              84.34054565429688,
              84.87694549560547,
              85.26744842529297,
              81.99633026123047,
              86.17410278320312,
              86.4351577758789,
              89.12654876708984,
              91.22845458984375,
              86.01103210449219,
              89.41858673095703,
              89.48043823242188,
              90.06084442138672,
              83.3560562133789,
              86.61368560791016,
              83.2148208618164,
              82.8049545288086,
              86.20869445800781,
              88.6268539428711,
              86.0854263305664,
              88.84526824951172,
              88.56461334228516,
              90.26634216308594,
              90.22632598876953,
              84.2565689086914,
              87.7535171508789,
              87.5394515991211,
              83.58522033691406,
              83.7143325805664,
              81.0786361694336,
              81.24443054199219,
              80.59899139404297,
              79.45426940917969,
              76.4002456665039,
              72.63542175292969,
              73.47256469726562,
              81.88967895507812,
              81.77488708496094,
              78.66806030273438,
              77.8384780883789,
              82.87752532958984,
              77.84720611572266,
              76.7340087890625,
              80.38274383544922,
              72.6274642944336,
              52.660430908203125,
              56.03125762939453,
              70.81974029541016,
              85.0782241821289,
              82.01763153076172,
              77.91271209716797,
              77.52629852294922,
              82.39258575439453,
              86.67790985107422,
              83.26482391357422,
              85.85153198242188,
              85.33763122558594,
              73.42573547363281,
              95.61703491210938,
              6.720171950291842e-05,
              96.90096282958984,
              95.66094970703125,
              95.62871551513672,
              95.59213256835938,
              95.55703735351562,
              93.63497924804688,
              90.90389251708984,
              90.66471862792969,
              24.157236099243164,
              0.5828922390937805,
              0.02480795606970787,
              0.004905578214675188,
              0.004741670563817024,
              0.00879244226962328,
              0.07119163870811462,
              55.78919219970703,
              37.65959930419922,
              39.86857986450195,
              22.114532470703125,
              32.163124084472656,
              23.596487045288086,
              23.615745544433594,
              23.658796310424805,
              16.47610092163086,
              16.290542602539062,
              9.919150352478027,
              7.237987995147705,
              7.575347900390625,
              11.94883918762207,
              3.345895290374756,
              9.001605033874512,
              4.698587894439697,
              4.81270170211792,
              2.324566602706909,
              1.4872559309005737,
              2.8064327239990234,
              0.973846971988678,
              2.6913373470306396,
              5.024133682250977,
              14.846648216247559,
              32.27488327026367,
              40.72888946533203,
              40.35380935668945,
              40.65220642089844,
              61.14347457885742,
              88.02153778076172,
              90.9322280883789,
              84.34075927734375,
              84.3438949584961,
              81.8131332397461,
              81.93435668945312,
              92.39397430419922,
              92.82080841064453,
              92.86186981201172,
              92.81746673583984,
              92.8398208618164,
              92.6273193359375,
              92.40643310546875,
              92.44176483154297,
              92.78951263427734,
              92.78301239013672,
              88.72390747070312,
              84.6999740600586,
              84.68443298339844,
              85.55548858642578,
              79.50008392333984,
              73.03534698486328,
              79.57940673828125,
              79.5654067993164,
              80.6036605834961,
              73.65660858154297,
              80.57782745361328,
              80.71118927001953,
              80.81104278564453,
              80.54029083251953,
              80.6479721069336,
              86.19884490966797,
              90.13921356201172,
              86.18629455566406,
              89.7531509399414,
              81.37651062011719,
              81.47177124023438,
              80.96183776855469,
              86.57685852050781,
              85.9552230834961,
              79.74932861328125,
              77.51839447021484,
              73.10304260253906,
              73.28394317626953,
              51.85798263549805,
              41.79366683959961,
              25.373693466186523,
              38.28607940673828,
              25.91181182861328,
              25.849246978759766,
              71.2095947265625,
              86.22576904296875,
              68.32559967041016,
              73.61113739013672,
              73.4662857055664,
              67.56962585449219,
              86.01072692871094,
              79.94329071044922,
              81.99726104736328,
              81.99118041992188,
              84.55949401855469,
              87.49302673339844,
              84.71624755859375,
              76.15829467773438,
              75.5760269165039,
              86.92597961425781,
              61.695350646972656,
              62.38247299194336,
              70.62860870361328,
              80.06950378417969,
              86.43092346191406,
              75.93099212646484,
              82.38613891601562,
              87.13633728027344,
              87.14839172363281,
              87.48841094970703,
              80.65978240966797,
              85.78245544433594,
              82.93257141113281,
              83.65153503417969,
              86.57807159423828,
              83.13111877441406,
              83.14392852783203,
              83.21501922607422,
              86.39944458007812,
              86.24044799804688,
              89.6855697631836,
              83.48052215576172,
              83.58197784423828,
              89.46094512939453,
              83.020751953125,
              83.01918029785156,
              82.919189453125,
              78.80403900146484,
              82.90913391113281,
              82.74376678466797,
              86.05047607421875,
              91.5009765625,
              88.40431213378906,
              84.90473937988281,
              85.0345230102539,
              88.2939224243164,
              84.254150390625,
              80.89466094970703,
              82.03129577636719,
              81.99297332763672,
              72.56781005859375,
              78.48153686523438,
              72.412353515625,
              73.72946166992188,
              73.69546508789062,
              72.68292236328125,
              67.71011352539062,
              81.42993927001953,
              77.57313537597656,
              78.10751342773438,
              78.56705474853516,
              71.12957000732422,
              71.35235595703125,
              62.12080764770508,
              44.697383880615234,
              47.38947296142578,
              60.09943389892578,
              76.81342315673828,
              78.48252868652344,
              78.22923278808594,
              82.7944564819336,
              78.29226684570312,
              78.09441375732422,
              67.97525787353516,
              67.7536392211914,
              63.72073745727539,
              67.54561614990234,
              93.5014877319336,
              93.60618591308594,
              93.8023681640625,
              95.76687622070312,
              93.21320343017578,
              93.9836654663086,
              93.73881530761719,
              93.73226165771484,
              93.5012435913086,
              80.89998626708984,
              80.08061981201172,
              65.96685028076172,
              4.215811729431152,
              0.24405182898044586,
              0.056816864758729935,
              0.10817038267850876,
              26.06879997253418,
              46.6099967956543,
              49.15410614013672,
              21.70235824584961,
              11.44474983215332,
              16.651769638061523,
              11.353341102600098,
              11.603084564208984,
              11.3452787399292,
              10.885930061340332,
              23.60685157775879,
              22.300338745117188,
              22.91105842590332,
              2.9698486328125,
              4.776825904846191,
              5.1496262550354,
              3.225118637084961,
              2.974231243133545,
              5.130248069763184,
              0.889367401599884,
              0.654624879360199,
              1.1342378854751587,
              1.0344679355621338,
              3.5934369564056396,
              8.198748588562012,
              22.249195098876953,
              32.613746643066406,
              31.179487228393555,
              31.326393127441406,
              76.0129623413086,
              82.60521697998047,
              86.348388671875,
              91.52033233642578,
              86.65541076660156,
              84.37889099121094,
              84.60023498535156,
              92.74531555175781,
              92.74913024902344,
              90.00574493408203,
              90.10649108886719,
              89.78193664550781,
              92.8675537109375,
              92.86007690429688,
              92.64964294433594,
              92.64124298095703,
              89.99624633789062,
              92.41217041015625,
              92.39985656738281,
              92.36132049560547,
              89.03052520751953,
              85.57955932617188,
              84.68585968017578,
              84.66624450683594,
              79.48674774169922,
              79.4683837890625,
              74.20098876953125,
              74.190673828125,
              74.15602111816406,
              74.14759063720703,
              74.91865539550781,
              80.54373931884766,
              85.8851318359375,
              86.10456848144531,
              86.09642028808594,
              86.42533874511719,
              86.17256164550781,
              86.2485122680664,
              86.25372314453125,
              86.2412109375,
              85.85576629638672,
              84.9347152709961,
              70.03997039794922,
              72.6106948852539,
              75.43595123291016,
              73.45469665527344,
              51.297523498535156,
              40.250526428222656,
              63.315467834472656,
              63.537841796875,
              61.74067306518555,
              62.95719909667969,
              62.884151458740234,
              80.60135650634766,
              80.4613265991211,
              81.06088256835938,
              82.02845764160156,
              85.13185119628906,
              86.3343276977539,
              86.24690246582031,
              79.98064422607422,
              73.01957702636719,
              73.05703735351562,
              83.16863250732422,
              82.82334899902344,
              76.80397033691406,
              79.91358947753906,
              83.35137939453125,
              39.43132781982422,
              35.09785079956055,
              46.68193054199219,
              67.39227294921875,
              70.16913604736328,
              80.48086547851562,
              79.57793426513672,
              80.10488891601562,
              84.71955108642578,
              82.04033660888672,
              74.06233215332031,
              78.86572265625,
              79.01811981201172,
              83.13920593261719,
              83.15371704101562,
              86.30562591552734,
              82.6161880493164,
              78.23499298095703,
              78.06555938720703,
              82.15199279785156,
              89.4659652709961,
              89.67555236816406,
              89.44537353515625,
              93.57862854003906,
              86.47411346435547,
              86.3861083984375,
              83.20537567138672,
              82.41311645507812,
              82.00155639648438,
              82.59793853759766,
              83.56855773925781,
              82.70706939697266,
              82.36537170410156,
              85.7903823852539,
              86.07120513916016,
              85.9527359008789,
              86.4061279296875,
              86.46928405761719,
              86.18385314941406,
              78.24479675292969,
              78.40160369873047,
              82.3197021484375,
              82.51873016357422,
              85.39900970458984,
              73.378173828125,
              68.62787628173828,
              71.42569732666016,
              70.9466323852539,
              70.74343872070312,
              73.53282165527344,
              73.3027114868164,
              71.77106475830078,
              65.7159423828125,
              65.71475982666016,
              70.49845123291016,
              63.326499938964844,
              72.6447982788086,
              81.72982025146484,
              81.93976593017578,
              85.8420639038086,
              72.84089660644531,
              72.68782806396484,
              77.5833969116211,
              77.90203857421875,
              67.3456039428711,
              62.37574768066406,
              67.23043060302734,
              95.4793472290039,
              95.551513671875,
              91.1633071899414,
              91.31556701660156,
              91.32598114013672,
              91.57029724121094,
              83.71769714355469,
              87.9894027709961,
              91.03241729736328,
              81.6099624633789,
              80.40229797363281,
              73.14688873291016,
              50.148380279541016,
              4.436338901519775,
              0.4734547734260559,
              0.8686026334762573,
              45.821006774902344,
              57.26494216918945,
              54.31266403198242,
              22.587312698364258,
              7.437437057495117,
              7.789906024932861,
              3.279611587524414,
              3.467207431793213,
              3.2917122840881348,
              7.440731048583984,
              6.804217338562012,
              4.304614067077637,
              4.750053882598877,
              0.5897009372711182,
              4.756270885467529,
              4.86930513381958,
              5.242130756378174,
              0.6176828145980835,
              0.7377780079841614,
              0.6085548996925354,
              0.6965188384056091,
              0.5832313299179077,
              1.6414482593536377,
              3.260071277618408,
              12.297942161560059,
              12.866239547729492,
              13.499135971069336,
              14.376107215881348,
              42.26139450073242,
              76.20850372314453,
              93.2242660522461,
              92.59721374511719,
              91.78813934326172,
              91.38095092773438,
              92.61825561523438,
              93.68721008300781,
              96.36177825927734,
              94.80951690673828,
              89.60655212402344,
              85.1648178100586,
              89.47147369384766,
              89.40568542480469,
              92.18380737304688,
              91.95399475097656,
              92.6683120727539,
              92.6586685180664,
              92.65107727050781,
              92.81365966796875,
              92.33607482910156,
              89.46993255615234,
              85.61023712158203,
              85.5898666381836,
              85.06979370117188,
              77.8819351196289,
              79.36677551269531,
              81.49957275390625,
              81.49064636230469,
              81.11052703857422,
              74.61906433105469,
              74.93351745605469,
              81.11582946777344,
              81.0978775024414,
              86.01136779785156,
              81.07801055908203,
              86.33372497558594,
              86.41041564941406,
              86.40221405029297,
              86.05607604980469,
              81.2085952758789,
              86.12460327148438,
              85.84610748291016,
              85.95137023925781,
              86.5478515625,
              87.8969955444336,
              86.32557678222656,
              73.92325592041016,
              73.9184341430664,
              86.58641815185547,
              81.41718292236328,
              73.74358367919922,
              67.08488464355469,
              80.09443664550781,
              79.87000274658203,
              85.70048522949219,
              80.47846984863281,
              85.2352294921875,
              81.03511810302734,
              81.04777526855469,
              85.55414581298828,
              77.56837463378906,
              73.4224853515625,
              65.63351440429688,
              65.646728515625,
              81.42085266113281,
              72.15778350830078,
              70.73860168457031,
              75.05493927001953,
              62.829750061035156,
              47.13273620605469,
              49.64518356323242,
              59.24599838256836,
              69.93814849853516,
              70.68302917480469,
              75.8897705078125,
              76.6003189086914,
              77.60514068603516,
              82.34203338623047,
              82.61215209960938,
              78.28016662597656,
              82.28227233886719,
              83.40225219726562,
              83.09626770019531,
              82.84899139404297,
              81.6111831665039,
              78.02051544189453,
              82.87970733642578,
              85.79904174804688,
              85.9886474609375,
              89.2364501953125,
              86.29307556152344,
              91.7404556274414,
              96.18479919433594,
              93.52503204345703,
              93.53318786621094,
              89.3802490234375,
              86.38294219970703,
              89.19066619873047,
              82.97842407226562,
              96.05049133300781,
              85.95411682128906,
              85.424560546875,
              88.29499816894531,
              86.26179504394531,
              85.99507141113281,
              89.40878295898438,
              83.34867858886719,
              78.37637329101562,
              86.02375030517578,
              86.09944915771484,
              88.7646255493164,
              86.28517150878906,
              77.88481140136719,
              76.39616394042969,
              76.00868225097656,
              79.44842529296875,
              70.47193908691406,
              60.585968017578125,
              48.498619079589844,
              48.17268753051758,
              48.162139892578125,
              68.14595794677734,
              67.56007385253906,
              67.66239166259766,
              67.98506164550781,
              73.73387145996094,
              73.78894805908203,
              82.17552947998047,
              77.70582580566406,
              68.09527587890625,
              69.72203826904297,
              72.06558990478516,
              66.02047729492188,
              66.2584457397461,
              77.12309265136719,
              93.58087158203125,
              93.89130401611328,
              82.23546600341797,
              88.39176177978516,
              88.58468627929688,
              88.65486145019531,
              76.1557846069336,
              86.59365844726562,
              86.27054595947266,
              86.04641723632812,
              74.12004852294922,
              64.32052612304688,
              62.63992691040039,
              30.6859073638916,
              2.8475332260131836,
              9.013711929321289,
              46.52030944824219,
              53.96964645385742,
              29.78067970275879,
              6.78503942489624,
              7.6236114501953125,
              5.359973907470703,
              2.2374327182769775,
              2.375127077102661,
              2.176204204559326,
              2.1089487075805664,
              2.0480220317840576,
              1.9263638257980347,
              1.8702235221862793,
              1.9069135189056396,
              2.0884342193603516,
              2.0409390926361084,
              2.0410025119781494,
              0.139670729637146,
              0.13934500515460968,
              0.16988354921340942,
              0.6470786333084106,
              0.2429613620042801,
              5.101085186004639,
              11.246393203735352,
              7.97406005859375,
              19.283246994018555,
              9.330485343933105,
              14.156302452087402,
              51.99874496459961,
              52.54286575317383,
              51.408958435058594,
              87.7271957397461,
              90.98308563232422,
              92.57935333251953,
              92.54263305664062,
              94.85042572021484,
              96.15160369873047,
              94.78965759277344,
              89.2011489868164,
              89.25926971435547,
              87.93988037109375,
              89.4570083618164,
              89.17095947265625,
              92.16468048095703,
              91.24931335449219,
              92.17940521240234,
              92.16578674316406,
              92.52857971191406,
              89.9207534790039,
              88.49635314941406,
              89.76039123535156,
              80.85357666015625,
              85.58834838867188,
              78.94293975830078,
              78.91204071044922,
              77.33058166503906,
              80.92893981933594,
              74.16436004638672,
              81.50426483154297,
              74.788330078125,
              74.76032257080078,
              74.8879623413086,
              74.87584686279297,
              81.0562744140625,
              80.61072540283203,
              80.59750366210938,
              81.0111083984375,
              86.37580871582031,
              86.0343017578125,
              84.54747772216797,
              84.44751739501953,
              89.74464416503906,
              84.0807113647461,
              90.39883422851562,
              90.0068359375,
              90.07617950439453,
              88.69221496582031,
              86.61692810058594,
              84.76866149902344,
              81.0033187866211,
              81.0012435913086,
              82.57020568847656,
              77.8072509765625,
              78.91326904296875,
              80.52342224121094,
              78.1207046508789,
              78.91552734375,
              79.5123291015625,
              77.87491607666016,
              65.64395141601562,
              62.3006706237793,
              53.38484191894531,
              62.929969787597656,
              75.80374908447266,
              78.20516204833984,
              81.0248794555664,
              75.77452087402344,
              70.07423400878906,
              70.07477569580078,
              69.13007354736328,
              63.96933364868164,
              64.82643127441406,
              70.87081909179688,
              77.3991470336914,
              77.71184539794922,
              82.58970642089844,
              82.86415100097656,
              81.98442077636719,
              77.6952896118164,
              88.74076080322266,
              85.29730224609375,
              85.18363189697266,
              85.53205871582031,
              77.8219223022461,
              77.63248443603516,
              82.26317596435547,
              82.283203125,
              78.09489440917969,
              78.1611099243164,
              82.19908905029297,
              86.35015106201172,
              86.51570892333984,
              94.8088607788086,
              91.63692474365234,
              86.56915283203125,
              91.9968032836914,
              91.99653625488281,
              89.4156494140625,
              97.58600616455078,
              96.11363983154297,
              88.91471862792969,
              88.83617401123047,
              93.34581756591797,
              96.03985595703125,
              94.78624725341797,
              91.39242553710938,
              91.43646240234375,
              82.73329162597656,
              82.67755126953125,
              73.8707046508789,
              68.37515258789062,
              67.29586029052734,
              66.70108032226562,
              71.88430786132812,
              75.60362243652344,
              65.47248840332031,
              55.414390563964844,
              55.70722961425781,
              34.50947570800781,
              41.967262268066406,
              48.411415100097656,
              55.507789611816406,
              55.687320709228516,
              62.0555419921875,
              73.29130554199219,
              73.7468490600586,
              70.50309753417969,
              69.88691711425781,
              68.15418243408203,
              69.00942993164062,
              72.69236755371094,
              77.17875671386719,
              77.48456573486328,
              81.72696685791016,
              90.66580200195312,
              86.6810531616211,
              78.8016357421875,
              78.94847106933594,
              83.06371307373047,
              65.48490905761719,
              82.92721557617188,
              81.67192840576172,
              81.28580474853516,
              86.26802825927734,
              74.23274993896484,
              54.481971740722656,
              62.93890380859375,
              61.79661178588867,
              46.47481918334961,
              47.50688934326172,
              54.857295989990234,
              30.0330753326416,
              31.12613868713379,
              4.547247886657715,
              1.6379075050354004,
              1.1465104818344116,
              0.1733054369688034,
              0.038919828832149506,
              0.031089436262845993,
              0.3573913872241974,
              2.414666175842285,
              2.156733989715576,
              2.026736259460449,
              1.93009614944458,
              2.091766595840454,
              0.46407371759414673,
              0.10163456946611404,
              0.10164400190114975,
              0.10582566261291504,
              0.10710994154214859,
              0.5728514790534973,
              0.2834602892398834,
              0.3097255825996399,
              0.9594041109085083,
              19.257917404174805,
              4.332616329193115,
              9.631566047668457,
              9.503640174865723,
              23.601404190063477,
              33.351863861083984,
              32.7524528503418,
              86.22110748291016,
              88.42149353027344,
              88.43649291992188,
              84.42501068115234,
              93.2964859008789,
              94.69512939453125,
              94.46186828613281,
              94.50485229492188,
              92.28060913085938,
              89.77733612060547,
              89.76618957519531,
              91.27295684814453,
              91.25686645507812,
              91.23729705810547,
              92.37745666503906,
              92.86955261230469,
              94.12024688720703,
              92.75113677978516,
              91.8368148803711,
              85.90067291259766,
              86.46527099609375,
              86.35388946533203,
              85.98788452148438,
              78.9217758178711,
              75.82637023925781,
              78.41585540771484,
              77.89319610595703,
              77.87800598144531,
              79.37522888183594,
              74.09156036376953,
              67.044189453125,
              81.06100463867188,
              80.93011474609375,
              86.31224822998047,
              80.89598083496094,
              74.5862045288086,
              81.04385375976562,
              81.03713989257812,
              77.6469955444336,
              73.00939178466797,
              82.37715148925781,
              84.20951080322266,
              84.6075439453125,
              82.09745025634766,
              87.94041442871094,
              90.0106201171875,
              87.1400146484375,
              87.3064193725586,
              82.52104949951172,
              82.27668762207031,
              79.64906311035156,
              79.59261322021484,
              81.34988403320312,
              81.0981674194336,
              72.82920837402344,
              75.4734878540039,
              72.27023315429688,
              65.83010864257812,
              65.61297607421875,
              65.00666809082031,
              62.379329681396484,
              66.91004943847656,
              81.81715393066406,
              74.84884643554688,
              80.81671142578125,
              81.32763671875,
              75.96688079833984,
              71.3915786743164,
              76.71887969970703,
              76.75328826904297,
              72.05379486083984,
              81.53816223144531,
              81.76463317871094,
              81.92740631103516,
              80.74128723144531,
              80.4613265991211,
              85.2336196899414,
              85.25265502929688,
              85.35132598876953,
              85.970703125,
              85.17975616455078,
              81.75926208496094,
              71.71016693115234,
              71.9375228881836,
              77.77761840820312,
              82.1695556640625,
              85.81450653076172,
              85.9355239868164,
              85.82913208007812,
              83.22505950927734,
              79.17173767089844,
              89.37351989746094,
              89.41639709472656,
              93.81192016601562,
              93.81251525878906,
              93.56465148925781,
              89.35159301757812,
              89.3372802734375,
              93.5535888671875,
              93.51519012451172,
              91.64192199707031,
              91.5040283203125,
              93.19337463378906,
              88.86995697021484,
              88.7910385131836,
              82.07085418701172,
              82.46977996826172,
              81.90728759765625,
              81.50318908691406,
              81.86356353759766,
              78.00263977050781,
              68.94550323486328,
              72.98858642578125,
              76.96868896484375,
              76.60308837890625,
              67.12932586669922,
              48.4493293762207,
              34.42899703979492,
              23.491943359375,
              34.9570426940918,
              48.7926025390625,
              55.5203857421875,
              61.62453842163086,
              72.94696044921875,
              71.31498718261719,
              65.725830078125,
              55.350929260253906,
              59.347469329833984,
              78.47317504882812,
              72.21598052978516,
              72.80086517333984,
              72.3481674194336,
              94.15818786621094,
              80.7669906616211,
              81.82681274414062,
              82.62774658203125,
              87.40028381347656,
              7.885265949880704e-05,
              65.59163665771484,
              65.86515045166016,
              65.41146087646484,
              71.71144104003906,
              62.18749237060547,
              41.225555419921875,
              39.43951416015625,
              44.066280364990234,
              53.81155014038086,
              48.54303741455078,
              38.32268524169922,
              39.45158004760742,
              31.03861427307129,
              4.523412227630615,
              0.9650014638900757,
              0.6966145038604736,
              0.1632872372865677,
              0.18537543714046478,
              0.044858627021312714,
              0.03713314235210419,
              0.04399390146136284,
              0.18457044661045074,
              0.028144139796495438,
              0.2526779770851135,
              0.2394873946905136,
              0.44457176327705383,
              0.30689385533332825,
              0.03619188442826271,
              0.14897513389587402,
              0.1654924601316452,
              0.12030830979347229,
              0.06514548510313034,
              0.08667439967393875,
              0.9182118773460388,
              8.079031944274902,
              12.871149063110352,
              4.424426078796387,
              4.646055221557617,
              6.311840534210205,
              9.756317138671875,
              2.0701115131378174,
              7.609044075012207,
              7.711991786956787,
              70.28075408935547,
              88.40862274169922,
              84.56214904785156,
              78.8770523071289,
              79.11954498291016,
              88.74728393554688,
              92.89771270751953,
              91.06538391113281,
              89.5186996459961,
              89.50149536132812,
              92.63353729248047,
              89.45664978027344,
              89.42743682861328,
              91.25052642822266,
              91.22489929199219,
              95.04926300048828,
              94.59749603271484,
              92.7988510131836,
              89.95479583740234,
              89.9240493774414,
              89.58735656738281,
              85.70620727539062,
              80.45340728759766,
              77.83035278320312,
              77.80529022216797,
              79.4233169555664,
              77.74163055419922,
              77.84212493896484,
              83.67057800292969,
              81.54850769042969,
              81.52820587158203,
              83.2063980102539,
              84.47452545166016,
              80.28486633300781,
              80.86582946777344,
              80.9584732055664,
              85.81449127197266,
              72.13494873046875,
              74.9908447265625,
              80.46208953857422,
              80.1449203491211,
              83.90081787109375,
              82.76649475097656,
              85.63763427734375,
              85.73721313476562,
              85.85062408447266,
              86.65271759033203,
              82.50823974609375,
              79.73173522949219,
              69.64063262939453,
              69.74571990966797,
              66.5995101928711,
              56.59195327758789,
              56.82416534423828,
              61.9835319519043,
              62.48200607299805,
              66.62066650390625,
              61.998661041259766,
              61.80357360839844,
              70.23523712158203,
              70.05472564697266,
              76.3814926147461,
              78.66385650634766,
              76.13443756103516,
              80.7921371459961,
              81.1362533569336,
              67.2482681274414,
              65.57547760009766,
              65.5752182006836,
              74.90869140625,
              84.810791015625,
              77.76969909667969,
              82.82210540771484,
              75.91261291503906,
              80.91300964355469,
              81.33905792236328,
              82.88855743408203,
              79.93124389648438,
              80.62849426269531,
              77.42327117919922,
              79.24993133544922,
              79.10612487792969,
              73.21176147460938,
              77.65682220458984,
              82.00462341308594,
              85.72398376464844,
              85.83293914794922,
              91.14418029785156,
              85.97947692871094,
              86.07588195800781,
              89.31934356689453,
              89.35702514648438,
              86.6177978515625,
              91.73265075683594,
              86.68407440185547,
              86.67549133300781,
              86.66168212890625,
              89.33795928955078,
              89.86334228515625,
              89.66439056396484,
              82.5340576171875,
              82.30387115478516,
              85.02814483642578,
              82.28192901611328,
              83.38359832763672,
              82.0010757446289,
              80.40559387207031,
              79.72830963134766,
              81.161376953125,
              72.05345153808594,
              67.65158081054688,
              73.62863159179688,
              73.63595581054688,
              60.955108642578125,
              47.33778381347656,
              34.67411804199219,
              22.778932571411133,
              22.613964080810547,
              41.6308479309082,
              34.05351257324219,
              48.07210922241211,
              67.31412506103516,
              59.711402893066406,
              62.19233322143555,
              56.363189697265625,
              57.82986831665039,
              62.17216873168945,
              75.77938842773438,
              73.42401123046875,
              72.27642059326172,
              82.21479034423828,
              90.84297943115234
            ]
          },
          "aoi": {
            "bounds": [
              [
                43.919731366485316,
                -121.81546191920455
              ],
              [
                45.09473136643832,
                -120.29879525259855
              ]
            ]
          },
          "statistics": {
            "min": 6.841764275122841e-07,
            "max": 99.62139892578125,
            "mean": 79.76099057923695,
            "std": 27.39750438445229,
            "count": 25297,
            "median": 91.18698120117188,
            "percentiles": {
              "p10": 32.006587982177734,
              "p25": 76.26873016357422,
              "p50": 91.18698120117188,
              "p75": 97.98892211914062,
              "p90": 99.38500213623047
            }
          },
          "histogram": {
            "bins": [
              {
                "range": "10",
                "count": 1539,
                "percentage": 6.083725342926039
              },
              {
                "range": "20",
                "count": 409,
                "percentage": 1.6167925050401235
              },
              {
                "range": "30",
                "count": 469,
                "percentage": 1.8539747796181367
              },
              {
                "range": "40",
                "count": 497,
                "percentage": 1.964659841087876
              },
              {
                "range": "50",
                "count": 523,
                "percentage": 2.0674388267383486
              },
              {
                "range": "60",
                "count": 684,
                "percentage": 2.7038779301893507
              },
              {
                "range": "70",
                "count": 1054,
                "percentage": 4.166501956753765
              },
              {
                "range": "80",
                "count": 2189,
                "percentage": 8.653199984187848
              },
              {
                "range": "90",
                "count": 4512,
                "percentage": 17.83610704826659
              },
              {
                "range": "100",
                "count": 13421,
                "percentage": 53.05372178519192
              }
            ]
          }
        }
      }
    }
  ]
}